student_id,student_name,gender,age,department,semester,city,family_income_group,attendance_percentage,login_count,hours_studied_online,videos_watched,assignments_submitted,quiz_attempts,discussion_posts,ai_tool_usage_count,subject,internal_marks,practical_marks,final_exam_marks,total_marks,grade,cgpa,technical_skill_score,aptitude_score,communication_score,interview_score,internship_completed,placement_status,package_lpa,performance_label
100001,Student_100001,Other,25,ECE,6,Pune,Upper Middle,71.17,43,69.54,27,8,11,6,6,Deep Learning,32.43,19.15,78.16,76.17,A,7.28,76.28,81.52,81.62,85.51,No,Not Placed,0,Good
100002,Student_100002,Male,24,Cyber Security,8,Nashik,High,83.19,37,75.73,22,8,15,7,9,Deep Learning,34.5,20.84,63.78,71.65,A,6.99,89.0,51.51,76.06,,No,Placed,9.1,Good
100003,Student_100003,Other,22,Cyber Security,7,Thane,Middle,46.45,20,0,9,7,2,0,2,Statistics,2.29,0.56,33.05,18.62,C,2.27,4.28,7.84,36.18,0,No,Not Placed,0,Poor
100004,Student_100004,Other,18,Data Science,6,Nashik,Low,57.37,28,0,,7,9,2,1,NLP,1.1,0.77,21.53,12.11,C,1.38,0,0.64,42.6,14.87,No,Not Placed,0,Poor
100005,Student_100005,Male,19,Cyber Security,1,Satara,High,50.52,27,49.6,10,5,7,1,5,Deep Learning,30.13,22.75,50.03,62.78,B,6.42,52.9,55.97,16.57,27.31,No,Not Placed,45,Average
100006,Student_100006,Other,22,Cyber Security,7,,Lower Middle,70.98,26,59.75,19,4,6,3,6,Statistics,32.72,15.08,59.32,64.25,B,6.64,60.32,80.67,59.43,79.45,No,Not Placed,0,Average
100007,Student_100007,Female,21,ECE,2,Nagpur,Upper Middle,81.01,58,59.34,27,12,13,10,12,Apache Spark,15.5,10.57,58.34,47.84,C,4.63,19.72,28.51,83.96,57.86,Yes,Not Placed,0,Poor
100008,Student_100008,Male,24,Data Science,3,Kolhapur,Lower Middle,79.32,24,53.12,15,9,12,7,8,Deep Learning,33.4,20.38,78.16,77.72,A,7.15,78.2,84.56,77.79,60.99,Yes,Placed,7.55,Good
100009,Student_100009,Female,21,AIML,5,Nagpur,High,78.56,40,47.32,19,6,10,4,7,Big Data,37.94,29.55,94.08,95.2,A+,9.67,81.94,92.73,66.54,53.86,Yes,Placed,12.31,Excellent
100010,Student_100010,Male,18,IT,5,Nashik,Low,77.44,29,38.95,18,11,11,6,6,Apache Spark,17.85,22.86,75.13,66.19,B,6.42,57.2,60.4,43.88,46.81,Yes,Not Placed,0,Average
100011,Student_100011,Female,22,Data Science,1,Thane,Upper Middle,73.02,26,58.43,19,9,8,3,4,Apache Spark,,21.09,71.18,74.14,A,7.69,84.92,56.38,46.61,34.03,No,Not Placed,0,Good
100012,Student_100012,Female,18,IT,3,Kolhapur,Upper Middle,70.02,28,0,13,8,7,2,5,NLP,7.34,20.98,41.16,40.07,C,4.07,17.57,35.27,49.01,0,No,Not Placed,0,Poor
100013,Student_100013,Other,22,Data Science,6,Mumbai,Low,63.7,13,41.42,11,3,5,4,0,Big Data,22.48,19.04,47.42,53.26,C,5.26,55.97,53.99,33.93,34.87,No,Not Placed,0,Poor
100014,Student_100014,Other,22,CSE,3,Thane,Upper Middle,56.84,0,0,10,1,0,2,0,Machine Learning,17.84,17.8,42.37,46.43,C,4.71,52.88,45.9,12.25,4.85,No,Not Placed,0,Poor
100015,Student_100015,Other,20,Cyber Security,2,Mumbai,Lower Middle,84.07,33,49.04,21,9,12,3,6,Big Data,31.13,22.94,83.47,80.38,A,7.86,81.07,51.04,54.11,67.08,No,Not Placed,0,Good
100016,Student_100016,Other,20,ECE,1,Pune,Middle,68.21,24,19.75,17,9,7,4,5,Statistics,31.64,27.79,65.21,74.87,A,7.69,52.15,74.04,40.92,55.74,Yes,Not Placed,0,Good
100017,Student_100017,Other,21,Data Science,8,Nagpur,Middle,71.55,25,50.66,13,9,11,2,6,Apache Spark,28.72,24.52,66.93,71.36,A,7.24,66.38,55.36,55.26,68.73,Yes,Placed,8.49,Good
100018,Student_100018,Other,24,CSE,3,Nashik,High,88.99,58,67.3,31,11,13,9,10,Big Data,40,24.84,73.95,83.53,A,8.29,85.61,40.07,82.09,97.85,No,Placed,6.85,Good
100019,Student_100019,Female,21,IT,6,Thane,Middle,,44,45.78,20,8,11,4,8,Apache Spark,21.0,13.56,42.32,45.95,C,4.44,32.44,48.78,53.61,54.11,No,Not Placed,0,Poor
100020,Student_100020,Female,23,AIML,4,Nagpur,Low,75.83,29,47.94,17,10,7,6,2,Apache Spark,33.23,24.17,76.45,79.26,A,7.95,77.12,72.07,47.11,72.05,Yes,Placed,8.03,Good
100021,Student_100021,Female,22,IT,6,Satara,Middle,80.19,42,57.98,15,6,10,2,4,Apache Spark,40,30,100,100.0,A+,10,87.73,86.64,62.72,73.77,Yes,Placed,6.5,Excellent
100022,Student_100022,Other,19,Cyber Security,6,Nashik,Middle,82.88,34,62.68,22,10,9,5,7,Big Data,28.04,20.78,39.94,54.85,C,5.43,31.25,25.47,63.37,69.67,No,Not Placed,0,Poor
100023,Student_100023,Other,23,Data Science,7,Nagpur,High,98,64,94.04,49,12,16,9,15,Big Data,39.28,29.97,88.66,93.77,A+,9.42,81.75,70.12,66.5,92.85,Yes,Placed,8.37,Excellent
100024,Student_100024,Male,20,IT,8,Nagpur,Low,92.1,57,70.68,30,11,12,5,8,Deep Learning,40,30,71.86,85.93,A+,8.68,100,71.35,,77.5,Yes,Placed,3.59,Excellent
100025,Student_100025,Male,21,CSE,8,Pune,Middle,69.36,49,53.89,30,10,12,7,9,Machine Learning,15.38,14.56,59.66,51.07,C,4.93,46.11,32.49,74.28,70.24,No,Not Placed,0,Poor
100026,Student_100026,Male,24,CSE,7,Mumbai,High,77.29,41,66.3,29,11,13,2,7,Machine Learning,29.69,26.67,70.76,75.42,A,7.68,86.34,48.46,82.53,65.48,No,Not Placed,0,Good
100027,Student_100027,Other,19,IT,8,Kolhapur,High,,31,57.98,14,8,5,1,3,Statistics,34.57,20.8,85.94,82.77,A,8.22,66.34,64.54,60.27,53.89,No,Not Placed,0,Good
100028,Student_100028,Male,18,ECE,2,Satara,High,86.25,55,79.46,37,12,14,8,12,Statistics,26.41,30,78.1,78.85,A,7.75,76.17,61.05,78.29,70.69,Yes,Placed,12.47,Good
100029,Student_100029,Female,18,Cyber Security,8,Satara,Lower Middle,75.39,22,45.41,17,9,7,1,6,Deep Learning,40,26.2,74.48,84.7,A,8.49,74.28,91.45,35.51,65.56,Yes,Placed,13.4,Good
100030,Student_100030,Male,21,CSE,1,Kolhapur,Lower Middle,67.17,14,38.61,20,7,3,2,5,Statistics,26.12,18.86,61.06,62.7,B,6.39,59.6,56.64,49.26,55.59,No,Not Placed,0,Average
100031,Student_100031,Other,25,AIML,5,Mumbai,Lower Middle,78.25,41,40.22,18,9,11,2,9,Big Data,16.48,24.91,68.05,62.99,B,6.23,61.95,38.58,88.68,54.4,Yes,Not Placed,0,Average
100032,Student_100032,Other,19,IT,3,Pune,Lower Middle,79.08,32,29.67,21,12,11,3,5,Machine Learning,17.19,18.51,73.48,61.98,B,6.02,45.48,40.45,60.97,58.45,No,Not Placed,0,Average
100033,Student_100033,Female,19,ECE,8,Thane,Upper Middle,69.5,46,35.1,21,7,13,7,9,Big Data,24.22,10.13,54.56,52.2,C,4.97,33.22,21.26,48.51,50.69,No,Not Placed,0,Poor
100034,Student_100034,Other,19,CSE,8,Satara,Lower Middle,66.19,23,12.3,12,5,6,3,2,Statistics,29.53,16.11,46.33,56.05,B,5.5,61.58,63.37,41.88,39.38,No,Not Placed,0,Average
100035,Student_100035,Female,22,IT,7,Nashik,Middle,,30,38.7,16,7,8,0,2,Deep Learning,25.74,28.07,68.41,72.22,A,7.27,72.17,78.13,57.89,36.5,No,Placed,7.88,Good
100036,Student_100036,Other,24,ECE,5,Kolhapur,Upper Middle,85.67,54,88.62,24,12,14,6,8,Machine Learning,21.71,21.36,57.84,59.44,B,6.1,62.0,39.36,65.28,28.45,Yes,Not Placed,0,Average
100037,Student_100037,Other,22,ECE,6,Satara,Middle,87.07,47,70.21,26,12,19,5,8,NLP,19.72,16.24,67.77,59.51,B,5.67,37.23,35.51,76.3,77.81,Yes,Placed,13.42,Average
100038,Student_100038,Female,18,Cyber Security,2,Mumbai,Low,80.17,37,62.75,22,12,14,9,8,Machine Learning,25.35,16.77,48.05,54.21,C,5.48,48.49,0,95.35,51.19,No,Not Placed,0,Poor
100039,Student_100039,Male,23,CSE,3,Nashik,Upper Middle,60.95,36,43.92,23,8,11,7,5,Apache Spark,16.49,12.3,40.81,40.97,C,4.28,43.46,31.73,64.97,15.36,No,Not Placed,0,Poor
100040,Student_100040,Male,23,CSE,1,Satara,Lower Middle,48.8,3,0.7,6,3,2,0,0,Statistics,20.74,16.21,56.1,54.41,C,5.59,50.31,54.11,15.67,21.18,No,Not Placed,0,Poor
100041,Student_100041,Female,25,Data Science,7,Thane,Middle,82.55,56,64.27,41,12,17,10,13,Machine Learning,25.1,24.38,54.88,62.52,B,6.03,55.58,65.11,59.88,55.25,No,Not Placed,0,Average
100042,Student_100042,Other,24,ECE,2,Kolhapur,Upper Middle,71.44,45,76.47,20,9,13,6,8,Big Data,34.54,21.64,71.9,76.28,A,7.54,53.95,78.89,64.91,58.98,No,Not Placed,0,Good
100043,Student_100043,Male,21,AIML,2,Pune,Lower Middle,85.24,46,48.71,19,10,12,5,9,Apache Spark,32.31,20.45,50.58,63.16,B,6.24,68.45,52.34,,57.87,No,Placed,5.83,Average
100044,Student_100044,Male,25,Cyber Security,1,Satara,Middle,82.86,59,63.06,33,12,16,8,15,NLP,26.44,28.92,80.97,79.59,A,8.33,36.56,47.45,90.05,54.49,No,Not Placed,0,Good
100045,Student_100045,Female,21,Data Science,8,Nagpur,High,50.44,34,8.42,17,4,4,4,6,Machine Learning,15.81,11.11,19.99,29.26,C,2.72,5.77,31.5,49.17,8.04,Yes,Not Placed,0,Poor
100046,Student_100046,Male,21,IT,6,Satara,Lower Middle,85.59,42,63.1,28,11,10,10,9,Machine Learning,15.11,11.63,43.22,40.69,C,3.91,27.19,25.35,76.85,12.8,Yes,Not Placed,0,Poor
100047,Student_100047,Male,22,CSE,5,Nashik,Upper Middle,59.61,36,12.63,17,7,4,0,5,Big Data,7.72,8.7,34.56,28.86,C,3.57,0,22.75,33.31,50.18,Yes,Not Placed,0,Poor
100048,Student_100048,Male,23,AIML,5,Nashik,High,72.85,28,15.66,15,8,12,7,6,NLP,15.58,20.02,52.19,51.12,C,5.25,36.97,39.72,66.05,42.84,No,Not Placed,0,Poor
100049,Student_100049,Male,24,IT,1,Thane,High,78.31,35,10.97,15,6,6,6,6,Apache Spark,16.94,10.7,53.1,46.39,C,4.52,11.16,28.6,31.0,22.66,No,Not Placed,0,Poor
100050,Student_100050,Other,20,CSE,5,Pune,Middle,70.34,57,55.94,32,7,12,7,8,NLP,,18.06,45.18,49.33,C,4.88,26.49,27.39,49.48,27.8,No,Not Placed,0,Poor
100051,Student_100051,Male,19,IT,3,Pune,Lower Middle,68.29,29,44.55,5,4,4,0,1,Deep Learning,16.83,20.9,68.85,60.98,B,6.07,70.49,47.44,44.48,30.18,No,Not Placed,0,Average
100052,Student_100052,Other,22,AIML,1,Nagpur,Lower Middle,62.89,37,5.02,,3,6,0,2,Machine Learning,23.08,5.38,41.83,41.81,C,4.41,29.36,20.04,40.06,18.91,No,Not Placed,0,Poor
100053,Student_100053,Male,23,IT,1,Thane,High,64.44,8,18.32,5,4,5,3,0,Apache Spark,21.96,30,60.34,66.64,B,5.86,68.57,71.04,29.34,50.98,Yes,Not Placed,0,Average
100054,Student_100054,Other,25,IT,2,Nashik,Upper Middle,79.65,67,,35,12,17,8,14,Apache Spark,29.74,30,79.89,82.25,A,7.98,61.9,56.06,79.43,63.27,No,Placed,6.43,Good
100055,Student_100055,Other,21,AIML,2,Pune,Upper Middle,79.31,44,64.01,26,10,12,4,11,NLP,25.9,20.13,65.85,65.78,B,6.72,50.63,50.0,58.36,55.89,Yes,Not Placed,0,Average
100056,Student_100056,Female,19,Cyber Security,7,Mumbai,Middle,58.98,32,7.62,16,7,7,5,4,Statistics,14.6,15.33,50.47,46.41,C,4.7,42.85,52.48,,15.45,No,Not Placed,0,Poor
100057,Student_100057,Female,25,CSE,5,Nagpur,Low,90.39,39,95.63,21,12,12,4,9,Machine Learning,33.44,30,87.79,88.97,A+,8.98,94.69,60.53,78.53,80.88,Yes,Placed,13.86,Excellent
100058,Student_100058,Other,20,ECE,5,Pune,Lower Middle,53.05,0,0,2,3,3,0,0,Apache Spark,13.44,6.13,29.43,28.88,C,3.25,19.41,8.53,0,26.69,No,Not Placed,0,Poor
100059,Student_100059,Male,21,CSE,3,Kolhapur,Lower Middle,79.89,49,73.49,22,8,9,5,7,NLP,40,28.35,88.91,93.36,A+,9.84,53.92,49.86,66.51,60.44,Yes,Placed,3.6,Excellent
100060,Student_100060,Male,18,CSE,3,Pune,High,80.94,67,57.52,16,10,14,1,8,NLP,38.8,27.39,86.23,90.47,A+,9.2,79.04,78.73,68.22,67.53,No,Placed,3.67,Excellent
100061,Student_100061,Other,25,AIML,2,Pune,Middle,68.77,21,26.88,18,7,3,2,3,Machine Learning,23.23,25.43,49.72,59.24,B,5.99,37.56,25.74,21.24,46.0,Yes,Not Placed,0,Average
100062,Student_100062,Male,18,Data Science,2,Mumbai,Middle,65.46,25,5.01,19,5,8,3,5,Statistics,7.4,7.09,26.9,23.73,C,2.49,18.09,21.09,47.87,13.56,No,Not Placed,0,Poor
100063,Student_100063,Other,24,CSE,8,Satara,High,73.88,36,30.56,19,9,9,5,0,NLP,13.54,19.31,55.36,50.71,C,4.86,44.61,47.18,48.15,28.77,No,Not Placed,0,Poor
100064,Student_100064,,22,ECE,8,Nashik,Upper Middle,87.15,42,79.43,30,12,14,6,11,Apache Spark,27.88,17.24,66.15,65.48,B,6.84,45.77,55.71,91.35,73.07,No,Not Placed,0,Average
100065,Student_100065,Female,25,AIML,1,Nagpur,High,85.65,40,54.9,21,8,10,2,5,NLP,30.26,29.71,92.39,88.7,A+,8.95,82.22,68.76,27.08,71.15,Yes,Placed,7.28,Excellent
100066,Student_100066,Male,24,ECE,5,Nagpur,Low,78.24,25,45.25,20,6,11,3,5,NLP,25.74,16.49,51.73,56.17,B,6.18,30.96,23.51,51.58,19.51,No,Not Placed,0,Average
100067,Student_100067,Male,20,Cyber Security,3,Pune,Low,92.52,44,71.96,31,9,13,4,11,NLP,33.73,30,76.45,83.52,A,8.06,76.65,63.82,56.01,65.12,Yes,Not Placed,0,Good
100068,Student_100068,Female,22,CSE,3,Thane,Lower Middle,96.42,48,78.43,38,12,13,13,11,Apache Spark,30.61,15.94,90.41,78.78,A,8.16,82.68,56.78,100,70.93,Yes,Placed,13.28,Good
100069,Student_100069,Male,21,CSE,2,Pune,Upper Middle,70.11,35,43.66,23,11,9,4,5,Big Data,9.82,17.55,58.14,48.14,C,4.78,43.13,44.36,63.99,50.98,No,Not Placed,0,Poor
100070,Student_100070,Male,20,AIML,8,Kolhapur,Lower Middle,68.31,26,22.15,13,5,8,5,4,Deep Learning,26.2,16.76,42.74,52.2,C,5.18,47.13,55.89,39.65,36.29,No,Not Placed,0,Poor
100071,Student_100071,Female,22,Data Science,1,Mumbai,Upper Middle,82.69,52,51.21,26,10,15,7,7,Big Data,27.63,17.63,79.5,72.22,A,7.23,60.48,49.03,78.44,50.58,Yes,Placed,7.73,Good
100072,Student_100072,Other,24,AIML,1,Mumbai,Low,71.0,28,44.91,,7,9,7,4,Apache Spark,27.68,21.32,62.63,66.29,B,6.59,53.56,39.73,53.43,61.79,No,Not Placed,0,Average
100073,Student_100073,Male,19,Cyber Security,1,Kolhapur,High,72.25,11,62.65,15,8,9,2,6,Statistics,36.17,25.16,79.62,83.71,A,8.27,98.49,86.9,,84.41,Yes,Placed,9.71,Good
100074,Student_100074,Female,22,Cyber Security,1,Thane,Upper Middle,71.29,55,54.33,30,12,12,4,6,Deep Learning,11.21,16.81,50.53,44.88,C,4.65,22.4,21.41,80.69,48.11,No,Not Placed,0,Poor
100075,Student_100075,Female,24,ECE,2,Thane,Middle,63.52,0,28.39,5,4,10,0,3,Big Data,30.49,18.99,68.68,69.86,B,7.05,65.42,75.67,18.81,67.0,Yes,Placed,6.15,Average
100076,Student_100076,Male,24,AIML,4,Thane,Middle,88.12,65,47.93,29,11,13,9,7,Apache Spark,34.94,24.39,61.18,73.05,A,7.04,73.13,44.85,67.33,70.62,No,Not Placed,0,Good
100077,Student_100077,Other,22,ECE,7,Nashik,Middle,60.81,38,38.37,14,7,4,4,0,Apache Spark,24.33,9.23,66.12,57.47,B,5.8,44.08,68.97,29.68,58.35,Yes,Not Placed,0,Average
100078,Student_100078,Female,22,Cyber Security,7,Satara,,98,60,61.67,34,10,19,12,11,NLP,27.22,24.13,75.8,74.4,A,7.14,48.22,52.21,63.07,76.94,Yes,Placed,8.69,Good
100079,Student_100079,Female,21,AIML,7,Pune,Middle,59.45,36,11.41,16,4,12,2,7,Deep Learning,15.63,5.11,24.71,27.48,C,2.42,9.9,2.89,44.88,17.77,No,Not Placed,0,Poor
100080,Student_100080,Female,25,Cyber Security,6,Thane,Middle,66.01,21,47.54,14,8,8,2,5,Deep Learning,19.85,9.01,56.95,49.37,C,4.81,37.76,41.91,51.34,32.71,No,Not Placed,0,Poor
100081,Student_100081,Male,25,ECE,8,Pune,Upper Middle,82.77,35,55.86,20,7,9,6,7,NLP,16.95,25.89,73.97,66.96,B,6.55,67.19,23.55,56.4,69.6,No,Not Placed,0,Average
100082,Student_100082,Male,22,CSE,1,Nagpur,Upper Middle,70.95,40,59.87,,9,12,6,8,Deep Learning,25.89,30,70.86,74.85,A,7.9,56.14,55.14,61.34,69.9,Yes,Placed,5.77,Good
100083,Student_100083,Female,24,IT,3,Satara,Upper Middle,98,58,96.53,38,12,18,11,15,Apache Spark,40,29.86,80.76,90.29,A+,9.01,84.93,43.79,84.41,81.68,No,Placed,11.6,Excellent
100084,Student_100084,Other,18,CSE,8,Satara,Low,69.8,28,420,8,6,5,1,2,Apache Spark,7.55,15.6,35.65,33.89,C,3.03,41.85,50.4,34.54,24.84,No,Not Placed,0,Poor
100085,Student_100085,Male,21,Data Science,4,Mumbai,Lower Middle,80.12,39,37.21,25,10,14,7,7,Machine Learning,35.42,21.41,50.48,66.08,B,6.41,42.6,50.96,87.32,23.77,No,Not Placed,0,Average
100086,Student_100086,Male,23,Data Science,4,Satara,Middle,75.4,36,35.88,16,7,8,1,4,Deep Learning,19.69,21.81,46.68,52.65,C,5.53,54.16,60.22,42.52,49.73,No,Not Placed,0,Poor
100087,Student_100087,Female,21,AIML,4,Nashik,Middle,69.55,35,39.79,35,10,11,4,6,Machine Learning,29.39,15.8,73.47,69.31,B,6.83,37.81,51.57,69.65,66.49,No,Not Placed,0,Average
100088,Student_100088,Female,25,Data Science,4,Nashik,Low,70.16,20,29.91,25,9,12,6,5,Big Data,14.0,14.1,33.43,36.62,C,3.55,37.15,36.61,75.47,40.58,No,Not Placed,0,Poor
100089,Student_100089,Other,20,CSE,6,Mumbai,Middle,77.31,44,75.38,27,10,15,7,8,Machine Learning,17.81,24.73,64.03,61.86,B,6.34,75.92,58.86,85.92,72.56,No,Placed,3.98,Average
100090,Student_100090,Male,18,IT,8,Mumbai,High,71.14,13,29.62,14,4,8,0,5,Apache Spark,24.87,20.94,57.74,61.48,B,6.53,47.93,42.01,37.4,46.59,Yes,Not Placed,0,Average
100091,Student_100091,Female,18,CSE,5,Pune,Lower Middle,96.87,45,52.29,25,6,9,7,7,NLP,31.29,29.21,,75.31,A,7.62,60.12,63.85,46.91,40.26,No,Not Placed,0,Good
100092,Student_100092,Female,24,ECE,4,Mumbai,Middle,66.41,31,36.64,13,8,11,3,5,Deep Learning,21.74,19.03,69.74,63.86,B,6.23,58.43,46.55,41.74,52.18,No,Not Placed,0,Average
100093,Student_100093,Female,21,ECE,2,Nashik,Lower Middle,76.81,20,36.04,21,5,9,4,6,NLP,21.37,11.92,48.0,47.98,C,4.69,51.05,57.11,50.6,42.61,No,Not Placed,0,Poor
100094,Student_100094,Male,24,IT,3,Nashik,High,,37,6.59,11,5,5,0,2,NLP,17.65,11.55,60.9,51.38,C,5.32,55.72,79.66,49.48,51.22,Yes,Not Placed,0,Poor
100095,Student_100095,Other,25,Data Science,7,Pune,Lower Middle,80.48,33,47.73,24,7,8,6,8,Deep Learning,16.98,14.96,43.87,44.64,C,4.45,51.65,29.83,41.23,25.94,No,Not Placed,0,Poor
100096,Student_100096,Female,22,AIML,3,Kolhapur,Lower Middle,71.23,34,41.99,20,7,12,0,9,Apache Spark,23.26,21.32,69.02,66.16,B,6.15,31.58,55.21,51.97,20.39,No,Not Placed,0,Average
100097,Student_100097,Other,19,IT,3,Thane,Lower Middle,79.98,56,52.56,26,8,7,4,8,NLP,34.51,21.52,73.97,77.22,A,7.78,76.16,78.2,58.37,89.52,No,Not Placed,0,Good
100098,Student_100098,Male,23,AIML,5,Pune,Middle,73.5,26,11.87,24,8,7,4,5,Apache Spark,20.83,13.68,43.77,46.63,C,4.48,24.05,56.03,37.97,32.1,No,Not Placed,0,Poor
100099,Student_100099,Male,18,CSE,6,Satara,Lower Middle,71.14,31,26.78,18,5,10,1,6,Deep Learning,9.92,10.27,31.5,30.04,C,3.38,48.01,49.17,42.28,35.34,No,Not Placed,0,Poor
100100,Student_100100,Male,20,AIML,4,Mumbai,Upper Middle,68.9,30,29.08,19,5,11,0,4,Deep Learning,9.03,14.31,58.43,45.53,C,4.25,41.3,50.48,48.39,34.0,No,Not Placed,0,Poor
100101,Student_100101,Male,22,Data Science,4,Pune,Upper Middle,78.63,32,62.79,16,5,11,7,5,NLP,38.5,17.7,82.94,82.15,A,8.55,64.17,87.63,61.79,93.57,No,Not Placed,0,Good
100102,Student_100102,Female,18,AIML,5,Nashik,,98,72,89.42,41,12,16,13,17,NLP,40,21.91,66.33,77.77,A,8.08,78.06,71.81,73.1,77.64,Yes,Placed,12.09,Good
100103,Student_100103,Male,24,ECE,4,Pune,High,88.57,57,72.2,29,11,14,6,17,Machine Learning,31.9,30,90.3,89.07,A+,8.83,100,97.37,76.77,51.35,Yes,Placed,4.5,Excellent
100104,Student_100104,Other,23,IT,7,Mumbai,High,97.67,62,73.44,23,9,14,14,13,Big Data,23.16,21.18,56.74,59.86,B,5.71,55.54,63.6,96.56,36.75,No,Not Placed,0,Average
100105,Student_100105,Male,19,IT,5,Kolhapur,Middle,73.37,61,74.34,,10,12,2,8,Deep Learning,35.81,29.51,100,96.53,A+,9.74,,71.82,72.63,91.05,Yes,Placed,5.03,Excellent
100106,Student_100106,Male,18,IT,1,Mumbai,Middle,84.41,50,57.64,28,12,17,11,11,NLP,28.03,30,63.52,72.78,A,7.45,64.6,61.64,77.37,50.26,No,Not Placed,0,Good
100107,Student_100107,Male,22,IT,5,Pune,Low,75.17,41,19.66,16,9,7,0,1,Machine Learning,22.52,13.88,45.33,48.81,C,5.4,43.37,38.31,57.7,8.02,No,Not Placed,0,Poor
100108,Student_100108,Male,25,AIML,1,Thane,,69.07,38,48.85,13,7,11,4,5,Deep Learning,30.5,28.17,62.67,72.99,A,7.41,62.58,69.33,63.64,23.68,No,Not Placed,0,Good
100109,Student_100109,Male,18,AIML,3,Nashik,Middle,69.02,35,0,23,9,12,6,9,Big Data,15.43,3.66,32.39,30.21,C,3.52,28.29,26.01,47.25,18.29,No,Not Placed,0,Poor
100110,Student_100110,Female,23,ECE,2,Nashik,High,70.14,25,45.3,18,8,8,5,6,Deep Learning,25.56,23.63,53.67,61.76,B,6.4,55.61,45.58,65.46,34.59,No,Not Placed,0,Average
100111,Student_100111,Other,25,Data Science,1,Nashik,Upper Middle,77.06,32,10.35,26,9,10,1,8,NLP,28.25,21.04,81.09,75.76,A,7.74,55.91,51.32,63.79,67.7,Yes,Not Placed,0,Good
100112,Student_100112,Male,23,IT,1,Pune,Upper Middle,64.78,31,28.52,15,5,7,4,7,Machine Learning,,22.94,55.88,56.34,B,5.7,43.27,42.22,53.16,49.62,No,Not Placed,0,Average
100113,Student_100113,Male,25,AIML,4,Pune,Upper Middle,,51,57.11,24,12,12,7,9,Statistics,18.66,21.02,70.24,63.13,B,6.09,38.75,47.75,58.65,57.87,No,Not Placed,0,Average
100114,Student_100114,Female,24,ECE,1,Pune,Lower Middle,67.21,22,39.84,19,8,7,4,0,NLP,25.55,21.99,72.66,70.15,A,6.57,64.86,60.3,51.26,45.83,No,Not Placed,0,Good
100115,Student_100115,Male,23,CSE,6,Nagpur,High,54.37,25,18.24,14,4,8,4,0,Statistics,22.47,20.82,43.46,52.46,C,5.19,33.37,47.13,46.37,,Yes,Not Placed,0,Poor
100116,Student_100116,Female,24,AIML,4,Kolhapur,Lower Middle,65.61,24,40.05,24,9,10,4,0,Big Data,7.06,11.79,33.07,29.69,C,3.32,11.09,47.17,74.05,34.57,No,Not Placed,0,Poor
100117,Student_100117,Male,24,AIML,7,Thane,Lower Middle,58.43,9,20.49,4,4,3,4,1,Deep Learning,17.13,26.08,72.92,66.7,B,6.71,60.33,82.15,45.04,35.78,No,Not Placed,0,Average
100118,Student_100118,Other,18,AIML,7,Kolhapur,Low,73.97,23,52.12,15,7,3,4,6,NLP,28.92,20.88,57.26,64.24,B,6.48,51.01,51.93,43.89,50.11,Yes,Not Placed,0,Average
100119,Student_100119,Female,23,AIML,5,Thane,Lower Middle,71.76,36,32.5,21,8,10,3,4,Statistics,38.79,22.76,84.01,86.27,A+,8.76,74.66,64.51,67.76,63.81,Yes,Placed,3.3,Excellent
100120,Student_100120,Male,19,Cyber Security,5,Kolhapur,Lower Middle,66.66,30,33.84,19,7,7,3,4,Big Data,27.98,16.22,53.55,58.58,B,5.95,43.24,36.92,45.9,18.73,No,Not Placed,0,Average
100121,Student_100121,Other,18,AIML,2,Pune,Middle,67.31,27,22.57,18,6,7,5,5,Apache Spark,19.83,20.86,52.2,54.88,C,5.79,46.15,49.03,47.79,41.78,No,Not Placed,0,Poor
100122,Student_100122,Other,23,Cyber Security,7,Nagpur,Low,77.81,9,23.68,8,3,6,3,2,Machine Learning,27.76,18.37,63.34,64.74,B,6.47,35.05,69.55,37.59,55.32,Yes,Not Placed,0,Average
100123,Student_100123,Male,21,CSE,8,Nagpur,Middle,66.46,31,29.53,21,10,11,2,8,Machine Learning,12.75,13.27,42.53,39.67,C,4.24,49.1,25.99,67.65,42.0,No,Not Placed,0,Poor
100124,Student_100124,Male,23,IT,5,Pune,High,74.73,49,54.45,20,11,11,6,7,Big Data,20.6,30,90.18,80.54,A,8.02,96.64,43.08,62.05,75.34,No,Placed,11.38,Good
100125,Student_100125,Other,24,ECE,7,Nashik,Low,78.3,35,43.7,19,9,8,5,10,Machine Learning,34.78,30,61.98,77.08,A,7.56,73.61,56.59,58.31,78.89,No,Placed,12.1,Good
100126,Student_100126,Male,19,IT,1,Satara,High,69.08,23,24.93,19,6,10,3,7,Apache Spark,11.14,12.77,43.84,38.79,C,3.94,46.81,6.96,38.09,29.22,No,Not Placed,0,Poor
100127,Student_100127,Other,25,ECE,4,Kolhapur,High,81.92,65,63.1,27,10,12,9,12,Machine Learning,19.86,13.54,42.29,45.06,C,4.2,42.41,41.45,75.46,58.9,No,Not Placed,0,Poor
100128,Student_100128,Male,20,Data Science,8,Nagpur,Low,64.47,35,35.34,22,9,8,4,6,Statistics,21.66,20.56,58.36,59.14,B,5.59,19.27,41.14,65.03,34.37,Yes,Not Placed,0,Average
100129,Student_100129,Male,20,ECE,5,Kolhapur,Upper Middle,86.14,50,74.83,31,11,13,7,8,Deep Learning,27.11,18.77,69.64,67.66,B,6.71,82.13,48.6,82.11,48.69,No,Placed,10.1,Average
100130,Student_100130,Male,21,ECE,3,Pune,Lower Middle,70.91,31,28.75,18,10,10,4,7,Statistics,12.86,13.66,38.62,38.06,C,3.78,30.62,36.64,57.16,19.61,No,Not Placed,0,Poor
100131,Student_100131,,23,Cyber Security,1,Satara,High,68.26,49,28.75,22,8,11,6,8,Deep Learning,29.34,29.15,59.8,71.34,A,7.23,91.08,70.45,49.85,48.09,No,Not Placed,0,Good
100132,Student_100132,Female,24,Data Science,4,Nashik,Middle,81.3,34,31.99,19,9,8,2,6,NLP,20.6,17.57,84.26,69.29,B,6.75,75.83,59.84,50.0,53.96,Yes,Not Placed,0,Average
100133,Student_100133,Male,25,Data Science,2,Mumbai,Middle,59.42,40,10.75,19,12,11,6,4,Apache Spark,15.06,14.46,37.88,39.88,C,4.09,27.07,35.42,41.18,30.22,No,Not Placed,0,Poor
100134,Student_100134,Other,24,Cyber Security,5,Pune,Lower Middle,72.97,33,,26,8,7,5,4,Statistics,31.81,17.16,60.97,65.78,B,6.27,,49.22,53.58,53.57,No,Not Placed,0,Average
100135,Student_100135,Female,21,ECE,3,,Lower Middle,69.07,67,40.28,25,12,12,8,12,Machine Learning,29.16,20.29,63.62,67.21,B,6.6,70.9,62.29,70.02,64.4,No,Placed,12.81,Average
100136,Student_100136,Other,22,AIML,7,Kolhapur,Middle,84.5,45,65.77,26,9,16,4,12,NLP,28.87,19.0,90.05,79.34,A,8.39,83.92,68.4,84.9,55.67,Yes,Placed,11.92,Good
100137,Student_100137,Female,22,Data Science,7,Kolhapur,Middle,70.78,50,39.38,21,9,10,7,7,Machine Learning,25.91,20.67,64.44,65.44,B,6.97,41.86,59.55,76.2,57.43,Yes,Not Placed,0,Average
100138,Student_100138,Male,24,CSE,8,Mumbai,Lower Middle,80.62,40,47.52,28,9,14,2,8,Apache Spark,18.99,22.99,59.95,59.55,B,5.59,53.09,62.41,83.16,52.98,No,Not Placed,0,Average
100139,Student_100139,Other,24,CSE,2,Thane,Middle,86.88,41,62.68,26,10,16,6,14,Deep Learning,26.0,13.32,62.9,59.83,B,5.56,58.44,21.44,77.13,67.78,No,Not Placed,0,Average
100140,Student_100140,Female,19,AIML,3,Nagpur,Lower Middle,73.14,30,25.84,15,6,10,3,5,Machine Learning,28.62,28.3,59.69,70.18,A,7.11,46.78,84.49,45.48,71.76,No,Not Placed,0,Good
100141,Student_100141,Other,25,IT,5,Pune,Middle,61.71,0,0,0,4,0,0,0,Statistics,17.56,20.01,49.54,51.28,C,5.39,58.69,79.53,29.01,25.21,Yes,Not Placed,0,Poor
100142,Student_100142,Female,21,CSE,6,Kolhapur,Middle,61.55,33,36.3,11,7,15,3,4,Deep Learning,25.5,21.67,52.35,59.74,B,6.09,47.43,37.08,34.37,50.08,No,Not Placed,0,Average
100143,Student_100143,Female,20,Cyber Security,7,Kolhapur,Upper Middle,74.68,27,51.05,31,8,12,5,5,Deep Learning,22.09,20.63,73.16,66.9,B,6.36,66.34,50.23,45.3,45.94,No,Not Placed,0,Average
100144,Student_100144,Other,18,AIML,3,Nagpur,High,87.12,39,44.02,18,8,15,4,4,NLP,24.61,14.72,55.83,56.19,B,5.79,62.12,59.9,48.01,54.9,No,Not Placed,0,Average
100145,Student_100145,Male,23,Cyber Security,5,Thane,Upper Middle,77.5,39,54.1,25,11,12,3,8,Statistics,26.55,22.16,69.83,69.6,B,6.88,73.21,59.83,87.12,68.93,No,Placed,10.23,Average
100146,Student_100146,Male,23,Cyber Security,2,Pune,Middle,75.53,54,41.76,28,10,13,6,10,Apache Spark,21.78,15.7,45.84,49.72,C,4.94,35.19,31.22,84.19,38.37,No,Not Placed,0,Poor
100147,Student_100147,Female,25,AIML,3,Nagpur,Middle,68.13,46,41.09,30,9,13,4,7,Big Data,33.31,22.8,63.99,72.18,A,6.99,41.22,67.39,65.32,48.12,No,Not Placed,0,Good
100148,Student_100148,Other,20,Data Science,6,Kolhapur,Low,77.65,45,68.85,12,8,11,2,8,Deep Learning,30.42,25.34,64.37,71.89,A,7.27,56.46,54.83,62.22,48.73,Yes,Not Placed,0,Good
100149,Student_100149,Female,18,AIML,8,Thane,Low,94.95,55,72.41,31,12,16,11,11,Deep Learning,27.12,20.39,76.59,72.23,A,6.88,75.13,65.24,52.5,61.63,Yes,Placed,13.65,Good
100150,Student_100150,Other,21,Cyber Security,7,Kolhapur,High,70.81,22,21.56,13,4,7,5,4,Big Data,31.64,18.91,55.17,63.92,B,6.02,72.99,74.2,54.78,54.9,No,Placed,11.43,Average
100151,Student_100151,Other,19,Data Science,6,Nashik,Upper Middle,66.76,34,8.48,11,6,9,1,3,Apache Spark,0,7.42,36.81,23.35,C,1.98,18.93,0,38.8,20.74,No,Not Placed,0,Poor
100152,Student_100152,Other,21,CSE,3,Satara,Upper Middle,65.01,37,27.06,17,6,5,5,5,Statistics,23.06,10.45,45.38,46.96,C,4.6,29.79,46.28,65.7,24.77,No,Not Placed,0,Poor
100153,Student_100153,Male,20,CSE,3,Nagpur,Upper Middle,86.29,40,55.58,27,11,9,5,9,NLP,35.33,25.27,80.77,83.73,A,8.14,88.25,62.33,80.88,90.73,No,Placed,9.85,Good
100154,Student_100154,Female,18,CSE,4,Satara,Lower Middle,71.58,14,58.49,10,7,6,2,2,Deep Learning,26.0,23.42,66.61,68.42,B,6.54,68.71,85.54,,62.61,Yes,Not Placed,0,Average
100155,Student_100155,Male,19,ECE,6,Pune,Low,69.43,49,15.07,26,8,10,3,6,Apache Spark,10.01,14.82,43.81,39.3,C,3.86,32.19,18.08,53.77,30.73,Yes,Not Placed,0,Poor
100156,Student_100156,Male,20,CSE,3,Kolhapur,Upper Middle,76.08,17,44.44,11,5,8,3,3,Apache Spark,33.21,24.17,66.26,74.15,A,7.37,81.01,78.13,29.08,59.65,No,Not Placed,0,Good
100157,Student_100157,Female,25,IT,6,Nashik,High,74.95,43,66.47,20,9,9,6,8,Statistics,30.0,29.22,78.43,81.2,A,8.4,74.5,75.14,30.69,47.19,No,Placed,6.1,Good
100158,Student_100158,Other,19,Data Science,2,Nashik,Middle,81.01,27,33.16,15,8,7,6,6,Apache Spark,28.14,24.86,68.22,71.79,A,7.29,50.65,41.23,60.98,51.62,No,Not Placed,0,Good
100159,Student_100159,Male,25,CSE,5,Thane,Upper Middle,84.48,44,58.03,18,6,11,2,6,Machine Learning,25.01,26.17,70.54,71.47,A,7.21,79.81,75.8,56.15,68.47,No,Not Placed,0,Good
100160,Student_100160,Female,19,IT,1,Kolhapur,Lower Middle,68.6,4,37.29,,4,7,3,4,Deep Learning,27.18,23.63,59.86,66.07,B,6.74,49.53,,46.9,46.05,No,Not Placed,0,Average
100161,Student_100161,Male,23,CSE,7,Pune,Middle,71.2,34,46.67,20,11,12,7,10,Machine Learning,,14.09,46.07,45.27,C,4.34,45.93,36.59,40.77,29.69,No,Not Placed,0,Poor
100162,Student_100162,Other,24,Data Science,2,Mumbai,Middle,86.08,46,52.84,12,7,8,5,8,NLP,31.58,18.07,70.7,71.08,A,7.04,56.15,57.87,44.69,61.54,No,Not Placed,0,Good
100163,Student_100163,Male,25,IT,8,Thane,Upper Middle,73.62,18,47.16,20,11,14,2,11,Machine Learning,18.94,15.88,58.8,54.19,C,5.24,31.81,19.56,86.45,41.38,No,Not Placed,0,Poor
100164,Student_100164,Male,18,Cyber Security,1,Thane,,78.82,38,60.85,20,11,7,5,7,Machine Learning,33.02,22.14,82.12,80.59,A,8.07,71.06,58.01,33.36,56.86,Yes,Placed,5.05,Good
100165,Student_100165,Other,22,Cyber Security,3,Thane,Lower Middle,87.84,47,50.66,23,6,6,5,8,Big Data,31.63,23.84,77.51,78.37,A,7.77,,53.7,55.64,37.84,No,Not Placed,0,Good
100166,Student_100166,Male,23,IT,6,Nashik,Low,85.24,50,35.52,26,11,14,9,11,Statistics,30.24,22.31,92.01,83.56,A,8.15,53.79,41.63,70.01,78.71,No,Not Placed,0,Good
100167,Student_100167,Male,19,IT,7,Kolhapur,Middle,58.39,36,6.81,7,4,11,1,3,NLP,4.24,8.54,36.14,26.94,C,2.8,23.83,27.99,43.95,36.37,Yes,Not Placed,0,Poor
100168,Student_100168,Female,25,ECE,4,Thane,High,68.51,0,17.99,1,5,6,0,2,Deep Learning,35.4,27.85,74.19,82.21,A,8.21,66.24,71.77,29.15,34.75,Yes,Not Placed,0,Good
100169,Student_100169,Other,23,ECE,8,Nagpur,Low,74.73,52,36.39,26,11,11,5,12,Apache Spark,24.6,24.18,66.43,67.78,B,6.49,40.61,22.99,66.9,29.2,No,Not Placed,0,Average
100170,Student_100170,Female,23,AIML,6,Kolhapur,High,70.56,16,43.43,12,8,12,4,5,Machine Learning,16.5,10.23,26.83,32.61,C,3.15,9.25,37.39,75.03,23.72,Yes,Not Placed,0,Poor
100171,Student_100171,Male,25,AIML,7,Kolhapur,Upper Middle,81.72,44,77.06,30,10,14,4,12,Big Data,31.89,21.68,70.02,73.38,A,7.58,66.6,51.05,71.11,66.82,No,Not Placed,0,Good
100172,Student_100172,Female,19,Cyber Security,1,Mumbai,Low,69.31,35,50.28,8,7,7,2,1,Machine Learning,26.97,19.97,71.67,69.37,B,6.79,70.3,71.46,26.05,54.11,Yes,Not Placed,0,Average
100173,Student_100173,Male,25,Cyber Security,5,Nashik,Middle,72.25,31,26.84,12,7,6,2,2,Deep Learning,17.45,12.39,57.38,50.04,C,4.8,59.55,31.94,44.4,40.16,No,Not Placed,0,Poor
100174,Student_100174,Male,19,Data Science,7,Satara,Middle,67.54,32,39.05,7,7,5,1,6,Deep Learning,32.49,18.27,89.04,81.07,A,8.59,42.24,65.86,43.84,43.02,Yes,Not Placed,0,Good
100175,Student_100175,Other,18,Cyber Security,6,Satara,Upper Middle,110,17,29.57,9,6,8,3,3,Machine Learning,12.94,16.97,63.47,52.75,C,5.3,65.91,58.34,45.2,37.33,No,Not Placed,0,Poor
100176,Student_100176,Female,24,Data Science,5,Satara,Upper Middle,73.14,47,27.25,14,4,11,3,4,Deep Learning,19.5,11.47,54.49,49.51,C,4.9,61.69,59.57,33.9,,No,Not Placed,0,Poor
100177,Student_100177,Other,24,AIML,3,Mumbai,Low,76.09,39,66.13,16,9,11,3,8,Machine Learning,39.32,30,76.67,87.83,A+,8.78,94.23,77.71,,90.05,No,Not Placed,0,Excellent
100178,Student_100178,Other,22,AIML,6,Mumbai,Low,93.27,62,69.2,28,10,18,6,10,Apache Spark,16.1,20.52,69.86,60.68,B,5.99,42.76,57.84,92.02,60.47,No,Not Placed,0,Average
100179,Student_100179,Female,23,Cyber Security,4,Kolhapur,Low,83.27,60,61.92,25,12,15,7,9,Big Data,25.09,12.42,46.31,50.25,C,5.71,41.68,26.55,60.98,53.34,No,Not Placed,0,Poor
100180,Student_100180,Other,22,Cyber Security,8,Mumbai,Middle,72.19,24,28.8,16,5,10,4,5,Deep Learning,19.59,14.83,46.47,47.81,C,5.25,42.46,28.2,49.75,62.86,No,Not Placed,0,Poor
100181,Student_100181,Male,45,ECE,6,Kolhapur,Low,83.68,33,45.38,11,7,6,5,6,NLP,,30,78.93,84.46,A,8.71,95.89,85.05,51.99,80.37,No,Placed,3.86,Good
100182,Student_100182,Other,25,ECE,1,Kolhapur,Upper Middle,88.85,38,48.95,19,10,7,2,3,Machine Learning,34.93,30,74.03,83.21,A,8.69,86.88,76.16,59.33,67.52,Yes,Placed,9.89,Good
100183,Student_100183,Male,20,AIML,4,Satara,High,76.53,27,40.33,25,5,9,3,4,Deep Learning,36.51,29.26,82.69,88.23,A+,9.09,74.44,44.67,35.1,41.73,No,Not Placed,0,Excellent
100184,Student_100184,Female,18,IT,2,Mumbai,High,88.65,45,79.1,34,10,15,7,7,Apache Spark,40,30,74.64,87.32,A+,9.11,90.56,68.68,88.31,89.64,Yes,Placed,6.79,Excellent
100185,Student_100185,Other,19,Data Science,4,Kolhapur,Upper Middle,69.3,27,45.36,20,6,12,3,4,Apache Spark,25.95,28.73,51.35,64.29,B,5.96,49.18,64.46,51.15,19.23,No,Not Placed,0,Average
100186,Student_100186,Other,24,AIML,8,Mumbai,Middle,83.59,62,44.79,25,11,14,6,10,Deep Learning,32.26,28.47,88.8,87.57,A+,8.06,78.5,74.08,76.61,57.88,No,Not Placed,0,Excellent
100187,Student_100187,Other,23,ECE,3,Nagpur,Middle,63.7,16,44.21,14,6,8,2,2,Statistics,,7.78,60.81,47.55,C,4.62,38.88,39.06,66.08,49.04,No,Not Placed,0,Poor
100188,Student_100188,Male,20,Cyber Security,4,Kolhapur,Upper Middle,82.98,45,47.98,31,8,20,9,13,Machine Learning,29.49,14.62,59.76,61.75,B,6.3,46.88,51.46,80.91,55.41,No,Not Placed,0,Average
100189,Student_100189,Female,19,Cyber Security,1,Mumbai,Low,68.51,41,51.94,26,11,11,4,2,NLP,30.87,18.72,76.48,73.87,A,6.86,88.47,56.84,54.56,71.18,No,Not Placed,0,Good
100190,Student_100190,Female,22,AIML,5,Nagpur,Middle,55.22,24,19.86,13,3,9,5,3,Apache Spark,25.47,19.91,48.71,56.73,B,5.83,49.1,17.78,39.49,46.06,No,Not Placed,0,Average
100191,Student_100191,Female,25,Data Science,6,Thane,Lower Middle,79.65,38,59.34,26,9,9,2,10,Statistics,36.61,23.31,65.39,75.69,A,8.0,57.37,42.65,44.54,68.24,No,Placed,3.21,Good
100192,Student_100192,Male,24,AIML,2,Satara,Lower Middle,79.75,38,61.66,28,10,15,6,9,Big Data,31.07,27.1,72.9,77.82,A,8.11,71.0,74.4,51.5,69.38,Yes,Placed,9.96,Good
100193,Student_100193,Male,20,IT,6,Mumbai,Low,85.09,31,70.12,24,12,11,4,9,NLP,35.75,22.44,82.85,83.2,A,8.51,60.09,64.24,47.87,84.45,Yes,Placed,45,Good
100194,Student_100194,Female,19,Cyber Security,7,Mumbai,Lower Middle,56.63,9,20.41,5,4,5,0,1,Machine Learning,16.04,14.88,50.23,47.06,C,4.74,35.63,71.9,49.74,51.38,No,Not Placed,0,Poor
100195,Student_100195,Female,24,CSE,6,Pune,Low,60.85,28,10.72,12,7,5,0,2,Big Data,,12.81,48.89,41.04,C,4.1,10.75,20.87,39.45,0,No,Not Placed,0,Poor
100196,Student_100196,Female,24,AIML,5,Mumbai,Low,57.33,29,27.64,19,7,9,4,7,Statistics,17.16,13.23,54.32,48.85,C,4.79,42.82,20.89,68.73,22.11,No,Not Placed,0,Poor
100197,Student_100197,Male,20,IT,2,Mumbai,Lower Middle,79.58,48,58.33,20,10,15,6,14,Deep Learning,28.8,20.26,89.77,79.99,A,8.06,73.38,45.61,83.73,80.22,Yes,Placed,9.79,Good
100198,Student_100198,Male,24,ECE,1,Pune,Low,85.79,56,55.03,22,10,13,5,6,Big Data,29.49,23.8,57.94,66.96,B,6.69,58.8,32.29,72.98,57.58,No,Not Placed,0,Average
100199,Student_100199,Male,22,Data Science,8,Kolhapur,Middle,88.93,46,64.57,36,11,20,11,10,NLP,33.69,15.95,61.5,66.66,B,6.45,62.65,60.11,99.71,76.18,Yes,Not Placed,0,Average
100200,Student_100200,Other,19,CSE,6,,Low,62.71,30,29.17,17,6,9,2,6,NLP,10.31,18.63,48.49,44.39,C,4.29,43.77,39.88,46.25,29.92,No,Not Placed,0,Poor
100201,Student_100201,Other,21,AIML,6,Kolhapur,Upper Middle,86.28,60,100.4,31,10,14,6,10,Machine Learning,36.71,29.49,91.74,93.06,A+,9.11,100,65.94,80.08,94.22,No,Placed,5.08,Excellent
100202,Student_100202,Female,24,IT,7,Pune,Upper Middle,62.51,0,28.0,0,5,2,2,0,Big Data,28.78,19.05,49.58,59.07,B,5.71,70.18,100,22.16,45.07,No,Not Placed,0,Average
100203,Student_100203,Male,24,CSE,8,Thane,Lower Middle,43.57,0,23.72,2,3,5,0,1,NLP,23.39,10.33,55.04,51.95,C,5.25,58.66,66.26,26.25,22.97,No,Not Placed,0,Poor
100204,Student_100204,Female,22,Cyber Security,6,Kolhapur,Lower Middle,60.39,39,38.15,25,7,8,2,6,Machine Learning,21.4,29.05,51.04,60.94,B,5.88,60.3,68.42,53.95,51.18,Yes,Not Placed,0,Average
100205,Student_100205,Male,22,AIML,3,Nashik,Upper Middle,,38,38.48,17,9,13,3,8,Machine Learning,20.2,9.32,62.31,52.52,C,5.21,48.45,65.32,68.14,79.66,Yes,Not Placed,0,Poor
100206,Student_100206,Female,22,IT,1,Mumbai,High,,1,33.34,14,3,2,3,2,NLP,32.84,27.34,53.81,69.76,B,7.24,46.89,52.43,6.68,46.35,No,Not Placed,0,Average
100207,Student_100207,Male,18,ECE,7,Kolhapur,Lower Middle,78.39,51,63.99,30,9,13,4,10,Big Data,40,23.83,73.34,82.56,A,8.55,81.76,60.4,70.13,50.9,No,Not Placed,0,Good
100208,Student_100208,Male,23,Data Science,3,Kolhapur,Low,73.08,38,26.99,13,6,8,1,6,Big Data,19.26,21.78,61.19,59.56,B,5.88,36.91,65.71,24.28,43.19,No,Not Placed,0,Average
100209,Student_100209,Other,22,AIML,8,Mumbai,High,68.16,26,27.94,18,7,12,4,4,Big Data,34.25,18.68,73.18,74.73,A,7.3,66.24,74.95,,56.01,Yes,Not Placed,0,Good
100210,Student_100210,Male,23,ECE,2,Satara,Low,83.37,38,68.59,25,8,9,4,8,Big Data,27.07,19.56,89.18,77.93,A,7.84,87.07,70.51,76.79,59.37,Yes,Placed,3.33,Good
100211,Student_100211,Female,22,IT,7,Nagpur,Lower Middle,73.64,26,52.71,33,11,11,4,10,Statistics,32.31,17.67,50.71,61.37,B,5.93,47.16,58.76,50.97,66.01,No,Not Placed,0,Average
100212,Student_100212,Male,20,IT,3,Satara,High,80.62,40,35.83,30,10,13,4,10,Statistics,27.61,22.32,76.94,74.06,A,7.76,41.81,75.35,79.94,42.75,No,Not Placed,0,Good
100213,Student_100213,Female,25,ECE,5,Mumbai,Upper Middle,76.3,37,27.81,17,6,8,1,2,Statistics,10.51,13.58,26.79,30.33,C,3.31,28.19,35.77,55.72,20.08,Yes,Not Placed,0,Poor
100214,Student_100214,Other,20,CSE,7,,High,74.59,40,27.35,25,12,12,9,7,NLP,21.04,22.0,70.71,65.8,B,6.62,53.52,34.57,,56.65,No,Not Placed,0,Average
100215,Student_100215,Male,24,IT,7,Satara,Low,96.13,46,82.85,35,12,16,8,12,Deep Learning,40,30,84.35,92.17,A+,9.23,83.69,90.75,51.14,71.55,Yes,Placed,12.17,Excellent
100216,Student_100216,Male,18,Cyber Security,7,Kolhapur,Upper Middle,80.86,8,59.28,14,4,9,0,5,Statistics,40,30,97.03,98.51,A+,9.59,99.68,79.9,43.43,66.64,No,Not Placed,60,Excellent
100217,Student_100217,Female,23,Cyber Security,6,Kolhapur,High,76.14,36,39.64,22,9,8,5,4,Statistics,24.12,30,64.5,70.34,A,7.11,73.93,50.18,56.82,35.09,Yes,Placed,5.24,Good
100218,Student_100218,Female,19,ECE,2,Satara,High,65.14,31,45.0,22,9,10,7,4,NLP,26.3,17.21,35.2,48.8,C,4.83,20.27,35.01,66.81,37.83,No,Not Placed,0,Poor
100219,Student_100219,Female,23,ECE,1,Pune,Upper Middle,77.05,22,32.55,26,10,9,5,6,Big Data,21.48,20.9,52.55,56.32,B,5.57,47.88,37.5,60.25,40.2,No,Not Placed,0,Average
100220,Student_100220,Female,22,CSE,3,Thane,Upper Middle,78.84,37,53.69,17,9,9,4,10,NLP,25.05,7.47,54.49,51.01,C,5.31,54.32,66.38,45.75,56.77,No,Not Placed,0,Poor
100221,Student_100221,Male,24,CSE,8,Satara,High,97.67,64,70.01,31,12,17,6,10,Deep Learning,23.53,28.26,71.84,72.41,A,7.24,61.32,49.42,50.51,82.05,No,Not Placed,0,Good
100222,Student_100222,Male,20,Data Science,3,Kolhapur,Upper Middle,63.93,57,44.11,26,9,12,5,6,Machine Learning,23.7,22.44,62.49,63.98,B,6.25,57.02,52.0,68.63,61.58,Yes,Placed,6.17,Average
100223,Student_100223,Other,21,AIML,3,Satara,Upper Middle,72.27,51,58.23,18,8,16,4,12,Machine Learning,38.59,29.03,66.0,81.3,A,7.87,83.98,47.32,59.55,36.76,No,Placed,12.93,Good
100224,Student_100224,Male,25,Cyber Security,4,Nashik,Low,62.35,16,29.84,7,5,5,3,2,Big Data,31.01,15.04,68.07,67.32,B,6.89,49.96,50.38,51.36,54.83,No,Not Placed,0,Average
100225,Student_100225,Female,21,AIML,3,Mumbai,Lower Middle,76.3,38,20.01,18,7,7,7,2,Apache Spark,23.09,15.28,53.81,54.4,C,5.3,62.32,37.57,52.77,59.31,No,Not Placed,0,Poor
100226,Student_100226,Male,19,ECE,7,Nashik,Low,62.45,28,26.16,16,6,9,6,9,Apache Spark,20.26,8.81,35.22,38.68,C,3.51,30.52,44.25,38.86,0.74,No,Not Placed,0,Poor
100227,Student_100227,Female,23,IT,2,Mumbai,Low,75.78,33,67.73,19,10,7,2,7,Big Data,24.78,30,80.66,78.92,A,8.01,79.63,82.71,50.05,62.4,No,Not Placed,0,Good
100228,Student_100228,Female,23,AIML,5,Mumbai,Lower Middle,58.89,13,12.51,11,4,4,0,0,Big Data,6.25,17.52,37.16,34.95,C,3.73,29.9,38.46,52.84,12.85,No,Not Placed,0,Poor
100229,Student_100229,Male,21,CSE,7,Satara,High,74.51,19,17.33,24,7,10,4,3,Apache Spark,19.96,21.49,67.3,62.94,B,6.1,53.4,62.53,38.72,30.37,No,Not Placed,0,Average
100230,Student_100230,Male,22,AIML,3,Nagpur,Middle,77.87,42,59.5,19,10,10,8,9,Machine Learning,26.65,22.54,78.01,74.02,A,7.13,79.56,51.31,77.43,72.31,No,Not Placed,0,Good
100231,Student_100231,Male,25,IT,7,Nagpur,Upper Middle,74.37,34,67.36,21,10,9,3,6,Big Data,,24.82,59.3,71.3,A,6.79,60.51,53.57,55.74,60.18,No,Not Placed,0,Good
100232,Student_100232,Male,22,AIML,1,Nashik,Low,84.0,52,42.12,35,10,10,10,10,Apache Spark,27.6,13.09,48.54,53.69,C,5.12,34.55,45.76,64.43,49.72,No,Not Placed,0,Poor
100233,Student_100233,Other,24,CSE,7,Kolhapur,Middle,78.06,44,61.68,20,10,13,4,7,Machine Learning,25.15,17.94,81.89,71.76,A,7.27,62.82,37.84,73.25,52.47,No,Not Placed,0,Good
100234,Student_100234,Other,23,ECE,6,Nashik,Lower Middle,85.07,63,47.71,28,10,15,5,10,Machine Learning,27.28,22.87,66.4,68.9,B,6.98,44.29,57.85,60.25,82.48,Yes,Not Placed,0,Average
100235,Student_100235,Other,22,CSE,3,Satara,Middle,79.42,50,52.59,34,9,14,5,6,Machine Learning,22.45,25.29,74.8,71.1,A,7.15,72.21,65.1,67.29,55.6,No,Not Placed,0,Good
100236,Student_100236,Other,24,Cyber Security,2,Satara,Lower Middle,69.02,26,25.78,7,8,10,1,0,Deep Learning,19.06,24.15,56.84,58.81,B,6.3,54.31,55.68,37.83,50.62,No,Not Placed,0,Average
100237,Student_100237,Male,18,IT,1,Pune,Upper Middle,70.26,27,53.01,26,10,11,6,7,Deep Learning,11.91,10.86,51.81,42.07,C,4.47,23.51,20.41,61.33,23.92,No,Not Placed,0,Poor
100238,Student_100238,Male,22,IT,6,Mumbai,Upper Middle,75.3,40,39.14,36,10,16,8,8,Deep Learning,16.96,11.47,38.6,39.67,C,4.03,51.72,33.45,76.85,46.88,No,Not Placed,0,Poor
100239,Student_100239,Female,19,ECE,6,Pune,Upper Middle,71.92,37,29.68,18,8,11,2,4,Deep Learning,12.45,23.13,49.85,49.68,C,4.83,32.83,47.41,39.97,32.72,No,Not Placed,0,Poor
100240,Student_100240,Other,24,CSE,1,Satara,Middle,67.94,30,41.12,8,6,8,4,0,Big Data,22.62,19.07,54.57,56.97,B,5.58,68.65,48.09,42.4,29.71,No,Not Placed,0,Average
100241,Student_100241,Female,23,AIML,8,Mumbai,Lower Middle,69.93,50,16.89,20,10,14,1,7,Big Data,26.39,10.83,50.91,52.47,C,5.35,16.2,37.71,52.88,25.98,No,Not Placed,0,Poor
100242,Student_100242,Female,20,ECE,1,Pune,High,79.2,48,37.03,9,10,10,6,6,Machine Learning,19.94,21.1,69.6,63.83,B,6.46,38.56,59.19,48.55,34.42,No,Not Placed,0,Average
100243,Student_100243,Other,18,CSE,4,Kolhapur,Low,65.08,40,35.74,23,9,12,5,6,Machine Learning,9.71,9.43,31.92,29.53,C,2.68,,6.37,78.1,11.94,Yes,Not Placed,0,Poor
100244,Student_100244,Female,20,Cyber Security,1,Thane,Middle,74.24,24,56.16,27,11,14,6,7,Machine Learning,31.68,30,72.46,80.0,A,8.02,74.59,75.32,61.45,53.89,Yes,Not Placed,0,Good
100245,Student_100245,Other,24,CSE,6,Nashik,High,72.25,42,51.76,13,8,9,3,9,Big Data,40,25.21,66.82,80.22,A,8.08,68.47,69.0,59.93,43.5,No,Placed,10.68,Good
100246,Student_100246,Male,18,Cyber Security,5,Nagpur,Upper Middle,70.52,13,3.66,3,5,8,2,3,Apache Spark,16.63,10.29,55.65,47.16,C,4.64,48.23,37.25,34.93,43.04,No,Not Placed,0,Poor
100247,Student_100247,Other,18,CSE,3,Kolhapur,Middle,70.6,44,56.51,23,7,10,1,8,Big Data,29.43,21.03,79.69,75.93,A,7.63,63.24,61.77,63.38,68.25,No,Not Placed,0,Good
100248,Student_100248,Female,19,ECE,3,Satara,Low,71.67,53,50.59,21,10,12,7,8,NLP,23.67,21.04,61.86,62.71,B,6.29,55.73,57.35,43.17,62.12,No,Placed,5.86,Average
100249,Student_100249,Male,24,IT,7,Nagpur,High,65.42,32,25.25,18,6,10,3,5,Statistics,26.7,17.54,43.78,53.61,C,5.38,47.26,52.89,60.9,57.81,No,Not Placed,0,Poor
100250,Student_100250,Female,23,Data Science,8,Thane,High,65.51,36,27.59,11,7,3,0,2,Deep Learning,19.91,16.99,67.09,59.81,B,6.15,57.17,46.36,24.74,33.15,No,Not Placed,0,Average
100251,Student_100251,Male,21,Data Science,2,Thane,Low,69.54,30,300,11,7,7,2,3,NLP,15.41,22.11,57.66,55.13,B,5.34,22.76,26.11,62.69,35.26,Yes,Not Placed,0,Average
100252,Student_100252,Other,20,Cyber Security,6,Pune,Upper Middle,47.27,9,34.08,10,5,6,3,0,Machine Learning,27.36,16.71,68.13,65.72,B,6.46,51.78,78.74,24.0,37.7,Yes,Not Placed,0,Average
100253,Student_100253,Male,24,ECE,8,Mumbai,Lower Middle,69.25,15,59.03,15,7,6,0,5,Statistics,22.35,21.58,80.07,71.19,A,6.93,47.83,50.02,48.99,63.47,Yes,Not Placed,0,Good
100254,Student_100254,Other,20,AIML,5,Thane,High,80.88,61,65.53,35,9,9,5,11,Statistics,9.0,19.85,50.73,45.35,C,4.49,25.97,26.91,57.8,48.27,Yes,Not Placed,0,Poor
100255,Student_100255,Male,20,Cyber Security,1,Mumbai,Upper Middle,5,20,29.3,,7,5,1,0,Machine Learning,29.33,15.58,59.42,62.1,B,6.35,59.2,84.09,37.43,30.76,Yes,Not Placed,0,Average
100256,Student_100256,Female,22,IT,8,Kolhapur,Lower Middle,70.4,17,9.31,8,4,3,3,1,Machine Learning,14.11,20.2,51.77,49.93,C,5.21,30.63,48.05,35.34,25.04,Yes,Not Placed,0,Poor
100257,Student_100257,Female,12,AIML,5,Mumbai,Low,74.99,42,25.48,17,7,7,3,6,Apache Spark,,24.63,58.27,66.48,B,6.99,54.3,38.24,54.14,19.17,No,Not Placed,0,Average
100258,Student_100258,Male,24,Cyber Security,1,Nagpur,High,80.27,28,55.99,23,11,12,3,5,Big Data,28.49,19.75,50.45,59.76,B,5.72,47.94,62.28,71.83,53.3,No,Not Placed,0,Average
100259,Student_100259,Male,25,Cyber Security,1,Mumbai,Low,77.1,38,21.63,15,7,7,2,3,Statistics,28.87,16.45,,71.42,A,6.77,79.16,64.69,38.54,63.65,No,Not Placed,0,Good
100260,Student_100260,Male,19,Cyber Security,2,Kolhapur,High,98,53,81.47,38,12,11,10,11,Statistics,35.72,25.83,81.06,84.54,A,8.54,69.08,45.42,77.22,82.53,Yes,Placed,6.69,Good
100261,Student_100261,Male,21,Cyber Security,5,Kolhapur,Low,82.1,47,65.7,21,10,12,4,11,Statistics,33.42,21.56,84.05,81.46,A,8.19,62.38,80.42,67.86,58.02,Yes,Placed,10.2,Good
100262,Student_100262,Male,24,AIML,3,Kolhapur,Upper Middle,75.04,24,20.64,18,8,8,5,7,Machine Learning,22.62,19.43,64.43,62.14,B,6.03,42.53,22.32,69.1,50.01,No,Not Placed,0,Average
100263,Student_100263,Male,25,Data Science,6,Satara,,60.9,23,26.44,9,6,3,1,0,Statistics,15.24,9.51,41.76,38.65,C,3.93,40.02,44.94,21.19,63.89,No,Not Placed,0,Poor
100264,Student_100264,Female,18,AIML,7,Nagpur,High,81.22,69,44.36,34,12,14,9,11,Deep Learning,,28.11,77.27,78.17,A,7.76,66.11,56.07,86.04,75.0,No,Placed,13.65,Good
100265,Student_100265,,23,ECE,7,Mumbai,Low,70.68,29,32.76,26,6,12,4,6,Apache Spark,18.06,9.55,56.0,47.92,C,5.0,58.51,49.04,37.11,58.19,Yes,Not Placed,0,Poor
100266,Student_100266,,18,Data Science,2,Thane,High,57.95,17,0,15,8,6,1,4,NLP,8.22,13.45,50.14,40.2,C,4.3,30.54,46.06,,33.62,Yes,Not Placed,0,Poor
100267,Student_100267,Male,23,AIML,2,Kolhapur,Low,73.52,19,1.23,18,6,7,1,5,Deep Learning,15.39,18.86,40.85,44.54,C,4.61,17.92,43.42,51.85,3.55,Yes,Not Placed,0,Poor
100268,Student_100268,Male,21,Cyber Security,8,Thane,Middle,62.43,34,49.22,,3,5,0,0,Apache Spark,28.05,14.24,67.16,64.11,B,6.14,63.59,78.46,54.38,57.18,Yes,Not Placed,0,Average
100269,Student_100269,Male,22,Cyber Security,3,Nashik,High,67.91,15,29.23,19,6,10,1,4,NLP,19.98,18.91,65.91,60.55,B,5.98,68.94,51.07,48.13,29.56,No,Placed,11.53,Average
100270,Student_100270,Female,24,IT,2,Satara,Upper Middle,75.0,13,19.17,12,6,10,2,3,NLP,28.32,27.09,81.23,79.92,A,7.97,62.22,84.67,57.45,80.62,No,Not Placed,0,Good
100271,Student_100271,Female,19,Data Science,8,Pune,Low,60.86,32,40.74,16,7,7,0,4,Statistics,20.54,12.87,61.61,54.78,C,5.54,49.51,33.55,41.76,43.95,Yes,Not Placed,0,Poor
100272,Student_100272,Female,25,AIML,7,Kolhapur,Upper Middle,88.02,68,57.33,31,12,20,12,15,NLP,26.38,24.89,66.51,69.64,B,6.7,54.3,23.95,85.19,46.84,No,Not Placed,0,Average
100273,Student_100273,Other,22,CSE,4,,Low,73.04,25,17.27,16,7,9,0,2,Machine Learning,19.7,18.76,57.28,55.92,B,5.21,54.94,55.05,25.68,36.75,Yes,Not Placed,0,Average
100274,Student_100274,Other,25,IT,8,Pune,Middle,76.36,29,34.77,19,11,13,5,6,Machine Learning,20.74,19.21,65.5,61.11,B,6.53,52.94,48.3,25.93,58.57,No,Not Placed,0,Average
100275,Student_100275,Female,25,ECE,7,Mumbai,Low,75.97,37,33.65,23,10,14,6,5,Machine Learning,23.02,15.7,50.44,52.95,C,4.97,41.81,21.81,69.8,43.84,Yes,Not Placed,0,Poor
100276,Student_100276,Female,24,Cyber Security,5,Thane,High,75.02,54,71.28,35,9,14,3,11,Deep Learning,19.15,15.6,50.79,50.16,C,5.05,42.85,54.14,58.15,64.62,No,Not Placed,0,Poor
100277,Student_100277,Other,23,IT,2,Nagpur,Upper Middle,75.07,23,57.82,18,7,9,3,6,Apache Spark,28.32,29.36,75.71,78.67,A,8.14,71.42,75.03,56.98,73.85,Yes,Not Placed,0,Good
100278,Student_100278,Female,19,ECE,7,Nagpur,Low,110,20,28.3,12,6,8,4,3,Machine Learning,13.38,16.83,42.27,42.38,C,4.39,21.64,,59.79,20.44,No,Not Placed,0,Poor
100279,Student_100279,Male,22,Data Science,4,Satara,High,67.04,49,13.31,13,8,7,4,3,Deep Learning,15.52,22.28,53.29,53.13,C,5.28,45.7,37.95,18.54,43.13,No,Not Placed,0,Poor
100280,Student_100280,Female,23,ECE,8,Pune,Low,86.43,30,44.38,29,9,10,3,11,NLP,12.18,18.67,31.41,37.29,C,3.77,55.02,37.73,72.58,37.05,No,Not Placed,0,Poor
100281,Student_100281,Other,19,Data Science,6,Thane,Low,84.1,53,35.63,23,8,11,5,8,Apache Spark,12.99,11.23,45.9,40.17,C,3.52,28.8,32.84,58.3,38.26,Yes,Not Placed,0,Poor
100282,Student_100282,Male,21,Data Science,7,Pune,Lower Middle,68.86,46,44.41,23,11,11,4,6,Apache Spark,26.27,16.69,46.21,53.94,C,4.92,22.58,53.7,68.32,49.96,No,Not Placed,0,Poor
100283,Student_100283,Female,19,Cyber Security,1,Nashik,Upper Middle,61.26,33,8.19,23,7,11,3,7,Statistics,9.93,14.7,45.55,40.02,C,4.12,30.0,37.56,57.95,2.92,Yes,Not Placed,0,Poor
100284,Student_100284,Other,21,AIML,5,Pune,High,69.79,26,37.25,15,6,6,4,3,NLP,32.32,25.55,,72.35,A,7.63,,62.29,45.1,72.75,No,Not Placed,0,Good
100285,Student_100285,Other,23,ECE,7,Nashik,Middle,81.42,48,53.22,28,11,13,2,8,Machine Learning,37.94,28.27,73.12,83.86,A,8.72,90.94,84.0,53.67,74.4,Yes,Placed,7.3,Good
100286,Student_100286,Female,20,Data Science,8,Pune,Upper Middle,75.5,40,41.56,23,10,15,10,7,Statistics,25.03,22.04,64.37,65.65,B,6.23,62.15,33.09,78.85,68.38,No,Not Placed,0,Average
100287,Student_100287,Other,23,CSE,6,Nashik,Upper Middle,72.54,33,32.16,19,12,12,7,6,NLP,23.29,20.97,66.77,64.84,B,6.74,29.17,42.93,46.75,32.99,No,Not Placed,0,Average
100288,Student_100288,Female,20,ECE,5,Satara,Low,80.4,38,47.09,18,10,13,2,5,Apache Spark,17.04,17.36,72.34,60.52,B,6.02,65.08,53.68,37.27,47.94,No,Not Placed,0,Average
100289,Student_100289,Other,22,AIML,7,Nagpur,Low,58.98,25,28.02,10,6,5,3,4,Machine Learning,26.54,20.2,56.1,61.41,B,6.17,66.45,54.12,45.24,31.22,No,Not Placed,0,Average
100290,Student_100290,Other,22,Data Science,5,Thane,Low,73.68,42,31.57,18,6,13,4,10,Big Data,10.04,8.82,46.8,36.81,C,3.62,25.67,22.57,78.31,45.24,No,Not Placed,0,Poor
100291,Student_100291,Male,18,Cyber Security,7,Nagpur,,76.29,14,31.54,19,6,13,5,9,Machine Learning,27.37,11.9,55.77,56.35,B,5.81,53.1,74.67,40.9,49.26,No,Not Placed,0,Average
100292,Student_100292,Male,18,ECE,7,Kolhapur,Middle,86.15,56,57.5,31,11,16,13,10,Big Data,37.49,22.16,73.17,79.47,A,7.89,81.37,61.67,80.46,67.4,Yes,Not Placed,0,Good
100293,Student_100293,Other,22,IT,8,Kolhapur,Lower Middle,62.02,25,34.86,20,5,5,6,2,NLP,24.65,19.52,48.8,55.9,B,5.24,47.65,60.45,50.11,36.85,No,Not Placed,0,Average
100294,Student_100294,Male,21,Data Science,8,Nashik,Middle,66.99,31,14.0,12,6,9,2,5,Machine Learning,27.14,17.2,55.25,59.44,B,6.46,46.2,11.29,36.09,43.96,Yes,Not Placed,0,Average
100295,Student_100295,Male,18,IT,8,Pune,Low,57.68,25,10.89,4,8,3,1,1,Apache Spark,8.06,15.59,41.97,37.42,C,3.66,27.43,45.35,25.82,17.47,No,Not Placed,0,Poor
100296,Student_100296,Female,21,Data Science,5,Kolhapur,Middle,90.19,37,54.45,25,10,15,5,10,Deep Learning,32.86,21.2,68.01,72.78,A,7.17,38.7,44.28,94.28,30.12,Yes,Not Placed,0,Good
100297,Student_100297,Male,20,ECE,3,Satara,Middle,69.12,22,30.62,20,3,6,2,4,Machine Learning,27.73,15.06,71.74,66.71,B,6.3,52.16,60.26,60.08,39.13,No,Not Placed,0,Average
100298,Student_100298,Male,18,Cyber Security,8,Nashik,Upper Middle,68.66,34,71.2,18,10,9,3,4,Statistics,33.47,21.48,55.23,67.04,B,6.57,87.17,57.2,62.22,51.3,No,Not Placed,0,Average
100299,Student_100299,Male,24,ECE,2,Nashik,Low,58.77,33,39.24,22,10,10,6,12,Machine Learning,26.38,18.95,64.69,64.76,B,6.31,53.99,37.55,54.1,58.83,No,Not Placed,0,Average
100300,Student_100300,Other,25,AIML,4,Satara,Upper Middle,71.61,36,62.02,16,5,9,3,7,Deep Learning,28.41,28.3,77.04,78.7,A,7.61,57.01,50.69,55.2,52.56,No,Not Placed,0,Good
100301,Student_100301,Other,24,IT,8,Mumbai,Low,78.84,33,42.99,28,10,11,6,10,Statistics,27.68,19.55,63.29,65.44,B,6.33,44.9,,65.11,50.76,Yes,Not Placed,0,Average
100302,Student_100302,Other,20,ECE,2,Nagpur,Lower Middle,58.3,7,5.26,1,2,2,0,0,Big Data,20.67,10.64,66.32,55.76,B,5.79,63.05,54.46,22.82,,No,Not Placed,0,Average
100303,Student_100303,Female,24,Data Science,2,Pune,Upper Middle,68.13,37,26.73,10,7,6,4,5,Big Data,30.23,18.91,55.5,63.03,B,6.01,35.77,67.25,57.16,50.33,No,Not Placed,0,Average
100304,Student_100304,Male,20,AIML,1,Kolhapur,Middle,63.34,28,37.0,12,6,9,4,6,Big Data,23.81,29.3,52.31,63.55,B,6.28,42.1,75.51,53.34,59.45,No,Not Placed,0,Average
100305,Student_100305,Male,23,ECE,3,Thane,Middle,86.83,43,76.56,26,11,13,8,10,Apache Spark,33.96,29.85,84.1,87.42,A+,9.17,85.1,70.51,64.38,87.09,No,Not Placed,0,Excellent
100306,Student_100306,Female,20,ECE,4,Satara,High,76.44,33,41.53,15,9,12,3,8,NLP,17.68,26.3,42.85,52.21,C,5.14,37.06,41.13,52.89,42.28,No,Not Placed,0,Poor
100307,Student_100307,Other,19,CSE,7,Thane,Low,74.3,40,49.9,31,9,11,1,9,NLP,32.48,17.23,64.76,68.23,B,6.77,53.59,40.17,74.7,55.78,No,Not Placed,0,Average
100308,Student_100308,Other,22,IT,2,Nashik,High,42.84,22,0,6,4,4,4,3,Big Data,13.15,15.39,24.38,32.31,C,3.23,10.75,53.62,47.41,0,No,Not Placed,0,Poor
100309,Student_100309,Male,25,CSE,2,Nashik,High,80.36,54,72.74,20,11,11,8,9,Big Data,32.47,26.35,81.29,82.57,A,8.4,70.43,55.95,62.67,77.63,Yes,Placed,8.62,Good
100310,Student_100310,Male,20,Data Science,6,Pune,Low,69.82,13,13.41,8,4,7,4,0,NLP,37.18,24.3,70.83,79.5,A,7.7,64.43,69.11,43.42,50.01,No,Placed,5.79,Good
100311,Student_100311,Female,20,ECE,8,Nashik,Lower Middle,68.59,32,29.01,25,8,8,3,6,Deep Learning,17.1,15.27,52.95,49.48,C,5.25,38.57,43.78,48.1,51.45,No,Not Placed,0,Poor
100312,Student_100312,Other,20,Data Science,3,Pune,High,90.88,51,78.62,34,11,16,8,10,NLP,25.25,23.56,70.3,69.79,B,7.24,76.24,62.69,81.75,71.3,Yes,Placed,10.12,Average
100313,Student_100313,Male,18,CSE,2,Pune,Upper Middle,85.18,41,66.88,23,9,13,5,6,Statistics,40,29.93,,95.69,A+,9.62,92.1,100,64.94,82.26,Yes,Placed,4.69,Excellent
100314,Student_100314,Female,20,ECE,4,Thane,Middle,55.88,33,37.75,20,11,10,5,4,Machine Learning,18.81,9.2,57.53,49.0,C,4.89,26.59,40.62,60.47,28.9,Yes,Not Placed,0,Poor
100315,Student_100315,Other,21,AIML,5,,Lower Middle,77.56,33,68.59,18,8,13,5,6,Statistics,39.56,30,94.1,96.72,A+,9.64,100,69.45,58.74,60.1,Yes,Not Placed,0,Excellent
100316,Student_100316,,24,AIML,7,Nashik,Low,66.5,27,30.96,23,8,10,5,6,Machine Learning,,20.75,48.07,47.39,C,5.13,15.18,57.85,43.18,26.76,Yes,Not Placed,0,Poor
100317,Student_100317,Other,24,Data Science,8,Mumbai,Middle,79.28,53,32.55,30,9,9,7,9,Deep Learning,28.22,18.93,60.42,63.99,B,6.41,51.29,36.18,63.16,33.77,No,Not Placed,0,Average
100318,Student_100318,Other,19,IT,5,Thane,Lower Middle,84.44,25,27.76,18,9,11,2,2,Deep Learning,19.78,21.29,62.99,60.53,B,6.03,44.21,59.83,39.42,31.64,Yes,Not Placed,0,Average
100319,Student_100319,Male,19,Data Science,1,Mumbai,High,88.44,40,65.37,20,9,12,4,11,Big Data,31.65,22.61,71.88,74.75,A,6.91,84.06,87.67,79.08,77.71,Yes,Placed,11.4,Good
100320,Student_100320,Male,18,Cyber Security,5,Nagpur,Lower Middle,90.18,55,72.53,33,9,11,6,12,Statistics,35.07,28.13,95.83,92.96,A+,8.98,85.15,58.02,66.03,73.52,No,Placed,3.76,Excellent
100321,Student_100321,Male,23,Cyber Security,8,Nashik,Middle,85.86,52,74.02,26,10,12,10,8,NLP,40,28.98,89.71,94.18,A+,9.02,92.78,69.29,51.32,71.74,No,Placed,5.89,Excellent
100322,Student_100322,Female,18,IT,7,Nagpur,Middle,70.61,15,60.47,11,6,7,1,0,Machine Learning,35.26,30,77.19,85.04,A+,8.62,71.24,94.43,23.84,60.84,Yes,Placed,5.23,Excellent
100323,Student_100323,Male,22,Data Science,8,Thane,Middle,73.53,25,,26,8,11,6,4,Statistics,32.2,9.68,59.18,60.19,B,6.28,64.72,60.52,36.29,33.39,No,Not Placed,0,Average
100324,Student_100324,Female,20,CSE,8,Mumbai,Upper Middle,83.31,20,50.62,14,7,9,3,4,Apache Spark,16.72,19.98,65.29,58.51,B,6.12,50.94,73.29,52.33,38.32,Yes,Not Placed,0,Average
100325,Student_100325,Female,22,IT,7,Kolhapur,High,83.48,38,86.9,28,10,13,7,8,NLP,32.69,19.68,57.4,66.34,B,6.64,60.67,42.94,72.67,63.84,No,Placed,8.18,Average
100326,Student_100326,Other,24,IT,2,Satara,Middle,96.94,57,123.47,42,12,20,12,14,Machine Learning,29.3,23.99,85.9,80.92,A,7.95,67.97,59.84,100,74.93,Yes,Not Placed,0,Good
100327,Student_100327,Male,18,Cyber Security,1,Satara,High,68.75,48,67.41,34,12,13,9,12,Machine Learning,32.8,22.3,87.08,83.01,A,8.2,75.78,52.58,76.51,71.85,No,Placed,11.62,Good
100328,Student_100328,Male,22,Data Science,4,Nagpur,Lower Middle,72.46,17,7.82,15,7,9,2,0,Deep Learning,21.06,13.02,,43.19,C,4.12,12.0,59.03,59.39,37.0,No,Not Placed,0,Poor
100329,Student_100329,Other,19,ECE,3,Kolhapur,High,69.43,34,46.0,,7,14,2,2,Statistics,25.28,10.76,54.62,53.45,C,5.35,49.17,42.31,,48.61,Yes,Not Placed,0,Poor
100330,Student_100330,Female,21,ECE,6,Nagpur,Low,88.02,49,84.12,28,8,13,3,13,Statistics,37.16,26.63,77.66,84.45,A,8.13,76.18,63.05,59.81,76.04,Yes,Placed,13.63,Good
100331,Student_100331,Female,24,IT,4,Satara,High,98,52,85.83,34,11,18,6,11,Machine Learning,29.34,28.82,95.68,89.06,A+,8.92,67.9,71.8,70.04,73.38,Yes,Placed,13.65,Excellent
100332,Student_100332,Male,18,Cyber Security,5,Thane,Middle,59.15,32,6.3,27,8,10,4,6,Statistics,14.08,15.14,42.5,41.9,C,4.18,39.1,17.86,56.64,49.38,Yes,Not Placed,0,Poor
100333,Student_100333,Male,20,AIML,6,Nagpur,Upper Middle,80.45,38,46.08,21,9,11,7,5,Statistics,40,27.0,88.54,92.27,A+,9.15,66.38,73.36,,71.2,No,Not Placed,0,Excellent
100334,Student_100334,Female,24,ECE,1,Thane,Low,67.98,23,16.04,17,5,5,3,5,Machine Learning,15.35,18.1,60.67,53.91,C,5.33,49.99,,42.92,46.36,No,Not Placed,0,Poor
100335,Student_100335,Other,18,ECE,4,Thane,Middle,75.87,42,53.23,27,3,9,2,6,Deep Learning,26.37,19.22,,55.76,B,5.72,,19.58,58.74,39.62,No,Placed,4.2,Average
100336,Student_100336,Other,19,IT,3,Satara,Upper Middle,82.81,48,65.52,,8,13,7,10,Statistics,27.56,22.69,61.39,66.5,B,6.95,60.98,54.02,80.99,51.08,No,Not Placed,0,Average
100337,Student_100337,Other,24,IT,7,Nagpur,Lower Middle,64.16,19,27.56,9,5,5,1,0,Big Data,35.11,23.59,73.22,78.67,A,8.07,76.05,,37.33,52.83,No,Not Placed,0,Good
100338,Student_100338,Other,23,Data Science,7,,Low,64.7,38,54.28,27,10,8,4,5,Statistics,25.75,20.85,52.66,59.54,B,5.72,52.91,39.41,75.58,27.59,No,Not Placed,0,Average
100339,Student_100339,Female,22,ECE,2,,Lower Middle,,57,71.35,26,8,12,6,8,Statistics,30.3,23.05,70.64,73.42,A,7.6,77.86,74.84,50.29,83.45,No,Not Placed,0,Good
100340,Student_100340,Male,18,Data Science,7,Satara,Upper Middle,67.95,31,26.68,23,9,11,3,5,Machine Learning,15.87,22.85,56.02,55.14,B,5.45,31.31,47.13,83.03,57.51,Yes,Not Placed,0,Average
100341,Student_100341,Male,19,CSE,8,Satara,Low,60.56,17,1.72,12,4,2,0,0,Deep Learning,16.21,15.49,55.18,50.08,C,4.85,61.54,45.52,21.08,55.78,Yes,Not Placed,0,Poor
100342,Student_100342,Female,23,IT,8,Nagpur,Lower Middle,70.81,38,64.94,22,10,7,2,4,Apache Spark,26.61,23.73,72.83,72.19,A,6.96,74.6,71.71,49.95,79.57,No,Not Placed,0,Good
100343,Student_100343,Male,18,Data Science,3,Nashik,Lower Middle,78.78,41,58.93,30,9,13,8,10,Big Data,19.96,21.13,44.68,51.39,C,5.21,32.45,70.19,69.03,28.27,Yes,Not Placed,0,Poor
100344,Student_100344,Female,21,Data Science,5,Pune,Lower Middle,75.95,50,48.19,35,10,16,4,7,Apache Spark,10.01,10.16,52.2,40.38,C,4.3,26.76,36.71,59.73,44.04,No,Not Placed,0,Poor
100345,Student_100345,Female,18,ECE,2,Satara,Upper Middle,90.36,44,64.4,23,9,14,3,3,Apache Spark,25.12,13.55,51.3,53.53,C,5.0,63.85,48.28,30.64,62.76,No,Not Placed,0,Poor
100346,Student_100346,Male,25,AIML,4,Satara,Middle,54.49,6,0,8,4,6,1,2,Deep Learning,13.72,1.5,35.72,29.15,C,2.52,19.83,19.99,18.76,12.46,No,Not Placed,0,Poor
100347,Student_100347,Male,20,IT,5,Pune,High,75.57,43,41.19,24,11,14,6,7,Statistics,14.78,13.98,48.98,44.9,C,4.53,47.28,60.97,61.99,42.82,Yes,Not Placed,0,Poor
100348,Student_100348,Other,20,AIML,3,Thane,Upper Middle,67.07,21,7.57,11,2,5,0,2,Apache Spark,12.23,5.37,29.72,27.61,C,2.92,21.86,32.14,37.7,14.9,No,Not Placed,0,Poor
100349,Student_100349,Other,19,IT,3,Nagpur,Upper Middle,84.38,48,59.29,26,6,11,7,4,NLP,36.42,30,93.61,94.12,A+,9.66,90.35,79.11,61.55,85.85,Yes,Placed,12.78,Excellent
100350,Student_100350,Female,19,AIML,6,Nashik,Low,75.14,26,72.34,20,9,11,4,6,Deep Learning,32.02,29.07,100,93.4,A+,9.38,83.98,78.3,56.61,59.12,Yes,Placed,11.89,Excellent
100351,Student_100351,Other,18,IT,8,Nagpur,Middle,54.25,20,2.73,9,4,8,4,0,Deep Learning,10.91,14.14,35.44,35.33,C,3.46,,37.44,38.03,46.16,No,Not Placed,0,Poor
100352,Student_100352,Female,20,AIML,1,Pune,Lower Middle,71.71,14,0,6,6,8,0,0,Apache Spark,9.15,8.23,44.49,34.6,C,3.15,20.15,17.51,49.84,0,No,Not Placed,0,Poor
100353,Student_100353,Other,24,Cyber Security,6,Pune,Low,66.43,23,45.15,24,7,11,1,5,Apache Spark,22.19,18.14,49.49,53.49,C,5.64,42.28,75.58,35.24,36.03,No,Not Placed,0,Poor
100354,Student_100354,Male,19,ECE,7,Mumbai,High,72.78,42,48.36,15,9,12,3,6,Machine Learning,24.68,27.37,61.48,67.5,B,6.41,56.51,36.87,59.92,50.48,No,Not Placed,0,Average
100355,Student_100355,Female,21,Data Science,5,Kolhapur,High,60.42,37,38.24,25,8,8,0,1,Big Data,17.04,25.16,63.98,61.54,B,5.93,57.05,77.34,,40.36,No,Not Placed,0,Average
100356,Student_100356,Male,22,ECE,3,Satara,Middle,65.85,24,28.46,16,8,11,2,5,NLP,8.52,16.88,45.52,40.4,C,4.09,27.26,21.85,45.53,26.62,No,Not Placed,0,Poor
100357,Student_100357,Other,24,Data Science,2,Pune,High,70.51,41,29.41,20,8,7,4,6,Apache Spark,17.17,7.83,53.3,44.75,C,4.37,47.4,44.44,48.81,14.28,Yes,Not Placed,0,Poor
100358,Student_100358,Other,21,Data Science,6,Nashik,Low,91.64,51,66.45,26,12,15,8,14,Big Data,32.14,22.49,63.63,70.91,A,7.34,87.2,44.63,84.23,68.55,No,Placed,13.03,Good
100359,Student_100359,Other,21,ECE,8,Nagpur,Low,85.25,60,45.8,31,10,9,7,8,Apache Spark,31.94,21.89,73.09,75.09,A,7.4,74.04,70.98,63.3,54.58,Yes,Not Placed,0,Good
100360,Student_100360,Male,23,Data Science,4,,Upper Middle,77.5,43,39.29,23,11,13,4,7,Machine Learning,30.47,16.1,50.86,59.01,B,5.59,,36.39,73.15,46.27,No,Not Placed,0,Average
100361,Student_100361,,23,Cyber Security,7,Nashik,Middle,76.44,37,35.64,18,9,7,1,3,Big Data,12.65,22.35,54.05,51.41,C,5.31,38.16,36.62,38.03,43.95,No,Not Placed,0,Poor
100362,Student_100362,Female,25,AIML,3,Thane,Middle,48.43,29,1.43,8,3,4,0,1,Machine Learning,23.01,19.09,44.66,52.31,C,5.58,44.87,45.23,57.85,40.2,No,Not Placed,0,Poor
100363,Student_100363,Male,24,Cyber Security,1,Nagpur,Low,69.53,16,37.02,18,6,6,3,4,Statistics,7.95,12.89,53.77,41.44,C,3.92,36.97,19.55,30.79,39.3,Yes,Not Placed,0,Poor
100364,Student_100364,Female,22,Cyber Security,3,Nagpur,Upper Middle,78.12,42,49.38,27,10,12,7,7,NLP,22.16,17.51,46.56,51.57,C,5.38,16.5,29.29,60.03,48.91,No,Not Placed,0,Poor
100365,Student_100365,Female,18,ECE,7,Kolhapur,Low,63.1,25,6.19,7,3,5,0,0,Machine Learning,22.94,25.66,59.62,64.12,B,6.39,53.32,60.62,55.69,33.75,No,Not Placed,0,Average
100366,Student_100366,Male,22,CSE,7,Nagpur,Lower Middle,73.05,34,43.98,22,9,9,2,3,Deep Learning,24.21,28.48,68.67,71.48,A,6.9,83.34,73.51,41.04,62.18,No,Placed,13.32,Good
100367,Student_100367,Female,21,Cyber Security,2,Nagpur,Middle,72.5,31,55.57,17,11,6,2,5,Deep Learning,34.06,21.16,66.73,73.02,A,7.12,61.43,43.11,56.04,65.05,Yes,Not Placed,0,Good
100368,Student_100368,Female,20,IT,4,Satara,Upper Middle,82.61,30,57.84,19,10,8,4,3,Big Data,33.6,30,99.84,95.12,A+,9.39,100,81.31,78.21,75.39,No,Not Placed,0,Excellent
100369,Student_100369,Other,18,AIML,4,Nagpur,Middle,68.59,42,28.33,15,5,14,6,3,Big Data,13.76,17.4,58.98,51.41,C,4.62,49.16,11.82,65.08,42.45,No,Not Placed,0,Poor
100370,Student_100370,Female,25,CSE,7,Nagpur,Middle,77.35,40,67.17,20,10,9,0,10,NLP,26.12,30,50.65,64.91,B,6.46,65.53,100,68.51,76.68,Yes,Placed,11.24,Average
100371,Student_100371,Other,23,Data Science,2,Mumbai,High,68.94,32,44.05,24,10,13,8,4,Apache Spark,25.38,19.83,75.21,69.86,B,6.76,65.94,56.68,74.14,62.52,No,Not Placed,0,Average
100372,Student_100372,Other,22,ECE,8,Satara,Middle,77.96,39,46.16,18,7,10,4,7,Machine Learning,19.37,19.42,37.8,46.37,C,4.04,40.07,28.84,48.63,48.93,No,Not Placed,0,Poor
100373,Student_100373,,25,IT,6,Thane,Lower Middle,76.85,51,56.53,26,8,14,7,10,Deep Learning,39.27,30,81.15,90.03,A+,9.47,89.93,93.79,72.29,87.13,No,Placed,11.49,Excellent
100374,Student_100374,Other,21,Data Science,6,Satara,Lower Middle,83.42,31,60.39,20,10,10,4,7,NLP,40,27.1,60.6,78.37,A,7.69,77.3,83.44,49.89,76.86,Yes,Placed,5.21,Good
100375,Student_100375,Female,18,Cyber Security,3,Nagpur,High,96.92,42,86.25,26,10,13,3,6,NLP,24.42,19.86,68.9,66.01,B,6.5,62.36,39.74,78.39,63.02,Yes,Not Placed,0,Average
100376,Student_100376,Female,20,ECE,3,Mumbai,Middle,64.13,25,17.22,20,4,12,4,7,Statistics,28.28,22.36,58.74,65.48,B,6.41,29.19,55.16,59.97,18.74,Yes,Not Placed,0,Average
100377,Student_100377,Female,23,Data Science,1,Nashik,High,94.12,52,78.06,34,12,16,6,9,Statistics,33.96,23.25,91.17,86.56,A+,8.2,61.37,32.17,53.89,82.34,No,Not Placed,0,Excellent
100378,Student_100378,Female,25,AIML,3,Mumbai,Low,75.01,32,6.34,19,8,7,3,5,NLP,6.98,6.86,45.56,32.59,C,3.23,28.28,44.27,70.23,49.95,No,Not Placed,0,Poor
100379,Student_100379,Other,24,Data Science,4,Mumbai,Low,89.03,62,87.23,29,8,16,8,11,Statistics,33.03,30,92.13,90.84,A+,9.29,73.33,76.68,59.93,75.94,Yes,Placed,3.01,Excellent
100380,Student_100380,Other,22,Data Science,7,Mumbai,Upper Middle,67.99,19,42.12,17,6,9,1,8,Big Data,28.37,12.66,60.15,59.79,B,5.72,40.46,51.54,46.36,57.26,No,Not Placed,0,Average
100381,Student_100381,Female,19,Data Science,6,Pune,Middle,81.57,38,68.61,29,9,11,4,9,NLP,40,30,84.36,92.18,A+,9.04,92.78,85.59,72.4,73.53,Yes,Not Placed,0,Excellent
100382,Student_100382,Female,18,Cyber Security,3,Nashik,High,87.27,40,63.54,23,8,8,4,5,NLP,39.99,30,84.38,92.18,A+,9.79,71.51,78.17,58.74,81.74,Yes,Placed,7.17,Excellent
100383,Student_100383,Male,18,CSE,7,Mumbai,Low,76.18,30,22.34,22,6,10,2,7,Deep Learning,25.8,15.82,44.42,52.11,C,5.66,46.61,66.74,27.55,45.25,No,Not Placed,0,Poor
100384,Student_100384,Female,22,AIML,7,Mumbai,High,57.56,25,26.32,10,5,5,2,1,Deep Learning,29.28,20.59,73.18,72.27,A,7.27,58.82,61.13,43.54,36.71,Yes,Not Placed,0,Good
100385,Student_100385,Other,23,CSE,2,Nagpur,Upper Middle,56.57,25,0,12,6,5,0,0,Apache Spark,6.67,14.96,,25.98,C,2.32,15.65,68.3,36.47,15.72,No,Not Placed,0,Poor
100386,Student_100386,Male,19,CSE,2,Nashik,Middle,81.81,41,37.65,20,9,11,7,8,Apache Spark,20.92,13.19,51.5,50.23,C,5.33,37.59,47.62,62.16,35.03,No,Not Placed,0,Poor
100387,Student_100387,Female,25,ECE,3,Mumbai,Middle,86.84,42,59.07,31,10,14,5,7,Apache Spark,35.7,13.29,54.79,63.04,B,6.35,58.34,57.94,44.16,74.16,Yes,Not Placed,0,Average
100388,Student_100388,,23,Data Science,6,Kolhapur,Middle,58.11,14,13.75,17,6,10,2,5,NLP,5.19,6.74,37.28,27.02,C,3.05,22.59,25.77,61.23,19.83,No,Not Placed,0,Poor
100389,Student_100389,Male,25,ECE,3,Satara,Lower Middle,66.69,22,24.48,17,5,6,3,2,Apache Spark,15.63,20.8,40.64,45.91,C,4.7,26.67,45.37,57.9,37.55,No,Not Placed,0,Poor
100390,Student_100390,Male,23,Data Science,8,Thane,Middle,75.72,33,46.99,22,8,11,2,9,Deep Learning,15.43,20.92,57.25,54.15,C,5.65,39.11,48.75,45.84,48.43,No,Not Placed,0,Poor
100391,Student_100391,Other,19,Data Science,5,Thane,Lower Middle,63.12,37,24.56,19,9,12,4,4,Machine Learning,4.68,9.17,44.19,31.72,C,3.08,31.03,29.97,78.45,13.28,No,Not Placed,0,Poor
100392,Student_100392,Female,21,ECE,5,Pune,Lower Middle,78.72,46,78.24,21,5,9,3,3,Machine Learning,40,30,100,100.0,A+,9.94,100,100,47.32,88.64,Yes,Placed,9.87,Excellent
100393,Student_100393,Female,19,AIML,1,Nashik,Low,70.31,25,15.38,9,7,8,1,7,Big Data,15.19,20.79,57.76,54.14,C,5.51,52.36,81.7,24.04,40.26,No,Not Placed,0,Poor
100394,Student_100394,Other,22,Data Science,1,Nashik,Low,59.48,36,50.08,15,7,9,0,6,Big Data,15.05,17.45,47.15,46.5,C,5.01,50.2,35.0,60.3,35.96,No,Not Placed,0,Poor
100395,Student_100395,Other,18,IT,7,Thane,Middle,76.53,35,25.37,20,5,13,5,4,NLP,22.62,21.32,61.54,61.95,B,5.85,38.05,38.17,56.41,26.34,No,Not Placed,0,Average
100396,Student_100396,Male,24,ECE,2,Thane,Lower Middle,64.01,28,28.62,16,7,6,3,7,NLP,23.7,23.34,69.31,67.99,B,6.79,57.83,46.87,62.07,47.55,Yes,Not Placed,0,Average
100397,Student_100397,Female,20,Data Science,1,Mumbai,Low,74.3,53,420,31,10,16,5,7,Big Data,21.71,18.14,52.51,54.63,C,5.15,62.62,,55.72,49.09,Yes,Not Placed,0,Poor
100398,Student_100398,Female,18,CSE,8,Thane,High,76.05,55,40.6,18,9,13,6,5,Machine Learning,23.69,17.87,45.71,52.54,C,5.03,14.77,18.97,71.44,32.58,No,Not Placed,0,Poor
100399,Student_100399,Male,23,AIML,5,Nagpur,Lower Middle,78.56,37,32.54,21,10,11,4,11,Statistics,18.24,20.53,57.18,55.95,B,5.83,62.56,43.06,92.17,45.67,Yes,Not Placed,0,Average
100400,Student_100400,Male,20,Data Science,3,Kolhapur,Lower Middle,60.74,20,,10,9,1,3,5,Big Data,8.5,4.72,26.84,22.94,C,2.3,3.12,35.76,28.68,36.6,No,Not Placed,0,Poor
100401,Student_100401,Female,22,Cyber Security,6,Pune,Middle,63.91,44,33.81,21,10,10,3,11,Machine Learning,19.69,11.39,20.89,32.81,C,3.38,30.38,29.52,73.17,29.08,No,Not Placed,0,Poor
100402,Student_100402,Female,18,CSE,3,Satara,Low,71.28,38,45.74,20,7,9,4,6,NLP,30.05,17.07,53.23,60.53,B,5.38,50.99,40.34,55.54,43.94,No,Not Placed,0,Average
100403,Student_100403,Female,23,CSE,5,Pune,Low,75.64,39,32.6,21,8,8,3,9,Deep Learning,23.65,18.63,43.56,51.94,C,4.93,51.53,56.47,48.83,57.48,No,Not Placed,0,Poor
100404,Student_100404,Other,18,Cyber Security,7,Kolhapur,High,,27,14.86,3,1,10,0,0,NLP,11.04,11.32,31.85,31.75,C,3.2,24.67,51.96,45.57,17.37,No,Not Placed,0,Poor
100405,Student_100405,Male,25,AIML,5,Satara,Lower Middle,61.82,23,14.43,8,7,9,3,3,Statistics,7.4,18.68,32.84,34.43,C,3.26,24.24,31.09,51.59,27.63,No,Not Placed,0,Poor
100406,Student_100406,Other,24,Cyber Security,7,Thane,Upper Middle,77.59,52,36.7,31,8,11,5,10,Big Data,17.94,16.02,35.88,42.07,C,4.47,28.01,25.43,72.35,37.61,No,Not Placed,0,Poor
100407,Student_100407,Female,25,ECE,2,Satara,Upper Middle,47.99,7,8.93,8,3,4,1,0,Machine Learning,26.16,18.04,49.85,56.57,B,6.22,39.03,46.27,30.81,33.04,No,Not Placed,0,Average
100408,Student_100408,Female,23,ECE,6,Kolhapur,Lower Middle,73.89,44,46.79,22,8,11,4,3,Apache Spark,17.79,16.53,62.29,55.51,B,5.81,42.62,37.53,70.37,53.73,No,Not Placed,0,Average
100409,Student_100409,Male,23,ECE,2,Nashik,Lower Middle,75.86,23,42.36,15,8,6,3,3,NLP,32.5,30,58.54,73.64,A,7.74,54.76,56.03,32.25,46.9,No,Not Placed,0,Good
100410,Student_100410,Male,18,IT,4,Pune,Lower Middle,72.12,33,52.78,20,5,11,4,3,Machine Learning,36.13,20.85,82.0,82.0,A,8.38,70.26,73.77,54.31,75.89,Yes,Placed,11.55,Good
100411,Student_100411,Other,25,Cyber Security,5,Pune,High,61.9,51,36.33,21,10,10,5,8,Apache Spark,15.93,19.66,46.35,48.23,C,4.67,,58.72,40.51,56.12,No,Not Placed,0,Poor
100412,Student_100412,Other,21,IT,7,Pune,Lower Middle,80.29,44,75.54,17,10,14,9,11,NLP,38.86,30,88.15,93.22,A+,9.75,94.6,81.0,73.22,80.45,Yes,Placed,3.32,Excellent
100413,Student_100413,Other,18,Cyber Security,8,Nashik,Lower Middle,71.68,41,39.45,15,8,8,4,8,NLP,24.05,16.67,54.41,56.35,B,5.87,42.26,18.0,49.33,42.75,No,Not Placed,0,Average
100414,Student_100414,Male,23,CSE,4,Thane,Low,84.14,40,43.44,17,9,11,4,7,Deep Learning,33.66,30,86.05,88.27,A+,8.57,73.94,81.11,65.12,80.9,No,Not Placed,0,Excellent
100415,Student_100415,Male,24,ECE,7,Thane,Upper Middle,76.54,30,38.05,18,7,9,3,6,Apache Spark,20.17,23.84,62.4,62.22,B,6.04,62.72,71.24,53.01,39.76,No,Not Placed,0,Average
100416,Student_100416,Other,22,Data Science,3,Thane,Low,78.95,48,74.06,26,8,17,4,10,NLP,26.71,24.13,89.1,80.67,A,8.08,62.5,64.53,78.38,71.99,Yes,Placed,11.18,Good
100417,Student_100417,Male,18,CSE,3,Nagpur,High,92.0,49,99.89,29,11,16,6,10,Statistics,39.56,30,94.09,96.72,A+,9.4,91.72,76.28,47.99,91.23,Yes,Placed,3.37,Excellent
100418,Student_100418,Male,23,CSE,6,Pune,High,85.88,67,63.76,30,12,17,8,13,Statistics,26.25,19.87,67.4,66.63,B,6.5,16.95,19.64,89.88,46.34,Yes,Not Placed,0,Average
100419,Student_100419,Male,21,Data Science,1,Kolhapur,Upper Middle,53.55,21,6.41,10,4,7,1,1,Machine Learning,23.07,17.17,62.97,60.24,B,6.32,54.46,49.18,18.88,25.69,Yes,Not Placed,0,Average
100420,Student_100420,Female,24,IT,1,Nashik,Low,89.32,54,76.21,28,12,12,9,13,Statistics,29.26,19.69,70.5,70.32,A,7.54,44.82,42.46,71.9,61.78,Yes,Not Placed,0,Good
100421,Student_100421,Female,19,ECE,2,Mumbai,Middle,60.56,21,23.9,9,7,7,1,3,Statistics,14.79,16.97,39.95,42.38,C,4.2,58.07,25.07,46.02,11.99,No,Not Placed,0,Poor
100422,Student_100422,Other,18,ECE,6,Satara,High,54.46,17,10.85,7,7,8,0,2,Statistics,5.44,4.92,34.34,24.54,C,2.49,18.52,56.44,37.97,6.51,No,Not Placed,0,Poor
100423,Student_100423,Male,20,ECE,2,Nagpur,Lower Middle,80.35,31,61.95,27,8,7,6,4,Big Data,22.48,30,64.37,69.05,B,6.81,62.86,73.75,50.27,44.25,No,Not Placed,0,Average
100424,Student_100424,Other,19,CSE,4,Thane,Upper Middle,66.8,43,20.05,24,5,11,2,5,Deep Learning,16.82,18.73,56.9,53.55,C,5.76,38.44,42.52,56.39,32.42,Yes,Not Placed,0,Poor
100425,Student_100425,Other,25,Cyber Security,8,Nashik,Middle,74.8,40,63.29,22,11,10,6,7,Apache Spark,21.81,26.72,57.49,62.92,B,6.18,51.23,64.68,63.53,57.39,No,Not Placed,0,Average
100426,Student_100426,Female,24,AIML,2,Mumbai,High,59.04,35,42.56,28,8,9,4,2,Apache Spark,18.48,19.48,55.01,54.34,C,5.25,32.71,32.74,41.13,32.11,No,Not Placed,0,Poor
100427,Student_100427,Other,19,IT,6,Nashik,Upper Middle,79.72,27,44.88,18,6,9,1,3,Machine Learning,28.5,29.36,73.18,77.54,A,8.09,61.84,60.28,51.21,54.55,No,Not Placed,0,Good
100428,Student_100428,Female,24,Cyber Security,3,Satara,Low,73.15,27,79.67,25,8,10,4,6,Apache Spark,34.9,22.21,87.17,84.57,A,8.53,82.75,62.69,48.86,74.29,Yes,Placed,3.39,Good
100429,Student_100429,Other,22,IT,5,Pune,Lower Middle,86.25,22,58.84,17,11,11,4,5,Big Data,35.74,30,79.71,86.66,A+,8.6,98.39,79.49,52.28,69.23,Yes,Placed,12.37,Excellent
100430,Student_100430,Other,19,ECE,6,Satara,High,68.07,17,25.17,18,7,6,3,2,Statistics,31.59,25.0,75.16,77.94,A,7.74,65.88,63.02,71.94,19.36,No,Not Placed,0,Good
100431,Student_100431,Male,22,IT,8,Satara,High,58.85,33,6.37,13,8,10,0,3,Machine Learning,15.33,8.44,59.55,46.89,C,4.94,21.89,37.08,45.11,23.58,No,Not Placed,0,Poor
100432,Student_100432,Female,23,ECE,6,Nagpur,Low,67.4,36,40.14,29,9,13,5,4,Machine Learning,20.18,12.97,50.17,48.86,C,5.13,15.52,17.53,47.92,27.08,Yes,Not Placed,0,Poor
100433,Student_100433,Male,21,Cyber Security,7,Thane,Low,80.14,26,63.68,18,6,9,4,5,Deep Learning,31.91,26.3,74.04,78.48,A,7.99,81.2,72.56,54.84,62.39,Yes,Placed,5.68,Good
100434,Student_100434,Other,22,CSE,7,Thane,Low,76.12,32,41.05,30,10,14,5,6,Machine Learning,15.98,18.94,57.45,53.34,C,5.5,41.98,33.37,76.45,56.72,Yes,Not Placed,0,Poor
100435,Student_100435,Male,20,Cyber Security,4,Kolhapur,Low,78.75,45,31.53,24,6,11,4,7,Big Data,27.87,29.11,78.39,79.5,A,7.93,,63.82,79.36,46.18,Yes,Placed,8.66,Good
100436,Student_100436,Male,18,IT,4,Nagpur,Middle,,43,74.29,34,12,15,6,11,Big Data,40,28.55,82.92,90.49,A+,8.9,83.63,33.31,62.46,79.14,Yes,Placed,9.76,Excellent
100437,Student_100437,Other,22,ECE,5,Kolhapur,Middle,74.93,28,26.56,20,7,11,4,8,Machine Learning,21.92,21.1,66.79,63.9,B,6.7,53.59,23.63,83.71,64.66,Yes,Not Placed,0,Average
100438,Student_100438,Male,21,Cyber Security,2,Nagpur,Middle,70.18,35,18.52,19,7,11,2,5,Big Data,22.09,16.58,45.8,50.52,C,5.03,29.97,38.25,54.59,9.21,No,Not Placed,0,Poor
100439,Student_100439,Male,23,Data Science,3,Kolhapur,Lower Middle,74.65,47,75.05,19,8,10,5,8,Big Data,34.75,26.82,77.29,82.59,A,8.22,54.72,48.43,58.85,43.75,Yes,Not Placed,0,Good
100440,Student_100440,Female,18,IT,8,Satara,High,76.3,24,62.19,13,8,5,4,7,Apache Spark,,28.25,90.43,88.87,A+,9.09,94.41,96.98,32.68,98.72,No,Placed,10.49,Excellent
100441,Student_100441,Other,19,Data Science,3,Mumbai,Middle,71.15,35,40.82,17,10,12,3,7,NLP,23.98,27.91,48.53,60.86,B,6.02,46.64,64.98,47.95,55.63,No,Not Placed,0,Average
100442,Student_100442,Male,20,ECE,3,Mumbai,Upper Middle,80.08,58,38.59,25,11,10,3,8,Deep Learning,13.83,13.71,70.85,54.94,C,6.2,40.7,39.19,,43.59,No,Not Placed,0,Poor
100443,Student_100443,Male,25,Cyber Security,1,Pune,Middle,74.73,47,14.44,23,9,11,7,8,NLP,18.61,4.24,,29.14,C,3.2,12.77,0,37.93,0.6,No,Not Placed,0,Poor
100444,Student_100444,Other,23,ECE,5,,Low,66.5,31,50.33,21,6,4,7,4,Machine Learning,25.39,22.25,62.57,65.16,B,5.96,57.82,42.01,41.74,63.39,No,Not Placed,0,Average
100445,Student_100445,Female,24,CSE,8,Nagpur,Low,82.28,27,30.86,16,7,7,4,9,Machine Learning,33.62,25.83,66.44,75.65,A,7.37,95.87,62.14,61.09,68.32,Yes,Placed,9.48,Good
100446,Student_100446,Male,21,Cyber Security,3,Nagpur,Upper Middle,69.22,41,57.36,32,7,9,4,6,Big Data,18.82,11.51,35.11,39.35,C,4.07,26.67,25.08,29.22,22.67,No,Not Placed,0,Poor
100447,Student_100447,Male,23,AIML,8,Pune,Upper Middle,51.5,13,0,7,6,7,1,1,Statistics,14.74,16.97,45.22,44.98,C,4.63,26.75,43.9,16.11,18.02,No,Not Placed,0,Poor
100448,Student_100448,Female,21,Data Science,5,Kolhapur,High,49.45,11,23.73,8,5,8,0,2,NLP,15.24,8.47,49.7,41.93,C,3.84,32.02,27.02,49.26,34.9,No,Not Placed,0,Poor
100449,Student_100449,Female,22,IT,8,Thane,High,74.11,47,28.9,10,8,7,7,9,Deep Learning,22.46,10.46,44.13,45.89,C,4.95,29.47,52.27,64.71,57.33,No,Not Placed,0,Poor
100450,Student_100450,Male,24,Cyber Security,5,Nashik,Lower Middle,86.35,38,50.97,32,11,12,7,11,NLP,29.9,17.18,63.79,65.77,B,6.48,54.24,49.79,83.61,77.82,No,Not Placed,0,Average
100451,Student_100451,Female,20,IT,6,Nagpur,Middle,63.5,29,27.12,14,6,6,4,2,Machine Learning,27.0,15.59,26.41,43.85,C,4.54,28.71,50.94,56.06,38.07,No,Not Placed,0,Poor
100452,Student_100452,Female,24,Cyber Security,2,Thane,Middle,83.3,40,61.9,30,10,9,6,9,Big Data,31.17,22.6,68.05,72.47,A,7.38,65.81,63.51,64.88,61.88,No,Not Placed,0,Good
100453,Student_100453,Female,19,ECE,1,Thane,Middle,58.85,41,46.16,17,5,6,3,3,Statistics,,12.43,58.62,56.77,B,5.51,77.37,67.6,29.29,56.74,No,Not Placed,0,Average
100454,Student_100454,Male,19,Cyber Security,6,Satara,Low,65.28,21,28.34,12,6,11,3,5,Apache Spark,21.13,14.02,51.38,50.88,C,4.83,44.49,43.26,48.72,29.44,No,Not Placed,0,Poor
100455,Student_100455,Other,22,CSE,6,Thane,Low,81.0,36,24.62,18,10,10,2,5,Apache Spark,32.97,17.32,73.05,72.8,A,7.46,64.73,41.05,69.51,68.76,No,Not Placed,0,Good
100456,Student_100456,Female,19,CSE,2,Thane,Upper Middle,68.19,28,34.89,17,6,5,9,3,Statistics,25.2,19.43,47.87,55.79,B,5.29,58.93,52.28,72.21,46.91,Yes,Not Placed,0,Average
100457,Student_100457,Other,22,IT,6,Pune,Low,67.23,54,65.41,15,9,13,4,6,Statistics,29.6,18.36,73.25,71.06,A,7.13,66.46,67.3,54.04,68.06,No,Not Placed,0,Good
100458,Student_100458,Female,20,Data Science,8,Mumbai,Lower Middle,79.81,35,54.85,12,9,8,4,6,NLP,37.77,27.64,78.4,85.96,A+,8.6,96.43,73.64,73.95,74.82,Yes,Placed,5.66,Excellent
100459,Student_100459,Male,23,IT,2,Nashik,Low,73.18,25,54.75,22,5,8,2,3,Statistics,30.71,23.9,57.1,67.51,B,6.74,48.14,61.53,64.15,44.15,Yes,Not Placed,0,Average
100460,Student_100460,Male,19,Cyber Security,6,Pune,Low,61.43,27,56.36,24,8,9,2,5,Machine Learning,29.31,19.44,67.5,68.69,B,6.76,63.46,47.22,48.18,38.12,No,Not Placed,0,Average
100461,Student_100461,Female,24,Data Science,3,Nashik,Middle,87.35,56,79.54,35,11,16,7,14,Deep Learning,40,30,96.98,98.49,A+,9.83,96.09,90.4,,100,No,Placed,6.08,Excellent
100462,Student_100462,Male,18,Data Science,8,Thane,Upper Middle,88.88,54,52.2,29,9,8,2,7,Apache Spark,39.73,30,91.74,95.66,A+,9.44,83.06,85.35,43.03,50.37,No,Not Placed,0,Excellent
100463,Student_100463,Male,22,IT,2,,Upper Middle,71.95,14,27.71,19,4,6,1,5,Statistics,28.65,20.91,70.51,70.68,A,6.93,59.81,73.02,52.1,69.84,No,Placed,6.52,Good
100464,Student_100464,Female,19,ECE,2,Nashik,Lower Middle,77.02,24,46.91,18,9,9,2,1,Machine Learning,40,30,85.24,92.62,A+,9.24,96.75,77.66,54.7,69.5,No,Placed,11.31,Excellent
100465,Student_100465,Female,25,Cyber Security,8,Nashik,High,73.03,39,36.09,,8,10,6,6,Apache Spark,18.5,17.85,65.91,58.73,B,5.77,42.8,43.5,47.95,33.33,Yes,Not Placed,0,Average
100466,Student_100466,Other,25,AIML,4,,Upper Middle,79.56,44,53.32,28,8,16,7,8,Deep Learning,35.44,30,82.06,87.61,A+,8.75,68.33,77.0,56.55,79.68,No,Placed,4.24,Excellent
100467,Student_100467,,19,Cyber Security,3,Mumbai,Low,96.79,51,81.12,26,12,18,8,12,Machine Learning,40,30,93.53,96.77,A+,9.74,100,98.39,69.48,73.18,No,Placed,3.04,Excellent
100468,Student_100468,Male,24,Data Science,2,Pune,Upper Middle,74.77,28,37.54,15,7,8,7,5,Deep Learning,24.21,17.64,56.48,58.16,B,6.03,58.58,55.44,53.99,47.9,Yes,Placed,4.57,Average
100469,Student_100469,Female,25,AIML,1,Satara,Low,,57,66.74,34,12,17,9,12,Machine Learning,31.14,30,,82.29,A,8.29,75.02,61.37,90.6,87.54,No,Placed,12.45,Good
100470,Student_100470,Male,23,ECE,6,Thane,Lower Middle,61.6,27,22.34,10,5,7,1,4,Apache Spark,25.16,15.51,53.57,56.0,B,5.36,37.61,33.84,39.66,49.73,No,Not Placed,0,Average
100471,Student_100471,Other,22,Data Science,4,Thane,High,85.84,44,47.05,35,11,14,6,11,NLP,16.51,10.24,33.28,35.85,C,3.63,41.12,23.3,63.66,44.16,No,Not Placed,0,Poor
100472,Student_100472,Male,18,CSE,2,Pune,Lower Middle,63.92,31,37.82,10,6,8,4,0,Apache Spark,23.02,14.31,62.29,57.95,B,5.55,48.29,45.15,56.2,36.08,No,Not Placed,0,Average
100473,Student_100473,Other,21,CSE,2,Nashik,Upper Middle,73.77,58,43.62,27,11,13,4,9,Apache Spark,26.58,15.4,71.61,66.01,B,6.1,57.85,57.05,,40.8,Yes,Not Placed,0,Average
100474,Student_100474,Male,18,AIML,7,Mumbai,Middle,73.51,45,20.68,26,10,13,7,9,Big Data,26.37,13.79,65.69,61.81,B,5.91,38.37,50.9,78.3,,No,Not Placed,0,Average
100475,Student_100475,Female,18,AIML,3,Kolhapur,Middle,67.3,14,5.42,17,7,7,4,1,Big Data,8.12,12.68,57.25,43.17,C,4.25,34.87,19.94,,1.51,No,Not Placed,0,Poor
100476,Student_100476,Other,21,CSE,4,Pune,Lower Middle,75.11,24,27.36,14,7,11,3,3,Apache Spark,28.98,25.65,64.19,70.93,A,7.01,79.71,57.35,46.18,26.23,No,Placed,11.95,Good
100477,Student_100477,Female,24,Cyber Security,6,Nagpur,Middle,60.11,14,6.17,8,5,3,0,0,NLP,15.59,13.8,57.94,49.87,C,5.16,29.3,57.92,44.17,0,Yes,Not Placed,0,Poor
100478,Student_100478,Other,23,Data Science,6,Pune,Lower Middle,70.61,38,51.1,24,8,13,7,7,NLP,33.5,27.5,79.47,83.2,A,8.74,52.89,52.11,57.54,97.87,Yes,Placed,10.17,Good
100479,Student_100479,Other,25,CSE,5,Nagpur,Upper Middle,,43,20.62,20,5,12,5,5,NLP,2.33,13.3,56.24,38.74,C,3.52,40.22,45.23,58.47,44.23,Yes,Not Placed,0,Poor
100480,Student_100480,Male,19,IT,3,Pune,Middle,72.43,25,35.38,22,7,12,6,6,Big Data,28.89,13.73,60.63,61.13,B,5.91,42.12,52.6,62.49,24.58,No,Not Placed,0,Average
100481,Student_100481,Male,20,CSE,5,Pune,Middle,73.1,33,71.57,22,6,9,4,6,Apache Spark,33.78,26.26,72.7,79.2,A,7.85,79.19,67.93,52.16,64.45,Yes,Placed,9.02,Good
100482,Student_100482,Female,22,Data Science,7,Nashik,Middle,60.6,28,27.0,15,5,12,1,5,Deep Learning,24.2,21.12,64.73,64.6,B,6.6,61.33,60.7,57.39,69.56,No,Not Placed,0,Average
100483,Student_100483,Male,22,IT,1,Nashik,High,85.91,49,63.81,18,7,15,5,7,Machine Learning,40,30,80.64,90.32,A+,8.93,80.65,66.17,62.96,58.91,No,Not Placed,0,Excellent
100484,Student_100484,Male,24,AIML,7,Thane,Lower Middle,56.1,6,7.2,5,6,4,1,4,Apache Spark,28.82,17.87,64.47,65.76,B,6.41,61.73,31.51,57.22,50.44,No,Not Placed,0,Average
100485,Student_100485,Male,20,Cyber Security,3,Thane,Middle,85.02,61,51.9,26,10,15,4,9,Machine Learning,20.11,21.11,55.15,56.73,B,5.94,52.86,37.05,61.94,58.94,Yes,Not Placed,0,Average
100486,Student_100486,Other,21,AIML,1,Nagpur,Middle,85.69,41,82.23,24,7,10,3,8,Deep Learning,34.9,30,100,96.17,A+,9.79,100,100,80.77,58.52,No,Placed,8.62,Excellent
100487,Student_100487,Male,22,AIML,3,Kolhapur,Low,77.71,29,52.91,12,5,13,4,7,Machine Learning,32.3,21.33,65.04,70.97,A,7.17,50.16,,59.69,35.51,No,Not Placed,0,Good
100488,Student_100488,Female,21,Cyber Security,6,Nashik,Low,70.75,15,38.31,17,6,7,5,6,Machine Learning,31.5,25.19,50.39,65.61,B,6.7,50.53,71.95,63.08,54.27,No,Not Placed,0,Average
100489,Student_100489,Other,23,Cyber Security,3,Pune,Middle,56.03,26,40.26,13,8,6,1,0,NLP,17.6,14.19,50.73,48.03,C,4.84,49.33,39.65,46.18,33.95,No,Not Placed,0,Poor
100490,Student_100490,Other,24,ECE,6,Kolhapur,Upper Middle,57.36,17,14.4,18,4,11,0,2,Deep Learning,34.32,19.29,,69.65,B,7.09,65.63,59.21,52.01,33.51,No,Not Placed,0,Average
100491,Student_100491,Female,24,ECE,4,Thane,Lower Middle,82.15,40,42.87,23,7,11,8,8,NLP,29.98,21.09,76.36,74.73,A,6.78,64.35,69.16,43.05,70.69,Yes,Placed,4.33,Good
100492,Student_100492,Male,23,Cyber Security,6,Pune,Lower Middle,85.78,52,63.81,16,10,15,7,5,Machine Learning,30.86,28.86,66.81,75.79,A,7.59,67.99,88.21,54.91,63.09,No,Not Placed,0,Good
100493,Student_100493,Female,24,IT,6,Pune,High,50.86,26,41.81,16,7,4,1,3,Apache Spark,3.6,9.86,37.47,28.01,C,2.48,14.39,44.47,29.14,26.51,No,Not Placed,0,Poor
100494,Student_100494,Male,19,AIML,3,Thane,High,69.21,26,41.83,14,5,8,2,3,NLP,25.72,21.2,53.84,60.34,B,6.26,63.63,43.65,16.51,53.03,Yes,Not Placed,0,Average
100495,Student_100495,Male,22,CSE,3,Kolhapur,Middle,78.18,31,51.43,13,8,12,2,10,NLP,27.27,22.57,89.75,80.37,A,7.89,68.56,90.68,60.36,43.1,Yes,Placed,3.99,Good
100496,Student_100496,Female,19,Data Science,8,Pune,Lower Middle,55.1,10,6.04,3,5,1,0,0,Apache Spark,12.45,13.62,55.77,46.3,C,4.26,39.7,30.98,,14.33,No,Not Placed,0,Poor
100497,Student_100497,Other,23,Data Science,1,Kolhapur,Lower Middle,75.69,51,20.37,30,12,17,6,6,Deep Learning,2.14,6.96,22.36,17.43,C,1.56,0,31.91,71.38,19.0,Yes,Not Placed,0,Poor
100498,Student_100498,Other,18,Data Science,3,Nagpur,Middle,66.58,38,58.54,21,9,10,9,11,Deep Learning,25.52,16.61,57.67,59.05,B,5.97,71.76,60.3,47.69,42.9,No,Not Placed,0,Average
100499,Student_100499,Male,23,AIML,7,Pune,Middle,75.91,49,24.0,12,7,7,2,2,Apache Spark,20.0,17.25,65.24,59.12,B,6.2,67.04,87.03,31.94,64.04,No,Not Placed,0,Average
100500,Student_100500,Other,20,CSE,6,Nagpur,Upper Middle,73.68,34,45.09,27,10,15,8,10,Big Data,19.13,19.16,56.06,55.15,B,5.54,43.91,25.51,55.42,66.22,No,Not Placed,0,Average
100501,Student_100501,Male,20,Cyber Security,8,Mumbai,Lower Middle,78.63,38,77.73,23,11,14,4,3,Machine Learning,24.42,30,69.98,73.31,A,7.36,100,75.42,37.1,77.56,Yes,Not Placed,0,Good
100502,Student_100502,Other,23,Cyber Security,4,Mumbai,High,82.04,34,29.64,27,8,12,2,9,Machine Learning,18.45,18.93,56.56,54.74,C,5.29,56.12,54.19,43.25,52.62,No,Not Placed,0,Poor
100503,Student_100503,Male,23,CSE,1,Nagpur,Middle,80.69,38,47.36,25,8,9,4,7,Apache Spark,21.84,20.48,59.67,59.87,B,5.57,43.74,49.16,67.8,55.27,No,Not Placed,0,Average
100504,Student_100504,Male,18,Data Science,4,Nagpur,Low,71.24,32,22.57,23,6,11,6,6,NLP,,13.21,59.39,51.2,C,4.92,29.41,36.04,52.53,40.54,No,Not Placed,0,Poor
100505,Student_100505,Male,22,ECE,7,Nagpur,Middle,72.11,30,74.77,27,9,7,5,8,Deep Learning,29.01,14.38,71.11,66.9,B,6.58,66.72,52.58,53.36,50.23,No,Not Placed,0,Average
100506,Student_100506,Other,19,IT,7,Nashik,Upper Middle,65.46,34,16.71,19,9,10,4,9,Apache Spark,1.84,10.49,27.89,22.32,C,1.97,18.28,40.41,58.21,37.8,Yes,Not Placed,0,Poor
100507,Student_100507,Male,23,IT,2,Pune,Low,80.99,43,55.96,20,10,13,4,8,NLP,18.63,21.46,40.33,48.44,C,5.19,38.1,50.98,78.19,41.07,Yes,Not Placed,0,Poor
100508,Student_100508,Other,18,AIML,3,Pune,Middle,70.48,31,36.1,18,7,6,3,8,Apache Spark,30.08,17.15,61.04,64.52,B,6.32,25.94,41.36,47.22,36.96,Yes,Not Placed,0,Average
100509,Student_100509,Other,24,AIML,6,Mumbai,Lower Middle,86.19,27,62.61,26,9,11,4,8,Big Data,37.02,27.19,79.9,85.84,A+,8.46,92.12,64.49,76.86,69.38,Yes,Not Placed,0,Excellent
100510,Student_100510,Male,20,Data Science,4,Pune,Low,80.01,36,75.0,20,9,10,7,4,Deep Learning,40,30,85.31,92.66,A+,8.95,88.92,96.51,65.64,96.15,Yes,Placed,5.11,Excellent
100511,Student_100511,Other,19,Cyber Security,1,Kolhapur,High,68.73,34,50.79,17,8,11,7,7,NLP,33.39,29.14,75.28,82.11,A,8.15,78.78,54.16,56.19,71.98,No,Not Placed,0,Good
100512,Student_100512,Female,25,ECE,3,Nashik,Low,61.52,30,19.12,15,8,6,3,2,Deep Learning,16.32,14.73,44.37,44.24,C,4.57,34.14,37.06,60.12,51.43,No,Not Placed,0,Poor
100513,Student_100513,Male,18,ECE,6,Thane,Upper Middle,83.1,51,68.57,26,10,12,5,13,Machine Learning,29.88,20.71,77.83,75.13,A,7.7,66.01,72.8,91.7,76.89,Yes,Placed,11.43,Good
100514,Student_100514,Female,18,CSE,5,Nashik,Upper Middle,68.21,25,13.12,13,6,12,1,0,Apache Spark,27.86,18.72,57.25,61.99,B,6.11,59.32,63.51,50.27,44.44,Yes,Not Placed,0,Average
100515,Student_100515,Female,18,Cyber Security,8,Pune,Low,82.9,71,85.02,36,12,19,5,11,Apache Spark,21.64,20.47,62.52,61.13,B,5.81,60.19,42.5,74.32,66.57,Yes,Not Placed,0,Average
100516,Student_100516,Other,24,CSE,2,Kolhapur,Lower Middle,69.36,30,14.56,26,6,10,5,4,Deep Learning,13.03,14.56,45.16,42.06,C,4.14,44.51,18.31,54.47,11.73,No,Not Placed,0,Poor
100517,Student_100517,Female,24,Data Science,3,Pune,Lower Middle,89.5,45,46.47,23,11,14,5,9,Machine Learning,27.88,19.98,67.86,68.16,B,6.82,49.62,46.35,64.32,43.99,No,Not Placed,0,Average
100518,Student_100518,Other,20,ECE,1,Nagpur,Lower Middle,81.01,28,41.24,18,7,11,6,6,Deep Learning,31.0,13.29,67.64,65.92,B,6.47,66.96,65.17,48.73,26.44,Yes,Not Placed,0,Average
100519,Student_100519,Male,19,CSE,8,Nagpur,Lower Middle,80.62,50,64.31,24,9,12,5,8,Statistics,33.02,22.03,75.6,77.25,A,7.2,61.55,62.3,62.45,46.56,No,Not Placed,0,Good
100520,Student_100520,,18,ECE,7,Kolhapur,High,78.44,27,41.37,18,8,7,3,6,Statistics,13.13,19.64,70.26,58.07,B,6.29,54.76,48.98,54.88,46.45,No,Placed,5.01,Average
100521,Student_100521,Other,22,AIML,6,Pune,Middle,,69,22.09,32,8,11,0,9,Big Data,14.38,17.03,57.43,50.86,C,5.13,13.06,35.87,78.49,72.18,No,Not Placed,0,Poor
100522,Student_100522,Male,23,Data Science,4,Kolhapur,Lower Middle,75.02,44,65.45,17,8,9,4,5,Statistics,30.27,11.34,47.8,54.16,C,5.46,45.53,42.79,64.53,47.72,No,Not Placed,0,Poor
100523,Student_100523,Female,23,AIML,6,Pune,,64.5,39,7.52,27,9,9,1,8,Apache Spark,2.84,14.36,16.77,20.09,C,1.62,0,0,54.62,14.8,No,Not Placed,0,Poor
100524,Student_100524,Male,24,AIML,6,Nashik,High,80.99,22,58.65,15,9,7,5,5,NLP,32.32,21.59,85.92,81.59,A,8.21,67.92,88.18,48.8,43.57,No,Not Placed,0,Good
100525,Student_100525,Other,22,ECE,6,Nagpur,Low,90.22,55,66.35,31,12,14,12,11,Machine Learning,39.84,27.36,61.0,78.62,A,8.53,58.49,64.13,79.87,88.8,No,Placed,11.05,Good
100526,Student_100526,Female,21,CSE,3,Nashik,Lower Middle,69.46,38,56.82,21,7,7,3,4,Deep Learning,25.79,14.76,64.2,61.28,B,6.21,52.1,60.27,45.18,16.19,No,Not Placed,0,Average
100527,Student_100527,Female,24,CSE,1,Satara,Middle,66.44,20,11.3,10,9,5,1,0,Statistics,20.36,14.9,45.14,47.77,C,4.77,41.26,48.07,40.67,33.08,Yes,Not Placed,0,Poor
100528,Student_100528,Male,18,Cyber Security,8,Nagpur,High,85.5,32,75.3,18,7,10,8,3,NLP,33.96,25.91,83.17,84.33,A,8.39,99.93,65.61,53.95,75.41,Yes,Placed,13.67,Good
100529,Student_100529,Male,23,CSE,5,Nashik,Upper Middle,60.66,10,15.64,10,9,8,0,0,NLP,24.32,17.07,57.27,58.25,B,5.97,38.18,47.86,35.68,27.85,No,Not Placed,0,Average
100530,Student_100530,Other,23,Cyber Security,6,Nagpur,Middle,90.92,30,68.19,30,9,15,8,12,Machine Learning,40,30,87.16,93.58,A+,9.08,100,81.88,65.41,84.54,Yes,Placed,3.09,Excellent
100531,Student_100531,Male,21,Data Science,7,Mumbai,Upper Middle,,53,70.11,32,12,15,6,12,Machine Learning,33.24,15.13,94.6,82.32,A,7.86,91.34,48.63,70.99,91.93,No,Not Placed,0,Good
100532,Student_100532,Other,19,AIML,5,Thane,Upper Middle,79.42,13,65.23,20,7,8,3,6,Machine Learning,40,30,81.94,90.97,A+,9.08,97.24,100,63.78,92.45,Yes,Placed,7.5,Excellent
100533,Student_100533,Male,21,AIML,3,Mumbai,Upper Middle,86.31,49,50.94,28,11,11,6,8,Deep Learning,23.83,19.94,66.96,64.64,B,6.11,55.54,,55.82,,No,Not Placed,0,Average
100534,Student_100534,Female,19,IT,1,Nagpur,Upper Middle,64.96,33,23.35,22,8,12,1,6,Statistics,,13.97,56.99,47.13,C,4.82,23.21,30.31,55.98,30.94,No,Not Placed,0,Poor
100535,Student_100535,Female,20,CSE,1,Satara,Middle,75.37,37,1.43,7,9,9,2,2,Statistics,19.88,15.2,48.89,49.49,C,5.25,52.4,56.02,24.91,61.16,Yes,Not Placed,0,Poor
100536,Student_100536,Other,21,ECE,8,Kolhapur,Upper Middle,87.43,55,41.76,27,10,13,5,5,Deep Learning,18.62,24.68,76.64,68.74,B,6.6,66.43,45.55,63.73,52.4,No,Not Placed,0,Average
100537,Student_100537,Other,25,AIML,5,Nashik,High,79.03,38,51.72,23,11,12,6,12,Deep Learning,20.65,19.13,80.11,68.3,B,6.85,53.4,36.91,64.06,48.13,No,Not Placed,0,Average
100538,Student_100538,Other,22,ECE,2,Kolhapur,High,75.36,40,58.47,30,8,15,3,10,Big Data,21.04,29.67,59.6,65.36,B,6.59,54.01,40.02,52.74,62.07,No,Not Placed,0,Average
100539,Student_100539,Other,23,IT,6,Pune,Low,95.12,60,59.95,24,10,15,7,7,Machine Learning,15.32,19.8,64.01,56.69,B,5.81,55.62,28.47,94.37,51.17,Yes,Not Placed,0,Average
100540,Student_100540,Other,24,IT,2,Satara,High,74.59,28,36.51,18,7,7,1,5,Statistics,20.19,14.03,60.06,54.53,C,5.22,73.27,48.19,48.66,66.93,No,Not Placed,0,Poor
100541,Student_100541,Other,19,AIML,2,Mumbai,High,57.57,31,28.35,9,3,6,4,2,Deep Learning,23.48,16.39,67.56,62.31,B,6.17,57.78,64.82,28.41,20.41,No,Not Placed,0,Average
100542,Student_100542,Other,22,Cyber Security,1,Nashik,Upper Middle,79.36,47,66.79,21,10,11,9,8,Deep Learning,23.86,30,82.48,79.13,A,8.13,74.91,63.03,46.74,63.09,No,Not Placed,0,Good
100543,Student_100543,Other,21,IT,3,Pune,Middle,60.52,27,0,9,3,5,7,0,Apache Spark,7.95,0.42,29.6,21.04,C,2.21,10.93,36.62,32.29,13.56,Yes,Not Placed,0,Poor
100544,Student_100544,Female,21,IT,4,Nashik,Upper Middle,81.37,51,72.79,39,12,17,8,11,Big Data,21.45,18.02,73.75,64.98,B,6.33,54.16,56.57,69.83,57.32,Yes,Placed,5.77,Average
100545,Student_100545,Female,25,IT,6,Mumbai,Lower Middle,56.57,20,7.96,6,4,5,1,0,Big Data,4.61,15.59,49.77,38.74,C,3.99,31.65,21.69,20.6,17.15,No,Not Placed,0,Poor
100546,Student_100546,Female,21,AIML,1,Pune,Upper Middle,80.59,47,65.24,17,9,10,1,5,Big Data,32.23,28.85,82.5,84.65,A,8.39,68.76,78.15,48.8,96.97,Yes,Placed,5.39,Good
100547,Student_100547,Female,21,Data Science,8,Nashik,Low,,35,61.14,26,9,10,1,7,Machine Learning,16.81,17.28,55.08,51.67,C,5.1,64.26,35.79,55.18,33.36,Yes,Not Placed,0,Poor
100548,Student_100548,Male,19,Data Science,5,Kolhapur,Lower Middle,80.67,43,36.66,15,10,13,5,7,NLP,27.14,20.45,62.78,65.38,B,6.38,58.14,,44.62,63.52,No,Not Placed,0,Average
100549,Student_100549,Female,24,CSE,4,Nagpur,Middle,63.37,12,20.4,8,5,3,5,0,Statistics,32.32,18.22,79.42,76.1,A,7.58,68.44,68.25,48.16,51.32,No,Not Placed,0,Good
100550,Student_100550,Female,21,AIML,2,Pune,Middle,79.17,44,71.8,25,10,11,4,8,Deep Learning,28.32,18.28,64.89,65.87,B,6.63,57.42,43.75,63.38,65.45,Yes,Placed,10.77,Average
100551,Student_100551,Male,25,IT,1,Kolhapur,Middle,91.23,55,52.63,30,12,15,6,16,NLP,27.25,22.62,83.46,77.25,A,8.0,83.22,44.63,80.92,51.72,Yes,Placed,8.73,Good
100552,Student_100552,Female,22,IT,3,Kolhapur,Upper Middle,83.6,20,54.48,,6,7,5,7,Deep Learning,,30,66.14,70.27,A,6.89,66.55,43.98,46.44,50.33,No,Not Placed,0,Good
100553,Student_100553,Other,23,CSE,5,Satara,Low,56.56,39,16.44,23,6,10,4,4,Machine Learning,10.2,9.77,37.22,32.77,C,3.08,7.9,10.4,49.63,43.1,No,Not Placed,0,Poor
100554,Student_100554,Male,20,CSE,3,Pune,Upper Middle,72.43,23,30.76,13,6,6,4,5,Deep Learning,16.86,12.31,41.86,41.79,C,4.47,20.2,37.54,33.64,29.44,No,Not Placed,0,Poor
100555,Student_100555,Female,21,Data Science,7,Kolhapur,Low,71.51,28,14.03,11,4,6,3,2,Big Data,27.38,17.15,47.34,55.64,B,5.52,51.93,52.18,44.67,26.9,No,Not Placed,0,Average
100556,Student_100556,Female,24,Data Science,8,Nagpur,Upper Middle,75.34,25,25.94,22,8,13,2,7,Machine Learning,22.95,16.1,45.76,50.83,C,4.93,40.03,46.09,44.01,36.88,No,Not Placed,0,Poor
100557,Student_100557,Male,25,Cyber Security,1,Satara,High,81.6,42,58.8,27,9,14,8,8,Deep Learning,34.51,28.92,84.6,87.46,A+,8.69,91.74,58.01,49.72,65.51,No,Not Placed,0,Excellent
100558,Student_100558,Other,18,Data Science,6,Pune,Low,,13,25.38,9,7,9,3,4,NLP,18.09,25.65,65.55,63.45,B,6.63,25.85,71.49,44.88,45.42,No,Not Placed,0,Average
100559,Student_100559,Female,22,AIML,5,Kolhapur,Upper Middle,75.91,32,21.72,10,7,11,3,3,Apache Spark,18.8,16.37,47.76,48.89,C,4.6,39.53,57.8,38.05,,No,Not Placed,0,Poor
100560,Student_100560,Other,19,AIML,6,Thane,Upper Middle,74.34,28,62.27,22,7,7,3,0,Statistics,39.3,26.85,53.06,73.9,A,7.5,77.54,84.33,51.7,59.81,No,Placed,5.91,Good
100561,Student_100561,Other,25,Cyber Security,8,Pune,Low,83.26,53,66.25,30,9,15,6,12,Deep Learning,17.65,15.21,64.56,55.66,B,5.42,41.22,31.37,71.65,53.55,No,Not Placed,0,Average
100562,Student_100562,Male,22,IT,6,Kolhapur,High,81.33,46,61.62,20,9,14,7,9,Statistics,40,23.02,74.88,82.79,A,8.25,70.99,66.13,73.58,50.79,Yes,Placed,13.21,Good
100563,Student_100563,Female,24,IT,2,Mumbai,Low,83.19,42,65.54,25,9,9,2,10,Deep Learning,36.74,25.1,91.67,90.12,A+,9.06,84.35,70.45,91.04,67.82,Yes,Placed,7.48,Excellent
100564,Student_100564,Male,24,Data Science,2,Satara,Lower Middle,60.91,23,23.83,4,7,7,0,1,NLP,8.51,10.34,53.83,40.19,C,3.66,51.83,38.12,,31.82,Yes,Not Placed,0,Poor
100565,Student_100565,Other,22,AIML,4,Kolhapur,Low,67.92,8,29.31,4,3,6,0,0,Statistics,33.93,29.87,71.46,81.09,A,8.44,74.13,80.51,18.69,48.17,No,Not Placed,0,Good
100566,Student_100566,Male,19,Cyber Security,2,Kolhapur,Middle,62.32,26,40.19,12,4,7,3,0,Apache Spark,20.03,11.78,38.01,41.87,C,4.23,45.72,58.74,46.56,52.98,Yes,Not Placed,0,Poor
100567,Student_100567,Female,19,Cyber Security,4,Thane,High,73.96,47,32.71,29,11,13,10,9,Statistics,18.5,10.3,62.82,52.15,C,4.94,39.55,25.58,70.88,,No,Not Placed,0,Poor
100568,Student_100568,Female,23,Data Science,5,Nashik,Upper Middle,70.41,29,24.14,13,6,6,0,7,Big Data,8.95,13.14,20.62,25.78,C,2.77,23.17,49.24,,8.78,No,Not Placed,0,Poor
100569,Student_100569,Other,21,Cyber Security,7,Thane,Upper Middle,64.21,7,12.05,6,5,4,0,1,Statistics,21.12,2.51,38.13,36.58,C,3.81,43.42,42.64,14.71,5.62,No,Not Placed,0,Poor
100570,Student_100570,Other,24,Data Science,3,Mumbai,Low,59.13,16,19.8,16,8,6,0,2,Big Data,13.29,10.15,29.32,31.4,C,2.9,4.59,26.71,60.82,11.1,No,Not Placed,0,Poor
100571,Student_100571,Female,24,CSE,2,Kolhapur,Middle,81.71,63,46.68,28,10,14,7,13,Big Data,18.96,19.54,58.17,56.33,B,5.93,51.61,31.34,59.09,45.39,No,Not Placed,0,Average
100572,Student_100572,Male,19,Cyber Security,8,Thane,Lower Middle,75.3,37,43.46,24,7,10,3,4,Machine Learning,18.08,9.13,54.47,46.88,C,4.99,49.51,29.99,49.73,28.15,No,Not Placed,0,Poor
100573,Student_100573,Female,23,IT,4,Nagpur,Low,73.5,37,58.11,17,9,11,2,2,Deep Learning,40,30,69.63,84.81,A,8.74,,80.8,39.99,77.56,No,Placed,11.62,Good
100574,Student_100574,Male,25,CSE,2,Nashik,Lower Middle,66.58,48,28.11,24,9,14,5,10,Machine Learning,5.79,0,22.56,15.62,C,1.61,28.45,8.84,80.08,10.04,Yes,Not Placed,0,Poor
100575,Student_100575,Other,19,IT,6,Kolhapur,Middle,65.92,23,35.82,13,4,6,1,0,Deep Learning,35.3,30,91.01,91.98,A+,8.93,100,93.38,57.66,74.13,No,Placed,4.51,Excellent
100576,Student_100576,Female,22,AIML,8,Satara,Middle,73.58,27,65.89,19,7,11,5,6,Statistics,40,28.86,80.32,89.4,A+,9.26,100,96.46,73.61,,No,Placed,3.67,Excellent
100577,Student_100577,,23,CSE,7,Thane,Low,62.73,26,31.14,14,6,8,7,6,Big Data,,15.74,65.2,60.9,B,5.78,45.45,49.57,44.67,24.21,No,Not Placed,0,Average
100578,Student_100578,Female,24,ECE,3,Satara,Middle,82.84,32,37.76,24,9,11,3,9,Statistics,38.19,21.24,86.32,85.96,A+,8.21,67.92,75.19,53.24,81.7,No,Not Placed,0,Excellent
100579,Student_100579,Male,18,Data Science,8,Pune,Middle,75.52,28,45.71,20,10,5,2,5,Deep Learning,21.59,22.9,54.15,58.53,B,5.89,46.2,50.74,58.38,26.58,No,Not Placed,0,Average
100580,Student_100580,Female,18,AIML,5,Nashik,Lower Middle,87.64,51,66.2,28,6,14,5,7,NLP,40,30,96.6,98.3,A+,9.63,95.85,67.69,60.85,57.94,Yes,Placed,6.89,Excellent
100581,Student_100581,Other,22,Cyber Security,6,Kolhapur,Middle,53.63,5,0,6,4,4,2,2,Big Data,9.42,5.99,22.23,22.17,C,2.48,0,,33.43,14.93,No,Not Placed,0,Poor
100582,Student_100582,Female,20,AIML,6,Satara,Lower Middle,62.69,25,,15,6,8,2,6,Statistics,19.75,15.88,45.93,48.36,C,4.94,43.86,33.79,41.79,14.0,No,Not Placed,0,Poor
100583,Student_100583,Other,22,AIML,1,Mumbai,Lower Middle,98,55,39.07,43,12,19,7,16,Deep Learning,19.5,23.01,72.09,66.01,B,6.62,65.26,41.89,81.31,49.8,No,Not Placed,0,Average
100584,Student_100584,Female,19,Cyber Security,3,Nashik,Upper Middle,71.35,48,22.31,21,10,10,6,6,Machine Learning,4.76,2.61,37.93,24.28,C,2.34,,21.79,65.5,46.88,Yes,Not Placed,0,Poor
100585,Student_100585,Other,22,IT,7,Pune,Middle,85.29,47,73.65,30,8,11,10,6,Machine Learning,35.91,24.4,92.98,89.69,A+,9.13,98.46,60.53,59.34,63.94,Yes,Placed,11.53,Excellent
100586,Student_100586,Other,18,CSE,6,Nashik,Lower Middle,74.89,22,51.31,12,6,11,1,4,Deep Learning,35.23,26.37,82.36,85.18,A+,8.4,79.7,69.69,50.29,58.32,No,Not Placed,0,Excellent
100587,Student_100587,,25,Data Science,5,Nagpur,Middle,88.97,39,55.14,26,9,12,4,12,Apache Spark,32.18,24.51,81.06,81.01,A,8.23,73.85,46.77,63.59,65.33,No,Placed,12.81,Good
100588,Student_100588,Male,18,Data Science,4,,High,,67,80.63,38,12,18,7,15,NLP,38.31,26.13,88.56,90.43,A+,8.99,66.15,63.49,78.59,56.8,No,Placed,8.5,Excellent
100589,Student_100589,Other,18,ECE,3,Mumbai,Low,64.84,11,58.66,2,2,5,0,0,Apache Spark,29.66,30,79.14,81.82,A,8.74,74.53,89.77,52.62,53.35,No,Not Placed,0,Good
100590,Student_100590,Other,24,Cyber Security,6,Nashik,Low,69.73,18,27.91,14,6,7,1,5,Machine Learning,33.58,21.33,64.32,71.57,A,7.32,89.15,72.58,41.76,48.88,Yes,Not Placed,0,Good
100591,Student_100591,Female,22,Data Science,5,Thane,High,61.54,31,34.85,18,7,6,2,5,Machine Learning,19.38,15.84,,50.9,C,5.31,43.02,58.58,64.9,58.83,No,Not Placed,0,Poor
100592,Student_100592,Other,21,CSE,5,Pune,High,71.45,44,57.97,18,8,12,5,9,Apache Spark,38.76,30,85.18,91.66,A+,9.48,81.46,75.46,54.94,87.35,Yes,Placed,11.68,Excellent
100593,Student_100593,Other,18,Data Science,1,Nagpur,High,62.8,21,0,12,5,6,4,1,Statistics,26.92,18.12,44.76,54.65,C,5.24,42.63,41.48,52.79,32.97,No,Not Placed,0,Poor
100594,Student_100594,Female,20,AIML,2,Pune,Lower Middle,71.01,41,32.09,17,8,9,3,6,Apache Spark,,0,49.87,38.35,C,3.91,35.2,47.07,71.44,18.83,No,Not Placed,0,Poor
100595,Student_100595,Other,20,AIML,6,Pune,High,79.36,39,46.17,22,10,7,3,7,Apache Spark,19.4,25.37,60.3,61.62,B,5.96,,33.54,64.63,35.05,No,Not Placed,0,Average
100596,Student_100596,Female,22,CSE,2,Satara,Low,66.44,31,20.05,11,5,7,0,2,NLP,13.63,18.49,54.26,49.67,C,4.81,45.07,35.56,38.27,38.64,Yes,Not Placed,0,Poor
100597,Student_100597,Male,21,Cyber Security,7,Satara,Low,80.08,39,37.25,,10,12,5,7,NLP,40,28.85,81.6,90.03,A+,8.85,85.18,68.09,54.7,55.08,No,Placed,4.59,Excellent
100598,Student_100598,Male,25,ECE,8,Nashik,Lower Middle,75.28,25,31.0,17,6,8,2,3,Statistics,,20.26,50.09,48.6,C,5.35,59.79,31.53,27.98,44.26,No,Not Placed,0,Poor
100599,Student_100599,Female,23,IT,3,Nagpur,Low,85.28,36,39.81,23,9,14,9,5,Deep Learning,30.12,8.94,64.72,60.9,B,6.0,51.0,48.52,47.18,35.19,Yes,Not Placed,0,Average
100600,Student_100600,Male,19,CSE,8,Pune,High,58.86,8,5.87,14,5,6,0,0,Big Data,14.33,15.75,41.28,41.89,C,3.77,50.88,62.69,32.05,20.08,No,Not Placed,0,Poor
100601,Student_100601,Female,20,AIML,8,Nagpur,Upper Middle,84.93,39,55.28,25,9,12,3,10,Big Data,,26.02,64.17,78.17,A,7.54,75.73,76.26,58.44,58.22,Yes,Not Placed,0,Good
100602,Student_100602,Female,19,ECE,1,Nagpur,High,69.69,20,60.72,13,7,11,2,6,Deep Learning,28.67,20.57,73.31,71.87,A,7.44,84.46,82.6,40.31,39.19,Yes,Placed,3.8,Good
100603,Student_100603,Male,25,Data Science,8,Mumbai,Middle,82.28,41,73.69,26,10,16,8,9,NLP,28.56,13.36,63.88,62.27,B,6.4,56.13,31.03,68.69,59.17,No,Not Placed,0,Average
100604,Student_100604,Male,21,AIML,4,Pune,High,68.39,36,29.09,9,9,8,1,8,NLP,13.47,20.15,50.94,49.01,C,4.51,29.64,45.5,42.77,40.02,No,Not Placed,0,Poor
100605,Student_100605,Other,23,ECE,6,Pune,Low,74.96,14,11.46,16,5,10,0,5,NLP,21.93,12.04,50.31,49.63,C,5.15,66.67,54.26,46.26,37.22,No,Not Placed,0,Poor
100606,Student_100606,Other,23,AIML,3,Nagpur,Upper Middle,60.15,21,33.71,16,7,9,0,4,Apache Spark,17.73,5.12,54.14,43.78,C,4.71,22.07,22.89,45.23,3.82,No,Not Placed,0,Poor
100607,Student_100607,Male,21,Data Science,7,Nagpur,Middle,76.65,52,43.87,29,12,9,8,11,Statistics,18.73,11.92,33.7,38.85,C,3.89,46.74,27.55,73.27,48.22,No,Not Placed,0,Poor
100608,Student_100608,Male,23,Cyber Security,1,Satara,Low,78.98,34,55.1,24,9,14,4,9,Statistics,28.33,28.28,62.18,71.19,A,7.22,75.7,47.99,43.81,57.11,No,Not Placed,0,Good
100609,Student_100609,Male,19,AIML,7,Thane,High,76.22,42,43.79,29,9,11,0,7,Deep Learning,13.58,12.88,47.43,42.49,C,3.91,21.86,32.35,57.79,19.68,No,Not Placed,0,Poor
100610,Student_100610,Other,25,Data Science,2,Kolhapur,Low,96.26,76,80.17,38,12,18,10,14,Deep Learning,31.84,24.15,82.0,80.98,A,7.99,84.69,37.58,100,75.11,No,Not Placed,0,Good
100611,Student_100611,Other,21,ECE,6,Nashik,Middle,67.46,29,35.35,17,7,11,4,6,Deep Learning,6.94,7.2,19.13,19.57,C,1.71,20.51,41.35,42.08,16.18,No,Not Placed,0,Poor
100612,Student_100612,Other,19,CSE,8,Nashik,Middle,90.19,60,72.24,34,10,18,6,11,Statistics,26.54,23.86,65.01,68.32,B,6.73,62.38,58.39,51.59,,No,Not Placed,0,Average
100613,Student_100613,Male,22,ECE,8,Nagpur,Middle,82.41,62,97.22,32,10,13,5,13,Deep Learning,40,30,96.8,98.4,A+,10,100,74.93,80.51,95.03,No,Placed,5.2,Excellent
100614,Student_100614,Other,18,IT,4,Nagpur,Middle,63.55,13,11.07,8,5,3,1,3,Big Data,24.11,17.0,53.0,55.92,B,5.28,59.05,56.07,46.71,47.41,Yes,Not Placed,0,Average
100615,Student_100615,Male,19,Cyber Security,4,Mumbai,High,59.89,23,3.68,6,4,6,0,3,Apache Spark,24.76,11.4,69.85,61.09,B,6.09,53.1,37.04,30.71,34.6,No,Not Placed,0,Average
100616,Student_100616,Other,24,CSE,4,Nashik,High,68.78,31,47.73,18,8,12,4,5,Big Data,31.37,24.04,65.56,72.33,A,7.39,,55.31,51.28,33.7,Yes,Not Placed,0,Good
100617,Student_100617,Male,22,IT,5,Nagpur,Lower Middle,85.01,26,43.32,27,9,13,0,6,Deep Learning,32.33,27.17,66.26,75.49,A,7.6,67.59,67.32,43.53,50.89,Yes,Not Placed,0,Good
100618,Student_100618,Female,22,Data Science,5,Mumbai,High,73.76,36,50.03,26,7,14,5,8,Machine Learning,18.28,20.07,60.75,57.47,B,5.85,62.94,49.03,84.49,56.25,No,Not Placed,0,Average
100619,Student_100619,Other,19,CSE,5,Thane,Lower Middle,63.58,17,31.6,3,5,7,3,3,NLP,24.2,18.74,49.01,55.15,B,5.51,29.07,46.05,43.88,13.17,No,Not Placed,0,Average
100620,Student_100620,Male,21,ECE,2,Nashik,Lower Middle,64.95,33,13.11,18,7,10,4,9,Statistics,8.79,7.83,31.55,27.59,C,2.46,31.71,19.81,60.53,30.69,No,Not Placed,0,Poor
100621,Student_100621,Male,24,Data Science,6,Mumbai,Low,83.92,61,36.22,34,8,11,5,13,Big Data,23.52,16.47,48.72,52.98,C,5.2,27.69,23.9,63.99,48.79,No,Not Placed,0,Poor
100622,Student_100622,Male,19,Cyber Security,1,Nagpur,Low,91.1,58,51.56,37,11,18,8,15,Statistics,28.06,22.97,69.9,71.31,A,7.58,69.55,37.77,89.32,65.22,Yes,Placed,7.46,Good
100623,Student_100623,Male,19,Data Science,4,Mumbai,Upper Middle,75.93,19,47.21,15,6,10,6,6,Statistics,15.75,13.78,40.46,41.23,C,4.27,46.5,30.16,37.92,32.32,Yes,Not Placed,0,Poor
100624,Student_100624,Other,18,Data Science,5,Pune,Upper Middle,93.03,73,91.27,42,12,18,10,13,NLP,25.86,27.15,91.82,83.41,A,8.35,87.46,45.98,78.54,74.66,Yes,Not Placed,0,Good
100625,Student_100625,Male,24,CSE,4,Pune,High,68.74,33,34.91,17,5,5,0,4,Machine Learning,19.75,14.55,35.66,42.34,C,4.17,42.84,27.19,65.17,38.33,No,Not Placed,0,Poor
100626,Student_100626,Other,24,CSE,8,,Lower Middle,86.39,57,99.58,30,9,16,8,12,Big Data,40,30,100,100.0,A+,9.82,100,98.4,59.28,100,Yes,Placed,11.84,Excellent
100627,Student_100627,Male,21,ECE,7,Nagpur,Lower Middle,72.79,22,21.63,11,7,7,4,4,Deep Learning,16.03,10.54,46.13,42.12,C,4.22,37.91,45.88,61.56,44.34,Yes,Not Placed,0,Poor
100628,Student_100628,,19,AIML,7,Thane,Lower Middle,84.0,50,65.81,31,9,11,5,8,Apache Spark,29.33,25.1,61.7,69.58,B,7.28,55.02,59.37,64.6,51.32,No,Not Placed,0,Average
100629,Student_100629,Female,21,Cyber Security,5,Kolhapur,High,85.69,80,82.33,43,9,15,11,12,Statistics,23.73,16.19,64.01,60.6,B,5.75,34.45,41.98,95.48,59.94,No,Not Placed,0,Average
100630,Student_100630,Male,18,CSE,7,Satara,Upper Middle,61.59,9,24.62,3,6,5,0,0,Big Data,23.18,25.11,49.7,58.97,B,5.96,63.04,87.01,42.91,44.18,Yes,Placed,8.82,Average
100631,Student_100631,Other,25,Data Science,8,Satara,High,68.37,33,8.87,17,5,8,4,4,Machine Learning,27.45,18.42,46.04,55.89,B,5.52,68.11,52.6,44.88,51.41,No,Not Placed,0,Average
100632,Student_100632,Other,19,CSE,2,Nashik,Middle,62.85,15,32.91,15,5,8,3,1,Big Data,25.03,18.63,65.39,63.89,B,6.47,74.07,,43.45,55.62,No,Placed,3.79,Average
100633,Student_100633,Other,25,ECE,6,Thane,Middle,84.16,40,78.44,26,9,9,4,7,Big Data,38.12,30,82.67,89.92,A+,8.79,95.67,81.4,63.57,88.5,Yes,Placed,9.88,Excellent
100634,Student_100634,Other,23,IT,8,Mumbai,Middle,83.28,49,65.14,29,10,12,6,12,NLP,32.51,22.04,77.36,77.76,A,8.02,82.25,76.46,83.99,65.86,No,Placed,4.59,Good
100635,Student_100635,Female,19,AIML,6,Thane,Lower Middle,82.42,28,21.98,17,7,7,6,6,Machine Learning,15.46,19.03,56.77,52.67,C,5.33,47.53,55.66,55.62,33.84,No,Not Placed,0,Poor
100636,Student_100636,,22,ECE,2,Mumbai,Low,75.43,31,45.71,21,8,10,7,7,NLP,30.53,22.73,54.42,65.26,B,6.68,40.62,36.69,63.94,32.76,No,Not Placed,0,Average
100637,Student_100637,Female,18,IT,4,Mumbai,Lower Middle,96.76,23,50.23,25,7,8,6,6,Statistics,28.25,20.81,91.08,80.6,A,8.19,64.84,71.67,36.22,57.64,Yes,Not Placed,0,Good
100638,Student_100638,,23,Cyber Security,3,Mumbai,High,84.35,42,59.44,26,6,8,7,7,Machine Learning,34.18,24.17,92.72,88.11,A+,8.74,92.4,89.04,60.31,100,No,Placed,7.08,Excellent
100639,Student_100639,Other,23,AIML,3,Satara,Lower Middle,82.13,59,41.21,28,11,12,6,9,Statistics,26.47,15.62,67.18,63.86,B,6.25,62.36,35.37,32.58,43.08,No,Not Placed,0,Average
100640,Student_100640,Male,24,Cyber Security,5,Mumbai,Lower Middle,81.46,32,44.38,16,9,8,10,8,Machine Learning,29.65,24.84,75.87,76.73,A,7.87,85.22,75.08,57.16,68.41,No,Placed,8.09,Good
100641,Student_100641,Male,19,ECE,7,Nashik,High,61.36,11,9.52,17,5,5,1,0,Machine Learning,14.61,13.43,55.04,47.44,C,4.71,46.06,36.85,67.64,58.28,No,Not Placed,0,Poor
100642,Student_100642,Other,21,IT,3,Mumbai,Middle,78.53,45,34.06,25,9,12,3,7,Apache Spark,8.26,6.84,59.97,40.74,C,4.28,28.43,3.11,58.73,30.57,No,Not Placed,0,Poor
100643,Student_100643,Male,18,AIML,8,Nashik,High,73.64,37,67.23,25,10,12,5,6,Deep Learning,27.74,12.82,51.46,55.08,B,5.25,43.67,18.31,45.45,21.22,No,Not Placed,0,Average
100644,Student_100644,Female,20,IT,3,Nashik,Upper Middle,66.53,18,36.95,15,2,5,3,1,Big Data,10.33,18.16,41.18,40.45,C,4.13,41.62,62.18,28.68,80.15,No,Not Placed,0,Poor
100645,Student_100645,Other,23,Data Science,6,Pune,Lower Middle,81.61,55,50.32,23,12,16,8,9,Apache Spark,26.17,23.86,81.38,76.23,A,7.85,62.55,70.82,55.21,38.13,No,Placed,9.09,Good
100646,Student_100646,Other,21,IT,7,Nashik,Lower Middle,70.97,28,44.61,20,6,12,4,2,Deep Learning,15.01,22.59,63.84,58.23,B,5.93,63.46,47.74,60.73,45.61,No,Not Placed,0,Average
100647,Student_100647,Other,20,Cyber Security,4,Thane,Upper Middle,62.89,14,24.28,11,4,4,1,0,Apache Spark,21.87,25.29,65.61,66.07,B,6.64,83.55,80.63,23.09,34.83,No,Not Placed,0,Average
100648,Student_100648,Male,19,Data Science,7,Pune,High,53.4,9,8.68,7,5,8,0,0,Apache Spark,26.37,24.1,61.84,66.76,B,6.49,56.65,50.29,27.05,55.01,No,Not Placed,0,Average
100649,Student_100649,,20,IT,8,Nagpur,Middle,47.64,36,6.86,13,5,4,6,3,Big Data,18.9,15.34,39.93,44.37,C,4.44,50.29,61.38,23.08,32.22,Yes,Not Placed,0,Poor
100650,Student_100650,Female,19,ECE,7,Pune,Lower Middle,90.97,54,43.4,33,12,15,9,10,Deep Learning,36.1,30,84.95,89.55,A+,8.84,72.95,52.33,72.37,63.03,Yes,Not Placed,0,Excellent
100651,Student_100651,Male,20,ECE,6,Kolhapur,Upper Middle,88.65,41,12.55,15,6,7,3,4,Machine Learning,28.91,17.11,54.96,60.57,B,6.19,59.4,32.05,60.83,52.23,No,Not Placed,0,Average
100652,Student_100652,Other,24,Data Science,4,Pune,High,69.27,36,37.52,12,3,6,3,5,NLP,34.72,18.96,,78.4,A,7.96,40.4,64.04,54.65,38.51,No,Not Placed,0,Good
100653,Student_100653,Male,21,IT,8,Nashik,High,82.57,29,46.87,17,9,15,0,11,Big Data,33.25,22.53,69.01,74.46,A,7.95,66.38,56.97,40.0,61.87,No,Not Placed,0,Good
100654,Student_100654,Male,20,Cyber Security,2,Satara,High,68.39,41,64.82,26,8,10,5,8,Big Data,22.15,19.35,75.95,67.49,B,7.01,59.3,31.17,82.05,58.17,No,Not Placed,0,Average
100655,Student_100655,Other,18,IT,8,Nashik,Low,57.23,39,21.97,22,5,11,6,5,Apache Spark,7.42,22.75,52.88,47.18,C,4.79,49.05,26.64,42.73,55.49,Yes,Not Placed,0,Poor
100656,Student_100656,Other,25,ECE,2,Mumbai,Low,56.6,13,0.74,7,4,2,0,0,Statistics,20.22,13.13,42.69,45.27,C,4.71,37.91,57.97,16.82,28.51,No,Not Placed,0,Poor
100657,Student_100657,Female,22,AIML,6,Pune,Upper Middle,70.39,23,58.48,9,6,7,1,4,Deep Learning,33.59,22.67,64.87,72.74,A,7.31,59.19,67.98,30.6,51.68,No,Not Placed,0,Good
100658,Student_100658,Other,18,Data Science,3,Nagpur,Low,68.13,38,75.16,22,7,7,4,6,Apache Spark,27.4,11.16,62.56,59.26,B,5.43,58.62,53.57,46.09,59.94,Yes,Not Placed,0,Average
100659,Student_100659,Other,24,IT,8,Nagpur,Low,82.65,40,60.81,19,6,9,1,5,Apache Spark,26.23,22.73,70.79,70.22,A,6.82,83.61,54.18,37.58,58.31,Yes,Not Placed,0,Good
100660,Student_100660,Female,19,Data Science,2,Mumbai,Lower Middle,,50,103.21,29,12,17,10,14,Big Data,40,30,100,100.0,A+,9.96,100,100,62.82,100,Yes,Placed,13.78,Excellent
100661,Student_100661,Female,23,IT,2,Nagpur,Upper Middle,86.45,59,78.55,24,8,14,7,12,NLP,34.95,30,64.41,78.42,A,7.66,68.87,48.92,44.2,53.04,Yes,Not Placed,0,Good
100662,Student_100662,Female,20,IT,4,Nagpur,Upper Middle,88.98,41,58.61,29,8,13,5,6,Machine Learning,25.88,28.76,80.0,78.58,A,8.15,89.37,86.77,46.64,76.33,Yes,Placed,7.47,Good
100663,Student_100663,Other,20,AIML,8,Pune,Middle,82.99,49,87.09,26,11,12,5,7,NLP,37.73,28.79,90.29,92.64,A+,9.58,82.4,69.87,89.37,82.38,No,Placed,13.25,Excellent
100664,Student_100664,,25,Data Science,2,Nashik,High,80.43,32,45.65,22,9,10,4,10,Apache Spark,32.11,26.44,83.61,83.51,A,8.43,52.59,53.56,48.68,64.33,No,Not Placed,0,Good
100665,Student_100665,Male,18,IT,2,Mumbai,High,94.48,64,82.27,39,11,18,8,15,Machine Learning,29.6,21.25,63.49,68.11,B,7.26,58.56,20.18,97.89,75.01,No,Not Placed,0,Average
100666,Student_100666,Male,20,ECE,7,Pune,Low,69.8,4,10.24,9,4,5,1,0,Apache Spark,27.58,17.04,49.54,56.81,B,5.79,52.01,70.58,57.41,28.77,No,Not Placed,0,Average
100667,Student_100667,Male,22,Data Science,1,Pune,Middle,66.47,30,35.64,17,8,9,0,4,Apache Spark,23.6,20.45,62.55,62.61,B,6.06,61.32,52.46,36.68,32.0,No,Not Placed,0,Average
100668,Student_100668,Other,18,Cyber Security,6,Kolhapur,Middle,73.68,31,53.95,21,8,10,3,5,Machine Learning,31.61,19.83,71.78,72.82,A,7.23,41.94,57.03,69.47,49.66,No,Not Placed,0,Good
100669,Student_100669,Female,21,IT,6,Satara,Middle,74.1,56,48.04,29,8,13,6,9,NLP,22.54,15.66,63.23,58.96,B,6.1,38.1,37.54,76.22,44.55,No,Not Placed,0,Average
100670,Student_100670,Female,19,IT,7,Mumbai,Middle,66.76,11,40.68,4,6,3,0,3,Apache Spark,18.11,24.66,60.31,60.18,B,5.84,37.0,69.77,18.37,43.29,Yes,Not Placed,0,Average
100671,Student_100671,Male,22,AIML,6,Kolhapur,High,64.28,9,25.73,10,6,11,2,3,Statistics,17.55,17.4,56.83,53.18,C,5.34,42.82,54.34,40.38,40.79,No,Not Placed,0,Poor
100672,Student_100672,Other,25,Cyber Security,1,Nagpur,High,56.67,9,36.56,21,8,5,0,0,Apache Spark,25.83,23.68,73.6,71.96,A,7.32,66.1,66.69,40.58,60.16,No,Not Placed,0,Good
100673,Student_100673,Male,21,AIML,8,Nashik,Upper Middle,68.41,49,37.53,24,10,12,8,8,Apache Spark,27.83,16.83,74.03,69.11,B,6.83,49.9,34.51,44.86,60.4,Yes,Not Placed,0,Average
100674,Student_100674,Other,18,Cyber Security,8,Pune,Middle,61.37,31,31.66,19,4,8,4,2,Machine Learning,13.59,20.75,56.86,52.46,C,5.31,39.72,41.59,45.06,68.73,No,Not Placed,0,Poor
100675,Student_100675,Other,24,AIML,8,Thane,Upper Middle,84.16,40,80.03,34,12,15,7,14,NLP,21.57,23.74,70.7,67.36,B,6.81,53.84,67.65,74.29,57.56,No,Not Placed,0,Average
100676,Student_100676,Female,22,AIML,2,Satara,High,70.72,27,13.77,14,10,5,6,2,Machine Learning,15.59,15.29,46.28,45.03,C,4.92,49.01,45.76,51.61,38.84,No,Not Placed,0,Poor
100677,Student_100677,Other,19,Cyber Security,8,Pune,Middle,110,40,67.06,27,11,16,5,9,Machine Learning,40,30,76.1,88.05,A+,8.66,83.66,84.31,63.74,68.96,Yes,Placed,13.11,Excellent
100678,Student_100678,Female,18,Cyber Security,6,Nashik,Lower Middle,71.85,52,37.63,25,7,8,8,3,Deep Learning,22.34,17.17,57.8,57.1,B,5.49,46.72,41.8,70.9,49.55,No,Not Placed,0,Average
100679,Student_100679,Male,22,AIML,8,Pune,High,72.6,20,22.78,21,8,7,2,4,Deep Learning,10.71,12.8,51.74,42.44,C,4.24,39.41,26.28,51.17,6.87,No,Not Placed,0,Poor
100680,Student_100680,Female,23,CSE,6,Pune,Upper Middle,72.7,26,47.77,12,7,7,6,4,Deep Learning,34.46,20.96,61.16,70.4,A,7.09,50.81,56.01,50.92,42.04,No,Not Placed,0,Good
100681,Student_100681,Other,20,Cyber Security,6,Nagpur,,70.79,29,27.09,19,9,11,6,7,NLP,38.63,23.44,59.61,74.4,A,7.7,63.22,55.34,78.58,41.08,No,Not Placed,0,Good
100682,Student_100682,Female,21,Cyber Security,2,,High,82.08,46,,17,7,11,4,3,Deep Learning,22.51,28.46,63.02,67.36,B,6.81,51.79,57.61,54.77,57.44,No,Not Placed,0,Average
100683,Student_100683,Other,18,AIML,5,Nagpur,Low,78.26,59,42.66,28,8,9,9,10,Big Data,18.48,14.51,45.97,46.51,C,4.72,29.5,,63.44,18.57,No,Not Placed,0,Poor
100684,Student_100684,Other,24,CSE,4,Thane,Middle,77.95,36,51.83,28,10,14,5,11,Machine Learning,18.03,20.03,79.89,66.82,B,6.84,38.27,24.82,65.33,57.95,No,Not Placed,0,Average
100685,Student_100685,Male,21,Data Science,1,Mumbai,Lower Middle,80.4,28,,,6,10,7,4,Deep Learning,33.79,19.63,63.21,70.03,A,7.13,36.63,57.44,37.34,49.65,No,Not Placed,0,Good
100686,Student_100686,Male,21,ECE,5,Satara,,89.98,36,34.14,27,7,13,6,6,Apache Spark,18.57,21.89,72.34,64.69,B,7.02,37.83,72.37,42.54,67.16,No,Not Placed,0,Average
100687,Student_100687,,21,IT,4,Thane,Upper Middle,45.98,11,0,5,3,0,0,0,Machine Learning,8.16,12.67,,33.79,C,3.54,49.03,66.25,38.51,0,No,Not Placed,0,Poor
100688,Student_100688,Female,21,Data Science,3,Nagpur,Upper Middle,80.68,32,35.95,31,12,13,8,10,Big Data,23.18,21.41,59.78,61.55,B,6.24,57.03,21.28,,37.25,No,Not Placed,0,Average
100689,Student_100689,Other,25,Cyber Security,3,Kolhapur,Low,76.27,30,76.21,16,7,8,3,6,Statistics,37.11,29.98,70.02,82.83,A,8.16,78.35,70.05,,71.74,No,Not Placed,0,Good
100690,Student_100690,Female,21,Data Science,3,Nagpur,High,76.48,43,55.25,22,8,6,4,4,Statistics,25.23,16.29,66.86,63.22,B,5.89,56.87,47.09,76.31,44.25,No,Not Placed,0,Average
100691,Student_100691,Male,19,Cyber Security,6,Nagpur,Lower Middle,65.14,20,18.8,21,5,9,3,4,Machine Learning,18.48,12.84,44.9,44.87,C,3.99,44.45,25.48,42.82,22.36,No,Not Placed,0,Poor
100692,Student_100692,Female,19,Cyber Security,8,Nagpur,High,73.2,31,40.35,19,8,11,1,10,Machine Learning,18.47,13.78,56.22,51.15,C,5.31,19.15,38.57,32.76,34.88,Yes,Not Placed,0,Poor
100693,Student_100693,Other,18,Data Science,8,Satara,High,71.48,38,51.83,16,8,10,3,10,NLP,26.35,15.4,56.3,58.17,B,5.4,78.1,71.72,42.49,51.24,No,Not Placed,0,Average
100694,Student_100694,Male,21,Data Science,3,Satara,Lower Middle,63.96,27,11.17,25,7,8,1,8,Big Data,0.08,4.04,15.82,10.67,C,1.49,1.75,7.53,51.65,8.62,No,Not Placed,0,Poor
100695,Student_100695,Other,22,CSE,7,Pune,High,64.26,11,13.43,18,6,6,2,2,Deep Learning,12.22,11.02,47.61,40.31,C,4.61,32.71,29.09,21.91,12.69,No,Not Placed,0,Poor
100696,Student_100696,Male,20,CSE,3,Mumbai,Low,81.06,43,46.77,25,12,17,4,8,Machine Learning,28.8,21.8,73.43,72.85,A,7.65,64.93,43.98,65.09,54.56,No,Not Placed,0,Good
100697,Student_100697,Other,18,IT,6,Nagpur,Low,65.02,24,0,11,3,5,1,1,Statistics,9.97,6.51,30.73,27.18,C,2.91,21.8,24.06,29.03,12.14,No,Not Placed,0,Poor
100698,Student_100698,Other,21,IT,7,Thane,Lower Middle,83.09,51,60.77,28,9,13,5,10,Deep Learning,26.37,17.89,59.28,61.34,B,5.92,54.04,46.43,,46.42,No,Not Placed,0,Average
100699,Student_100699,Other,20,CSE,1,Satara,Lower Middle,83.46,28,52.08,17,8,9,2,7,Apache Spark,35.41,21.49,59.61,70.69,A,6.71,37.21,46.52,64.35,39.43,No,Not Placed,0,Good
100700,Student_100700,Female,18,CSE,1,Kolhapur,Lower Middle,83.16,44,50.07,21,11,10,5,6,NLP,28.13,17.74,54.61,60.23,B,6.1,17.08,63.43,51.15,49.44,Yes,Not Placed,0,Average
100701,Student_100701,Female,21,AIML,5,Nashik,Low,72.48,31,58.51,16,5,8,5,2,NLP,27.75,30,80.82,81.22,A,7.84,76.93,77.51,29.31,90.45,No,Placed,12.42,Good
100702,Student_100702,Other,24,Cyber Security,8,Mumbai,Upper Middle,84.44,51,44.8,29,10,14,5,9,Machine Learning,28.84,21.01,77.55,74.42,A,7.42,49.68,41.84,86.32,51.11,Yes,Not Placed,0,Good
100703,Student_100703,Other,22,CSE,4,Thane,High,72.0,16,39.02,9,5,8,5,0,NLP,29.17,25.29,77.87,77.67,A,8.02,87.07,81.92,46.51,63.29,No,Not Placed,0,Good
100704,Student_100704,Male,25,ECE,6,Nashik,Middle,85.57,63,77.52,29,12,18,7,14,Machine Learning,29.73,25.18,83.98,81.08,A,8.11,73.05,42.59,65.89,69.3,Yes,Placed,12.75,Good
100705,Student_100705,Other,24,IT,8,Nagpur,Lower Middle,86.15,50,38.58,28,10,12,10,10,Machine Learning,28.0,24.19,48.71,61.48,B,6.12,46.36,38.45,61.42,61.25,No,Not Placed,0,Average
100706,Student_100706,Other,23,AIML,8,Mumbai,High,85.81,38,33.31,18,5,10,5,3,Machine Learning,22.54,18.2,51.72,54.89,C,5.39,44.15,63.59,63.69,55.45,No,Not Placed,0,Poor
100707,Student_100707,Male,18,CSE,6,Nagpur,Upper Middle,66.11,28,19.97,16,9,6,3,4,Machine Learning,11.44,13.39,54.57,44.8,C,4.65,24.62,33.89,,11.92,Yes,Not Placed,0,Poor
100708,Student_100708,Female,24,ECE,2,Pune,High,53.25,16,10.12,6,3,4,1,0,NLP,16.22,14.51,47.59,45.63,C,4.63,45.59,46.23,48.4,33.21,No,Not Placed,0,Poor
100709,Student_100709,Female,19,Cyber Security,6,Mumbai,Middle,74.23,26,46.79,14,11,9,6,5,Statistics,26.88,7.6,75.15,62.81,B,6.05,70.09,79.84,48.68,50.45,Yes,Not Placed,0,Average
100710,Student_100710,Other,18,IT,1,Nashik,High,72.04,36,56.18,24,7,10,7,5,Big Data,31.16,27.88,64.46,74.18,A,7.61,58.21,56.4,49.18,67.67,Yes,Placed,5.0,Good
100711,Student_100711,Other,20,AIML,2,Mumbai,Low,80.07,44,44.78,18,8,8,3,7,Machine Learning,21.1,21.31,57.1,58.58,B,5.51,55.56,47.14,50.09,51.03,No,Not Placed,0,Average
100712,Student_100712,Male,25,IT,3,Mumbai,Middle,71.4,33,47.46,24,8,11,6,10,Big Data,22.98,24.86,60.38,64.0,B,6.31,44.16,54.75,52.12,36.57,No,Not Placed,0,Average
100713,Student_100713,Other,20,CSE,3,Satara,High,75.43,43,27.89,19,10,12,2,6,Machine Learning,12.66,17.75,53.74,48.19,C,4.96,40.42,52.57,70.88,3.51,Yes,Not Placed,0,Poor
100714,Student_100714,Male,25,Data Science,6,Kolhapur,Upper Middle,72.85,30,35.48,18,10,11,3,4,Apache Spark,29.56,20.13,64.58,67.88,B,6.85,73.09,27.88,58.5,63.2,No,Not Placed,0,Average
100715,Student_100715,Other,22,AIML,7,Pune,Lower Middle,66.82,51,68.58,27,12,18,7,11,Machine Learning,23.72,14.66,48.93,52.03,C,5.4,75.75,49.14,60.15,68.27,No,Not Placed,0,Poor
100716,Student_100716,Female,25,Cyber Security,2,Kolhapur,Upper Middle,77.48,50,45.55,26,10,15,6,10,Deep Learning,17.0,25.56,74.32,66.95,B,7.05,,61.98,83.21,70.38,No,Not Placed,0,Average
100717,Student_100717,Female,20,Cyber Security,8,Nashik,Middle,84.6,51,54.67,26,9,13,2,10,Machine Learning,13.13,20.2,53.41,50.03,C,4.96,70.66,30.45,60.13,70.5,No,Not Placed,0,Poor
100718,Student_100718,Male,18,CSE,8,Nagpur,High,74.83,30,45.79,20,3,10,3,3,Apache Spark,24.71,18.93,85.63,73.97,A,7.47,67.52,46.45,60.45,50.22,Yes,Not Placed,0,Good
100719,Student_100719,Other,23,AIML,2,Kolhapur,Upper Middle,125,32,27.64,16,7,8,2,0,NLP,23.54,23.81,,57.77,B,5.86,54.05,62.28,45.93,41.38,No,Not Placed,0,Average
100720,Student_100720,Female,19,IT,4,Kolhapur,Lower Middle,86.08,38,58.2,17,7,4,4,11,NLP,32.6,23.0,63.2,71.39,A,7.09,63.43,89.0,84.56,66.09,Yes,Not Placed,0,Good
100721,Student_100721,Male,24,ECE,2,Mumbai,Low,63.62,23,20.25,8,4,8,0,5,Apache Spark,20.84,11.15,54.78,50.46,C,4.92,57.95,38.05,44.77,9.68,Yes,Not Placed,0,Poor
100722,Student_100722,Male,18,AIML,4,Pune,High,73.32,25,32.51,12,7,7,2,8,Deep Learning,30.79,29.17,70.04,77.56,A,7.71,64.48,63.21,38.74,42.65,No,Not Placed,0,Good
100723,Student_100723,Male,21,CSE,3,Satara,Upper Middle,64.27,19,24.37,21,9,10,1,3,Apache Spark,24.37,19.8,56.02,59.48,B,5.6,51.64,47.42,43.59,22.41,No,Not Placed,0,Average
100724,Student_100724,Female,20,AIML,4,,Lower Middle,86.72,50,75.46,25,9,8,7,7,Big Data,31.27,27.24,75.69,79.45,A,7.58,53.89,52.08,55.18,81.51,No,Not Placed,0,Good
100725,Student_100725,Female,18,Cyber Security,8,Nashik,High,60.36,35,0,12,4,6,0,5,Deep Learning,7.59,3.42,35.68,25.82,C,2.53,10.3,15.17,48.26,0,No,Not Placed,0,Poor
100726,Student_100726,Male,24,AIML,8,Nagpur,Upper Middle,60.52,23,18.97,14,2,8,1,3,Statistics,16.75,15.89,57.15,51.73,C,5.27,62.4,58.23,45.47,47.55,No,Not Placed,0,Poor
100727,Student_100727,Male,22,ECE,1,Thane,Middle,88.12,53,95.72,33,9,12,6,11,Machine Learning,34.62,22.24,86.21,83.9,A,8.02,71.88,72.09,50.78,61.18,No,Not Placed,0,Good
100728,Student_100728,Male,18,AIML,4,Nagpur,Low,51.29,27,9.78,10,4,9,0,0,NLP,17.87,5.58,48.62,41.43,C,4.26,29.41,36.58,36.26,23.59,Yes,Not Placed,0,Poor
100729,Student_100729,Other,18,AIML,7,Kolhapur,Low,69.54,35,35.98,14,6,10,1,3,Statistics,14.95,14.16,42.36,41.83,C,4.06,32.98,37.33,38.25,46.35,No,Not Placed,0,Poor
100730,Student_100730,Male,18,IT,5,Thane,High,66.17,16,14.15,14,7,14,2,6,Apache Spark,17.36,11.16,46.62,43.77,C,4.17,29.55,37.23,48.55,41.64,No,Not Placed,60,Poor
100731,Student_100731,Other,19,ECE,5,Nagpur,Middle,75.96,27,45.67,26,10,15,5,9,Big Data,22.03,15.96,55.67,55.0,B,5.44,38.79,33.97,61.63,38.76,No,Not Placed,0,Average
100732,Student_100732,,20,CSE,8,Nagpur,High,73.31,42,45.62,17,9,8,5,5,Statistics,21.07,16.24,61.18,57.21,B,5.53,40.7,53.77,61.14,41.82,No,Not Placed,0,Average
100733,Student_100733,Male,18,AIML,2,Nashik,Low,59.05,8,36.52,5,6,2,0,1,NLP,17.35,17.42,47.25,48.25,C,4.93,47.67,60.34,25.38,34.42,No,Not Placed,0,Poor
100734,Student_100734,Female,25,AIML,3,Nashik,Low,76.36,25,50.71,16,4,6,4,5,NLP,16.26,24.9,63.83,60.71,B,5.95,74.13,86.88,33.63,75.33,No,Not Placed,0,Average
100735,Student_100735,Female,22,AIML,8,Kolhapur,Upper Middle,71.78,29,36.29,15,4,5,5,1,Deep Learning,25.31,25.12,60.19,65.83,B,6.49,55.89,48.56,25.6,53.02,Yes,Not Placed,0,Average
100736,Student_100736,Female,19,AIML,5,Pune,Lower Middle,95.11,63,49.88,30,12,14,8,9,Apache Spark,24.55,20.84,76.9,70.76,A,7.34,53.56,64.26,68.56,58.85,Yes,Placed,6.41,Good
100737,Student_100737,Other,24,IT,7,Pune,High,78.22,14,16.49,23,8,10,1,7,NLP,14.24,13.2,42.52,40.74,C,4.0,23.56,28.27,55.2,30.84,No,Not Placed,0,Poor
100738,Student_100738,Female,19,ECE,1,Thane,Lower Middle,74.07,41,60.04,20,8,7,4,8,Apache Spark,34.34,21.38,,79.9,A,7.51,67.48,74.35,66.71,68.04,No,Not Placed,0,Good
100739,Student_100739,Male,22,IT,4,Thane,Lower Middle,68.19,30,15.75,15,5,15,3,4,Deep Learning,25.37,9.14,45.51,47.88,C,5.04,25.43,,28.96,13.18,Yes,Not Placed,0,Poor
100740,Student_100740,Other,19,Data Science,3,Satara,High,65.91,0,24.76,8,3,4,0,0,Statistics,20.93,18.77,73.49,64.96,B,6.8,74.74,89.61,9.13,54.08,Yes,Placed,13.96,Average
100741,Student_100741,Female,18,AIML,2,Nagpur,High,81.97,50,48.41,22,10,11,7,7,Apache Spark,29.69,28.91,66.98,75.03,A,7.48,50.38,67.6,62.9,42.12,No,Not Placed,0,Good
100742,Student_100742,Female,25,CSE,8,Thane,Middle,54.61,25,0,12,6,7,0,1,NLP,0,6.74,25.57,17.28,C,2.01,12.48,15.65,23.69,4.88,No,Not Placed,0,Poor
100743,Student_100743,Male,22,CSE,2,Nagpur,Upper Middle,78.93,38,54.21,25,8,10,2,5,NLP,40,30,84.86,92.43,A+,9.71,100,59.59,42.14,70.73,No,Placed,9.12,Excellent
100744,Student_100744,Male,24,IT,3,Mumbai,Middle,60.21,31,31.27,12,4,6,5,2,NLP,16.38,12.27,36.67,38.8,C,3.76,35.11,46.67,39.35,24.1,Yes,Not Placed,0,Poor
100745,Student_100745,,23,AIML,2,Kolhapur,Low,75.43,47,51.95,29,8,10,4,8,NLP,29.03,29.54,68.07,75.5,A,7.51,64.32,58.71,58.98,57.03,Yes,Placed,3.83,Good
100746,Student_100746,Other,20,ECE,2,Pune,Low,86.61,49,65.52,18,10,14,2,9,Big Data,22.47,7.61,48.15,46.0,C,4.38,40.71,25.67,72.79,51.49,No,Not Placed,0,Poor
100747,Student_100747,Male,21,AIML,6,Kolhapur,Middle,88.09,56,62.13,39,12,19,9,16,NLP,27.89,18.81,87.11,77.01,A,7.34,83.62,54.73,60.69,79.64,No,Placed,13.81,Good
100748,Student_100748,Other,23,AIML,1,Kolhapur,Middle,61.61,37,54.17,22,12,10,5,5,NLP,27.4,11.12,74.09,65.01,B,6.66,52.7,59.36,59.95,96.52,No,Not Placed,0,Average
100749,Student_100749,Female,18,ECE,2,Kolhapur,Lower Middle,71.6,29,36.01,11,5,9,4,5,Machine Learning,35.48,29.01,79.26,85.58,A+,8.36,77.07,63.3,64.58,78.04,No,Placed,13.03,Excellent
100750,Student_100750,Male,19,ECE,8,Thane,Upper Middle,72.26,38,46.49,,4,8,10,4,NLP,17.32,24.46,47.05,52.82,C,5.53,50.09,42.7,60.49,51.76,No,Not Placed,0,Poor
100751,Student_100751,Male,24,Cyber Security,7,Satara,High,69.6,15,16.42,0,3,6,3,5,NLP,33.4,23.29,63.69,72.42,A,7.24,55.52,85.99,40.82,47.81,No,Not Placed,0,Good
100752,Student_100752,Female,21,Cyber Security,1,Kolhapur,Low,76.51,40,65.89,17,9,12,5,4,Big Data,37.69,24.59,80.05,84.69,A,8.56,60.53,61.63,44.82,53.87,No,Not Placed,0,Good
100753,Student_100753,Male,22,AIML,2,Satara,Lower Middle,64.91,6,2.13,6,5,6,0,4,Statistics,12.76,17.75,28.25,35.53,C,3.62,30.47,44.86,40.64,22.23,Yes,Not Placed,0,Poor
100754,Student_100754,Male,19,CSE,5,Pune,Lower Middle,59.68,27,0,8,6,4,2,2,NLP,17.31,15.44,52.13,49.33,C,4.86,29.16,23.83,60.84,26.17,No,Not Placed,0,Poor
100755,Student_100755,Male,21,Cyber Security,3,Pune,High,62.19,6,41.67,23,9,10,6,8,Statistics,17.97,19.02,36.27,44.29,C,4.34,17.15,30.98,32.61,40.43,No,Not Placed,0,Poor
100756,Student_100756,Female,23,Data Science,5,Mumbai,Upper Middle,84.39,26,35.93,10,5,8,4,5,NLP,28.21,21.11,76.14,73.3,A,7.26,57.7,68.12,54.14,54.71,No,Not Placed,0,Good
100757,Student_100757,Male,21,Data Science,1,Mumbai,Lower Middle,85.68,35,63.12,21,10,11,2,8,Machine Learning,40,27.92,97.36,97.29,A+,10,75.65,58.18,65.07,76.43,No,Placed,6.76,Excellent
100758,Student_100758,Male,22,ECE,5,Satara,High,79.47,28,42.25,12,8,7,2,4,Deep Learning,19.27,18.38,43.77,48.59,C,4.83,55.47,46.45,49.77,75.53,No,Not Placed,0,Poor
100759,Student_100759,Female,20,AIML,5,Kolhapur,High,76.22,52,69.49,26,8,13,7,6,Machine Learning,17.78,19.09,62.12,57.13,B,6.07,47.52,36.52,46.03,16.49,No,Not Placed,0,Average
100760,Student_100760,Female,18,Data Science,8,Thane,High,84.71,39,45.95,24,9,11,6,4,Statistics,13.44,14.62,40.25,39.95,C,4.58,15.53,28.19,74.93,,Yes,Not Placed,0,Poor
100761,Student_100761,Male,18,ECE,7,Mumbai,Lower Middle,71.67,29,24.29,,6,5,5,4,NLP,22.37,18.3,52.55,55.25,B,5.62,40.08,52.02,30.4,14.56,No,Not Placed,0,Average
100762,Student_100762,Other,21,IT,4,Kolhapur,Middle,63.15,22,10.01,15,3,6,1,1,Deep Learning,1.8,6.14,35.53,23.21,C,2.56,23.48,24.33,23.61,8.22,Yes,Not Placed,0,Poor
100763,Student_100763,Other,18,ECE,5,Pune,High,61.27,35,22.56,22,6,11,3,5,Statistics,24.15,13.47,51.34,52.76,C,5.4,64.8,36.56,45.01,35.24,Yes,Not Placed,0,Poor
100764,Student_100764,Male,23,Data Science,8,Satara,Lower Middle,96.19,40,56.37,29,10,14,4,7,Big Data,22.14,20.54,73.85,67.23,B,7.07,55.45,60.59,80.26,71.61,No,Placed,3.95,Average
100765,Student_100765,Other,22,IT,4,Satara,Upper Middle,84.94,60,47.74,35,12,15,7,13,Machine Learning,27.36,24.79,62.37,68.23,B,6.91,52.23,40.11,62.87,69.57,No,Not Placed,0,Average
100766,Student_100766,Male,22,Cyber Security,6,Nagpur,High,98,62,89.38,34,12,19,11,13,NLP,40,23.85,92.3,92.05,A+,9.23,100,78.68,,78.81,Yes,Placed,4.82,Excellent
100767,Student_100767,Other,22,CSE,7,Mumbai,Middle,78.55,13,23.25,3,7,9,2,2,NLP,33.68,22.97,48.17,64.66,B,6.45,59.52,47.81,41.09,56.0,Yes,Not Placed,0,Average
100768,Student_100768,Female,25,Cyber Security,5,Nagpur,Low,78.43,40,31.62,23,10,10,5,10,Machine Learning,17.7,19.22,34.62,43.4,C,4.56,36.99,48.78,52.38,51.44,Yes,Not Placed,0,Poor
100769,Student_100769,Female,22,CSE,7,Kolhapur,Lower Middle,89.67,36,49.85,24,8,13,5,9,Deep Learning,21.38,16.12,57.15,55.36,B,5.63,44.75,40.36,66.48,50.49,Yes,Not Placed,0,Average
100770,Student_100770,Female,24,CSE,2,Nagpur,High,45.24,13,0,10,4,6,2,0,Big Data,4.23,9.15,14.48,16.52,C,1.76,,0,23.86,13.45,No,Not Placed,0,Poor
100771,Student_100771,Male,19,Data Science,8,Mumbai,Middle,76.73,43,56.02,20,10,12,5,9,Statistics,38.42,30,91.57,94.6,A+,8.96,79.27,80.1,46.73,69.9,Yes,Placed,7.53,Excellent
100772,Student_100772,Female,20,Data Science,3,Satara,Upper Middle,78.31,54,77.8,33,9,16,5,7,Deep Learning,40,29.39,86.34,92.77,A+,9.35,63.25,56.35,81.3,83.29,Yes,Placed,3.88,Excellent
100773,Student_100773,Male,19,ECE,6,Nashik,Low,93.13,68,74.55,32,12,16,7,11,NLP,33.52,22.25,93.0,86.47,A+,8.8,80.07,67.02,66.53,58.1,Yes,Placed,12.13,Excellent
100774,Student_100774,Female,23,ECE,7,Thane,Middle,72.76,34,39.48,18,7,10,8,9,Big Data,23.61,23.08,65.04,65.61,B,6.35,58.52,52.47,61.43,64.19,No,Not Placed,0,Average
100775,Student_100775,Female,23,ECE,6,Mumbai,High,76.65,35,36.69,18,8,13,4,10,Machine Learning,15.67,19.87,54.11,52.06,C,5.73,61.62,53.03,48.22,48.72,No,Not Placed,0,Poor
100776,Student_100776,Female,18,AIML,5,Satara,Middle,59.04,45,34.89,26,8,13,5,7,Statistics,11.2,12.06,36.88,34.88,C,3.35,40.64,35.14,53.57,36.11,Yes,Not Placed,0,Poor
100777,Student_100777,Other,24,Data Science,6,Nagpur,Lower Middle,66.13,20,27.64,13,6,5,0,1,Machine Learning,5.49,0.45,20.19,14.52,C,1.61,23.6,43.28,66.93,4.62,No,Not Placed,0,Poor
100778,Student_100778,Male,24,IT,1,Nashik,Lower Middle,54.06,17,15.71,11,6,5,1,9,Deep Learning,20.28,22.04,59.3,59.55,B,6.2,43.46,74.96,45.25,46.1,Yes,Not Placed,0,Average
100779,Student_100779,Female,22,AIML,1,Satara,Lower Middle,80.83,44,62.44,29,11,6,4,8,Statistics,32.61,17.98,67.03,69.96,B,6.65,81.85,80.14,55.06,91.86,No,Not Placed,0,Average
100780,Student_100780,Female,24,Data Science,2,Nashik,Middle,77.53,24,32.74,23,10,13,5,7,Deep Learning,20.48,12.04,48.1,47.44,C,4.46,43.01,45.58,54.02,23.02,No,Not Placed,0,Poor
100781,Student_100781,Female,22,Data Science,3,Kolhapur,Lower Middle,59.68,46,31.24,16,8,7,3,7,Apache Spark,15.86,14.59,44.81,44.03,C,4.41,33.1,62.44,49.58,39.92,No,Not Placed,0,Poor
100782,Student_100782,Female,18,AIML,1,Kolhapur,High,71.07,29,27.97,25,7,9,4,5,Apache Spark,13.74,14.28,38.81,39.23,C,3.75,29.52,9.09,49.62,1.42,No,Not Placed,0,Poor
100783,Student_100783,Male,20,Cyber Security,8,Mumbai,Upper Middle,74.03,14,45.31,10,10,6,4,4,NLP,32.41,30,83.98,86.3,A+,8.65,92.99,72.9,53.24,75.91,Yes,Not Placed,0,Excellent
100784,Student_100784,Other,20,Cyber Security,4,Satara,Middle,84.86,32,40.47,23,5,9,4,5,Deep Learning,33.2,28.52,77.23,82.53,A,8.0,67.34,58.58,58.53,64.96,No,Not Placed,0,Good
100785,Student_100785,Male,23,ECE,3,Nashik,Upper Middle,77.05,52,64.08,35,12,16,6,10,Apache Spark,24.42,18.83,60.57,61.15,B,5.96,,35.0,77.24,97.32,Yes,Placed,45,Average
100786,Student_100786,Other,19,Data Science,1,Satara,Low,74.47,56,29.9,18,7,12,6,7,NLP,14.31,7.25,53.56,42.35,C,4.41,15.47,25.79,63.2,27.32,No,Not Placed,0,Poor
100787,Student_100787,Female,20,Data Science,8,Mumbai,Low,82.18,30,21.23,10,5,8,1,5,Deep Learning,22.71,21.72,59.2,61.12,B,6.35,55.96,42.16,37.21,26.47,No,Not Placed,0,Average
100788,Student_100788,Female,22,IT,4,Kolhapur,Upper Middle,78.81,45,52.12,25,10,9,4,11,Machine Learning,29.74,21.35,67.56,70.32,A,6.94,51.97,47.09,67.18,38.28,Yes,Not Placed,0,Good
100789,Student_100789,Female,20,CSE,4,Nagpur,Low,71.26,42,8.56,13,8,7,3,5,Statistics,5.12,21.29,42.69,39.38,C,3.71,32.38,20.82,58.21,19.44,Yes,Not Placed,0,Poor
100790,Student_100790,Female,24,AIML,7,Kolhapur,High,86.72,61,82.0,40,12,21,9,15,Deep Learning,40,28.42,76.15,87.02,A+,8.64,66.14,37.47,86.37,55.68,No,Not Placed,0,Excellent
100791,Student_100791,Male,19,Cyber Security,4,Thane,Low,80.6,39,51.39,21,12,9,5,8,Big Data,19.47,11.96,31.93,38.54,C,4.11,30.4,33.57,63.28,43.13,No,Not Placed,0,Poor
100792,Student_100792,Female,23,CSE,2,Kolhapur,Middle,63.95,23,39.72,7,4,7,1,0,Apache Spark,23.42,25.72,52.71,61.07,B,5.82,47.1,59.38,37.97,33.66,No,Not Placed,0,Average
100793,Student_100793,Other,18,ECE,4,Kolhapur,Lower Middle,,30,42.22,6,4,3,3,6,Apache Spark,40,30,77.73,88.86,A+,9.18,100,92.95,21.79,56.42,Yes,Placed,6.16,Excellent
100794,Student_100794,Female,24,ECE,2,Nashik,Upper Middle,68.23,13,22.6,9,5,5,2,1,Statistics,20.44,22.72,45.96,53.46,C,5.2,44.88,68.61,32.08,42.46,No,Not Placed,0,Poor
100795,Student_100795,Female,25,Cyber Security,1,Satara,Lower Middle,94.72,50,70.11,33,12,14,6,10,Statistics,39.86,27.67,74.55,85.62,A+,8.57,87.12,56.3,58.51,54.18,No,Not Placed,0,Excellent
100796,Student_100796,Other,23,IT,7,Nagpur,Middle,74.89,36,67.93,30,6,12,4,7,Machine Learning,27.53,18.21,64.12,64.85,B,6.86,68.86,47.85,29.97,32.58,No,Not Placed,0,Average
100797,Student_100797,Male,24,Cyber Security,8,Kolhapur,Middle,79.93,51,87.6,22,9,12,9,9,Apache Spark,,30,81.98,88.16,A+,8.54,76.8,95.9,49.27,55.6,No,Placed,5.56,Excellent
100798,Student_100798,Female,23,AIML,8,Nashik,Upper Middle,62.96,20,36.43,16,5,8,2,4,NLP,16.59,19.18,56.29,53.37,C,5.12,52.55,35.23,20.84,,No,Not Placed,0,Poor
100799,Student_100799,Other,18,Cyber Security,2,Kolhapur,Lower Middle,91.45,80,73.79,31,12,17,7,13,Statistics,25.93,25.47,80.17,76.51,A,7.57,85.08,55.3,93.99,65.91,No,Placed,10.03,Good
100800,Student_100800,Other,19,Data Science,1,Nagpur,Lower Middle,67.76,24,25.68,16,8,4,3,6,Machine Learning,10.3,6.4,24.12,24.05,C,2.21,0,5.59,67.17,15.62,No,Not Placed,0,Poor
100801,Student_100801,Other,24,Cyber Security,2,Pune,High,87.79,56,81.98,28,12,12,8,13,Deep Learning,35.42,25.78,83.39,85.44,A+,8.82,77.58,59.39,61.94,54.33,Yes,Placed,12.49,Excellent
100802,Student_100802,Male,23,CSE,6,Nashik,Lower Middle,74.84,41,75.8,28,9,12,6,7,Deep Learning,27.38,15.32,60.63,61.07,B,6.3,52.95,35.65,60.01,58.69,Yes,Placed,3.61,Average
100803,Student_100803,Female,22,CSE,8,Thane,Middle,79.89,39,6.81,28,10,8,6,4,Apache Spark,25.26,20.67,61.74,63.6,B,6.51,28.12,53.37,52.34,34.73,No,Not Placed,0,Average
100804,Student_100804,Other,22,ECE,4,Thane,High,84.54,45,73.74,25,9,14,7,9,Statistics,18.36,16.68,49.6,49.69,C,4.99,,10.65,64.38,27.97,No,Not Placed,0,Poor
100805,Student_100805,Male,21,IT,4,Nagpur,Upper Middle,53.8,19,18.56,10,6,5,0,2,NLP,6.71,16.87,53.63,43.1,C,4.54,48.83,78.82,38.91,8.92,No,Not Placed,0,Poor
100806,Student_100806,Female,20,CSE,2,Nagpur,Middle,68.91,15,18.51,9,6,8,0,2,Deep Learning,13.05,13.69,,40.72,C,4.02,59.97,63.08,23.12,31.84,No,Not Placed,0,Poor
100807,Student_100807,Male,20,ECE,3,Pune,High,60.51,30,29.06,10,1,2,3,5,NLP,16.55,20.67,40.88,46.64,C,4.48,24.81,50.4,49.41,13.13,Yes,Not Placed,0,Poor
100808,Student_100808,Other,24,Cyber Security,7,Satara,High,59.63,19,20.18,10,3,6,5,3,Big Data,22.26,16.63,36.7,46.13,C,4.77,51.01,80.7,41.96,37.07,No,Not Placed,0,Poor
100809,Student_100809,Female,24,Cyber Security,8,Satara,Upper Middle,65.87,8,41.21,12,7,6,4,1,Statistics,,30,62.16,70.15,A,7.19,81.68,41.96,15.63,57.63,No,Not Placed,0,Good
100810,Student_100810,Male,25,IT,2,Thane,Lower Middle,79.01,41,59.8,31,10,11,7,8,Apache Spark,21.51,15.29,70.96,61.81,B,6.0,55.41,32.77,91.6,61.06,No,Not Placed,0,Average
100811,Student_100811,Female,22,Cyber Security,2,Satara,Upper Middle,68.27,39,70.17,23,9,12,5,9,Machine Learning,26.01,20.28,,64.97,B,6.48,59.99,49.11,47.59,85.16,No,Placed,3.8,Average
100812,Student_100812,Other,24,Data Science,1,Mumbai,Low,76.87,30,48.85,16,11,12,6,11,Big Data,26.68,25.49,56.06,65.04,B,6.45,55.51,,55.05,50.02,No,Not Placed,0,Average
100813,Student_100813,Male,19,CSE,7,Satara,High,76.34,30,43.01,19,9,9,7,9,Statistics,17.17,22.21,78.27,66.81,B,6.8,64.65,47.58,47.78,80.68,No,Not Placed,0,Average
100814,Student_100814,Male,22,IT,7,Thane,Low,67.84,29,23.96,17,9,10,3,10,Big Data,31.01,20.15,47.07,60.23,B,6.02,43.24,50.52,53.84,43.72,No,Not Placed,0,Average
100815,Student_100815,Other,18,ECE,7,,Lower Middle,72.66,46,46.63,27,8,12,3,11,Big Data,26.2,21.07,65.92,66.65,B,6.77,50.02,68.26,49.15,60.83,Yes,Not Placed,0,Average
100816,Student_100816,Other,22,Cyber Security,2,Nagpur,Low,83.32,33,70.94,24,8,14,4,8,NLP,38.67,30,83.78,90.9,A+,8.93,90.98,71.15,79.76,69.36,Yes,Placed,13.41,Excellent
100817,Student_100817,Female,22,Cyber Security,1,Satara,Low,98,52,87.19,41,11,20,8,10,Deep Learning,40,30,100,100.0,A+,10,100,57.59,85.55,100,Yes,Placed,10.39,Excellent
100818,Student_100818,Other,20,CSE,2,Kolhapur,Low,67.38,29,15.59,18,6,8,0,4,Machine Learning,22.97,17.89,62.16,60.23,B,5.85,44.06,,63.94,54.28,No,Not Placed,0,Average
100819,Student_100819,Female,22,Data Science,8,Nashik,Low,75.58,44,64.9,32,11,11,6,7,NLP,22.12,23.3,70.31,67.28,B,6.34,58.41,49.41,72.07,48.56,Yes,Not Placed,0,Average
100820,Student_100820,Male,19,Data Science,6,Pune,High,76.04,23,35.15,,6,7,2,1,Big Data,17.09,25.57,59.53,59.63,B,6.37,45.08,66.75,27.98,24.33,No,Not Placed,0,Average
100821,Student_100821,Female,19,IT,8,,Low,78.02,37,33.73,27,8,10,5,4,NLP,18.38,16.76,47.73,48.82,C,4.64,32.03,16.3,75.97,42.5,No,Not Placed,0,Poor
100822,Student_100822,Male,21,ECE,1,Kolhapur,Middle,75.52,44,50.85,18,9,11,5,5,NLP,18.11,18.06,52.1,51.67,C,4.83,65.39,61.92,46.94,39.5,No,Not Placed,0,Poor
100823,Student_100823,Other,24,ECE,8,Nashik,Lower Middle,75.08,24,29.19,8,7,9,5,4,Apache Spark,30.27,23.09,54.2,65.19,B,7.03,65.3,47.43,53.96,41.45,No,Not Placed,0,Average
100824,Student_100824,Female,18,Cyber Security,3,Mumbai,Lower Middle,79.37,41,42.99,22,9,9,3,6,Deep Learning,25.01,22.7,67.04,67.42,B,6.63,45.85,56.46,81.07,44.29,Yes,Not Placed,0,Average
100825,Student_100825,Other,24,IT,7,Nagpur,Low,60.36,22,27.8,16,6,8,1,4,Statistics,21.57,23.22,59.97,61.64,B,5.91,72.37,64.83,50.46,33.42,No,Not Placed,0,Average
100826,Student_100826,Female,19,CSE,3,Mumbai,,71.77,37,50.41,21,8,10,4,5,NLP,30.47,23.45,67.91,72.44,A,7.04,60.88,56.84,43.33,62.99,No,Not Placed,0,Good
100827,Student_100827,Male,24,ECE,4,Kolhapur,Upper Middle,80.95,43,56.26,27,12,18,9,8,Deep Learning,11.59,9.37,49.7,39.79,C,3.99,33.0,,81.81,47.92,Yes,Not Placed,0,Poor
100828,Student_100828,Other,22,Cyber Security,4,Pune,Upper Middle,78.27,45,,20,5,10,3,6,Deep Learning,18.5,19.09,54.16,53.68,C,5.87,50.3,59.98,31.74,31.52,No,Not Placed,0,Poor
100829,Student_100829,Female,21,Data Science,2,Nashik,Middle,46.35,31,26.97,12,6,8,0,0,Big Data,9.63,4.02,28.4,24.1,C,2.32,18.68,20.11,32.3,35.53,No,Not Placed,0,Poor
100830,Student_100830,Female,22,Cyber Security,2,Nashik,High,69.17,16,42.93,12,4,8,6,2,Apache Spark,27.84,24.55,73.65,74.08,A,7.49,72.62,84.32,48.21,93.51,Yes,Not Placed,0,Good
100831,Student_100831,Male,18,AIML,1,Thane,Middle,82.57,43,48.17,14,9,9,6,6,Deep Learning,32.46,27.55,77.52,81.46,A,8.19,73.72,68.23,46.67,72.22,No,Placed,13.4,Good
100832,Student_100832,Female,20,IT,1,Pune,Middle,72.08,52,71.34,19,8,11,6,10,Big Data,35.23,19.97,62.65,71.07,A,7.15,56.8,59.15,86.73,48.48,No,Placed,12.96,Good
100833,Student_100833,Female,24,Data Science,3,Kolhapur,Low,81.84,24,54.09,18,8,10,2,4,NLP,35.53,21.58,81.19,81.63,A,8.32,74.65,81.16,56.21,53.35,Yes,Placed,6.79,Good
100834,Student_100834,Male,23,Cyber Security,4,Nagpur,Upper Middle,69.85,36,36.15,15,7,11,3,3,Statistics,15.84,13.25,49.27,45.35,C,4.46,32.08,46.57,39.18,41.75,Yes,Not Placed,0,Poor
100835,Student_100835,Other,18,AIML,5,Satara,,69.51,56,,28,8,13,8,9,Apache Spark,27.08,24.89,77.57,75.69,A,7.66,57.87,52.44,64.69,46.71,No,Not Placed,0,Good
100836,Student_100836,Male,21,CSE,5,Nagpur,Upper Middle,82.13,31,53.4,14,5,11,0,3,Machine Learning,24.79,29.34,66.61,71.46,A,7.03,49.75,84.51,30.49,59.63,No,Placed,5.32,Good
100837,Student_100837,Female,25,IT,3,Nashik,Upper Middle,69.4,34,18.56,20,9,6,10,2,Deep Learning,11.78,7.68,54.66,41.29,C,3.92,57.27,37.68,36.61,23.5,No,Not Placed,0,Poor
100838,Student_100838,Other,18,Cyber Security,7,Pune,Upper Middle,81.07,64,73.58,37,12,14,10,12,Deep Learning,26.15,27.53,84.82,80.38,A,7.9,34.29,33.17,68.57,59.51,No,Not Placed,0,Good
100839,Student_100839,Other,20,IT,3,Nashik,High,72.62,60,60.84,30,9,13,6,8,Statistics,,24.66,59.56,65.0,B,6.62,61.43,58.09,40.98,65.03,Yes,Not Placed,0,Average
100840,Student_100840,Female,18,Cyber Security,7,Mumbai,Middle,91.11,60,48.97,21,8,12,4,8,Machine Learning,39.78,30,74.05,86.86,A+,8.29,82.06,63.71,59.71,66.69,No,Placed,11.44,Excellent
100841,Student_100841,Other,18,Data Science,5,Nashik,Middle,63.37,15,16.84,22,9,10,0,6,Statistics,9.36,17.25,28.01,32.53,C,2.93,11.87,24.75,,8.01,No,Not Placed,0,Poor
100842,Student_100842,Female,25,CSE,6,Mumbai,Middle,72.62,42,54.34,16,11,10,2,8,Machine Learning,30.63,21.88,,77.15,A,7.97,69.72,69.08,37.14,75.95,Yes,Not Placed,0,Good
100843,Student_100843,Male,12,ECE,5,Nashik,Low,78.03,46,32.01,16,6,7,5,4,Statistics,13.23,20.76,56.32,51.93,C,5.27,25.25,52.47,32.11,25.21,No,Not Placed,0,Poor
100844,Student_100844,Female,25,ECE,8,Nagpur,High,70.24,36,29.94,16,5,8,2,7,Machine Learning,10.25,12.36,30.27,31.06,C,3.07,30.28,16.96,52.13,17.29,No,Not Placed,0,Poor
100845,Student_100845,Female,22,Cyber Security,2,Nashik,Lower Middle,90.1,52,52.92,31,9,18,8,13,Deep Learning,27.78,12.48,50.62,54.46,C,5.71,28.84,36.42,78.44,44.89,Yes,Placed,13.71,Poor
100846,Student_100846,Female,24,ECE,1,Thane,Middle,66.01,32,27.5,15,7,11,5,3,Apache Spark,21.95,14.25,64.09,58.0,B,5.84,54.66,48.63,55.7,33.16,No,Not Placed,0,Average
100847,Student_100847,Female,21,ECE,6,,Middle,64.02,23,33.41,,5,8,4,6,Machine Learning,22.97,17.96,62.29,60.35,B,6.01,59.51,67.19,43.67,64.53,No,Not Placed,0,Average
100848,Student_100848,Male,25,ECE,8,Thane,Middle,65.49,25,44.24,14,5,8,3,1,NLP,38.99,20.92,73.17,79.77,A,7.99,74.3,88.16,51.08,52.62,No,Placed,7.93,Good
100849,Student_100849,Female,20,ECE,8,Nagpur,High,74.09,50,35.03,21,10,10,4,7,Statistics,25.11,20.06,68.48,66.45,B,6.9,44.32,28.7,63.16,60.01,No,Not Placed,0,Average
100850,Student_100850,Male,20,IT,2,Nashik,Lower Middle,59.95,39,44.53,14,3,11,1,2,Machine Learning,11.22,17.72,55.3,47.88,C,4.9,54.92,57.37,43.95,62.25,No,Not Placed,0,Poor
100851,Student_100851,Female,23,CSE,3,Mumbai,Low,77.1,41,54.09,19,6,6,3,2,Big Data,,22.88,75.98,82.93,A,8.31,78.57,56.93,42.28,67.59,No,Placed,8.85,Good
100852,Student_100852,Female,22,ECE,5,Thane,Low,81.87,41,50.63,29,9,13,6,9,Big Data,28.89,10.67,50.82,54.19,C,5.41,48.03,32.85,57.07,54.7,No,Not Placed,0,Poor
100853,Student_100853,Female,19,CSE,8,Thane,Middle,78.87,33,30.46,13,7,7,4,7,Statistics,25.67,12.45,55.27,55.18,B,6.01,35.11,34.6,53.36,16.59,No,Not Placed,0,Average
100854,Student_100854,Other,24,AIML,8,Mumbai,High,97.98,58,75.76,35,12,18,10,11,Machine Learning,33.46,16.87,75.43,74.06,A,7.11,70.84,35.52,88.08,78.79,No,Placed,3.94,Good
100855,Student_100855,Other,24,CSE,2,Pune,Lower Middle,93.94,52,71.23,28,12,13,7,6,Machine Learning,28.09,28.13,77.91,78.78,A,7.86,86.0,50.41,78.73,100,Yes,Placed,5.99,Good
100856,Student_100856,Male,20,AIML,4,Thane,Low,65.14,25,0.6,6,5,6,3,5,Apache Spark,8.02,6.75,46.91,33.97,C,3.35,45.8,40.84,56.57,21.85,No,Not Placed,0,Poor
100857,Student_100857,Male,18,Data Science,3,Nagpur,Upper Middle,62.72,26,23.41,,6,8,0,0,Statistics,14.37,11.55,55.6,46.28,C,4.61,48.7,50.56,39.74,56.82,No,Not Placed,0,Poor
100858,Student_100858,Female,23,Data Science,4,Thane,Lower Middle,64.53,33,33.48,,7,10,5,5,Machine Learning,11.44,13.7,51.59,43.51,C,4.42,29.05,32.46,45.66,29.4,No,Not Placed,0,Poor
100859,Student_100859,Other,20,CSE,1,Nagpur,Lower Middle,73.21,39,23.6,19,8,7,3,8,Statistics,21.57,13.74,21.37,36.02,C,3.54,21.45,39.52,55.64,32.31,No,Not Placed,0,Poor
100860,Student_100860,Female,23,IT,7,Nagpur,Middle,73.77,59,57.02,27,10,14,5,8,NLP,32.66,21.27,53.28,65.32,B,6.38,72.6,55.05,70.15,38.09,Yes,Placed,9.38,Average
100861,Student_100861,Other,22,IT,3,Nashik,Middle,97.67,49,65.61,30,12,12,7,10,Apache Spark,40,30,77.09,88.55,A+,9.03,95.79,66.9,82.58,84.7,Yes,Placed,8.45,Excellent
100862,Student_100862,Male,20,IT,5,Kolhapur,Low,74.26,26,35.87,22,11,9,3,5,Apache Spark,33.0,22.56,62.66,71.12,A,7.24,61.29,45.21,54.73,55.17,Yes,Not Placed,0,Good
100863,Student_100863,Male,21,CSE,3,Satara,Low,62.65,28,,11,8,11,2,4,Deep Learning,23.74,7.59,38.7,42.21,C,4.31,38.21,23.94,52.82,26.93,No,Not Placed,0,Poor
100864,Student_100864,Female,19,ECE,8,Satara,Lower Middle,92.32,66,56.12,34,12,14,9,11,Deep Learning,25.74,20.04,75.65,70.49,A,6.98,66.37,56.43,83.47,56.18,Yes,Placed,11.49,Good
100865,Student_100865,Female,24,Data Science,3,Pune,Low,82.23,41,62.23,25,6,14,4,6,Big Data,38.76,28.78,95.08,95.8,A+,9.61,93.63,81.17,,59.89,Yes,Placed,4.76,Excellent
100866,Student_100866,Other,22,CSE,3,Mumbai,High,84.75,26,75.74,12,6,9,7,4,Statistics,33.26,22.91,91.75,86.1,A+,8.65,79.74,,40.55,84.16,No,Placed,5.73,Excellent
100867,Student_100867,Other,25,Data Science,4,Mumbai,Middle,84.59,57,76.76,24,12,13,5,9,Apache Spark,27.64,24.36,65.86,69.9,B,7.05,43.87,71.28,47.39,40.06,No,Not Placed,0,Average
100868,Student_100868,Other,19,IT,1,Pune,Lower Middle,65.16,33,23.04,16,7,7,3,6,Machine Learning,18.48,27.34,71.11,67.64,B,6.98,58.16,41.42,56.11,37.94,No,Not Placed,0,Average
100869,Student_100869,Other,19,AIML,4,Nagpur,Middle,79.89,29,46.41,20,7,14,4,5,Machine Learning,25.08,23.13,82.68,75.57,A,7.79,60.02,42.92,67.1,55.24,No,Placed,4.64,Good
100870,Student_100870,Female,23,CSE,1,Satara,Middle,62.26,15,47.04,15,5,7,1,4,Deep Learning,20.4,11.89,59.05,52.76,C,5.49,50.63,30.85,58.29,57.67,Yes,Not Placed,0,Poor
100871,Student_100871,Female,18,CSE,1,Thane,Lower Middle,60.85,22,17.67,12,7,7,1,2,Statistics,12.11,3.27,26.73,24.62,C,2.75,22.89,42.53,48.11,1.16,Yes,Not Placed,0,Poor
100872,Student_100872,Male,23,IT,2,Nashik,High,72.47,40,52.93,14,5,5,4,5,Apache Spark,39.62,23.22,82.0,86.2,A+,8.53,52.18,74.39,55.33,55.66,Yes,Not Placed,0,Excellent
100873,Student_100873,Female,23,AIML,5,Satara,Middle,72.84,32,15.94,10,5,8,1,3,Big Data,20.61,16.47,49.14,51.01,C,5.14,51.31,57.07,25.36,41.89,No,Not Placed,0,Poor
100874,Student_100874,Female,25,IT,6,Satara,,81.74,42,50.27,23,12,14,6,11,Deep Learning,15.51,12.8,51.36,45.84,C,4.34,53.23,42.16,61.74,31.05,No,Not Placed,0,Poor
100875,Student_100875,Other,25,CSE,6,Thane,Upper Middle,72.94,38,,18,4,8,3,6,Big Data,30.49,17.29,51.93,60.35,B,6.16,,71.33,43.17,54.25,Yes,Not Placed,0,Average
100876,Student_100876,Other,18,ECE,2,Satara,Middle,78.14,29,8.32,17,8,7,3,8,Statistics,13.74,19.63,42.64,44.71,C,4.56,23.43,18.97,29.4,24.4,Yes,Not Placed,0,Poor
100877,Student_100877,Male,23,Cyber Security,5,Mumbai,Lower Middle,,41,44.21,19,10,11,2,4,Deep Learning,25.62,28.25,70.67,73.38,A,7.61,57.81,62.33,65.05,68.14,Yes,Not Placed,0,Good
100878,Student_100878,Other,25,IT,6,Nagpur,Upper Middle,81.24,27,0,10,3,8,0,1,Big Data,27.02,21.23,70.03,69.43,B,7.02,62.55,71.51,56.5,18.45,Yes,Not Placed,0,Average
100879,Student_100879,Other,21,Data Science,2,Pune,Low,72.27,24,14.8,21,9,10,8,4,Statistics,15.12,11.07,21.45,29.44,C,3.05,38.63,36.0,26.54,30.23,No,Not Placed,0,Poor
100880,Student_100880,Male,20,ECE,6,Pune,Lower Middle,81.66,25,41.3,21,8,10,4,8,Apache Spark,34.4,19.33,71.21,74.3,A,7.38,62.54,61.54,57.78,43.29,No,Not Placed,0,Good
100881,Student_100881,Other,18,Cyber Security,1,Nagpur,Lower Middle,63.9,38,33.6,3,5,3,5,0,NLP,17.2,11.4,58.57,49.78,C,5.27,50.05,35.37,16.61,6.55,No,Not Placed,0,Poor
100882,Student_100882,Other,21,Cyber Security,5,Satara,Upper Middle,71.38,30,9.8,15,8,8,0,5,Deep Learning,13.15,16.83,45.88,44.02,C,4.03,18.04,35.03,42.3,39.9,No,Not Placed,0,Poor
100883,Student_100883,Other,21,Cyber Security,6,Pune,Upper Middle,84.7,25,38.96,12,8,10,4,4,Deep Learning,35.96,24.79,79.45,83.22,A,8.29,76.38,83.26,40.33,69.49,Yes,Placed,13.42,Good
100884,Student_100884,Other,23,AIML,8,Pune,High,69.98,18,45.45,18,6,10,3,6,Statistics,31.07,30,100,93.3,A+,9.31,100,69.24,39.82,97.97,No,Placed,8.45,Excellent
100885,Student_100885,Male,22,Cyber Security,6,Pune,Upper Middle,62.36,17,53.18,14,4,2,2,3,Statistics,22.09,14.0,40.64,46.23,C,4.8,34.95,42.93,43.95,43.88,No,Not Placed,0,Poor
100886,Student_100886,Male,19,Cyber Security,8,Satara,High,78.67,50,,24,9,9,8,7,Deep Learning,27.89,17.58,65.78,65.53,B,6.85,40.9,71.1,59.53,75.19,No,Not Placed,0,Average
100887,Student_100887,Female,25,AIML,7,Mumbai,Low,67.45,0,32.95,16,7,3,2,0,NLP,22.54,20.72,71.31,66.37,B,6.46,69.64,78.06,24.49,60.03,No,Not Placed,0,Average
100888,Student_100888,Male,18,CSE,3,Thane,Low,70.08,42,39.06,19,7,8,8,4,Big Data,24.37,27.94,53.55,63.69,B,6.76,59.46,50.18,41.73,63.9,No,Not Placed,0,Average
100889,Student_100889,Female,19,CSE,3,Nashik,Low,66.6,44,38.28,26,12,13,9,10,NLP,26.74,16.74,67.9,65.16,B,6.21,52.5,38.16,82.17,70.08,No,Not Placed,0,Average
100890,Student_100890,Male,25,ECE,6,Nashik,Middle,62.07,32,71.25,13,8,7,6,5,Statistics,25.37,26.41,73.7,73.49,A,7.48,82.73,70.11,39.67,56.54,Yes,Placed,11.61,Good
100891,Student_100891,Female,18,IT,7,Nashik,Middle,66.58,20,18.48,14,5,9,0,5,Big Data,12.04,5.5,32.7,29.05,C,2.36,15.8,22.13,39.61,16.66,No,Not Placed,0,Poor
100892,Student_100892,Female,25,AIML,1,Thane,High,71.03,21,35.31,15,3,8,4,3,Machine Learning,25.42,21.78,75.3,71.24,A,6.71,65.21,63.23,31.65,54.48,No,Not Placed,0,Good
100893,Student_100893,Male,20,CSE,2,Kolhapur,Low,66.4,33,29.25,19,7,9,5,6,Deep Learning,15.32,17.8,44.37,45.54,C,4.59,13.47,31.59,88.07,20.65,No,Not Placed,0,Poor
100894,Student_100894,Other,22,AIML,4,Thane,,83.24,48,33.1,33,8,15,5,6,Apache Spark,27.72,22.63,78.14,74.94,A,7.51,39.41,72.17,76.47,56.17,Yes,Placed,13.84,Good
100895,Student_100895,Male,21,Data Science,1,Kolhapur,Lower Middle,71.24,15,49.1,20,8,11,2,3,Big Data,29.01,20.41,69.84,70.28,A,7.14,77.34,82.76,44.82,70.11,No,Placed,4.32,Good
100896,Student_100896,Other,20,AIML,5,Pune,High,125,18,34.14,23,8,8,1,13,Statistics,28.11,20.57,58.56,64.07,B,5.93,49.12,44.93,64.24,58.89,No,Not Placed,0,Average
100897,Student_100897,Female,19,CSE,2,Satara,Middle,75.74,34,34.48,16,9,12,8,8,Machine Learning,31.88,28.45,86.97,86.36,A+,8.92,56.68,61.88,66.59,47.8,No,Placed,13.21,Excellent
100898,Student_100898,Other,25,AIML,8,Satara,High,88.52,54,117.23,35,12,15,10,9,Machine Learning,40,26.73,90.02,92.83,A+,8.77,91.2,79.73,88.95,99.6,Yes,Placed,7.29,Excellent
100899,Student_100899,Other,18,CSE,4,Satara,Middle,66.26,24,9.51,14,6,10,1,5,NLP,20.3,21.38,61.56,60.26,B,6.02,43.0,34.26,51.36,48.84,No,Not Placed,0,Average
100900,Student_100900,Other,22,Cyber Security,5,Nagpur,Lower Middle,90.95,30,87.3,30,12,14,9,9,Statistics,22.04,25.1,49.47,58.0,B,5.77,41.77,23.51,49.25,42.69,Yes,Not Placed,0,Average
100901,Student_100901,Other,18,IT,6,Nashik,Lower Middle,48.28,17,31.8,8,4,5,1,1,NLP,16.42,9.3,48.24,42.64,C,3.86,30.28,22.32,30.91,11.38,No,Not Placed,0,Poor
100902,Student_100902,Male,21,ECE,5,Pune,Upper Middle,69.78,43,55.56,27,11,12,4,7,Apache Spark,28.64,22.69,52.23,62.72,B,6.55,50.86,55.16,60.52,85.12,No,Not Placed,0,Average
100903,Student_100903,Other,19,IT,4,Kolhapur,Low,81.4,50,81.72,27,11,14,7,8,Machine Learning,40,23.95,80.78,86.36,A+,8.98,72.48,63.58,58.66,59.41,Yes,Placed,3.44,Excellent
100904,Student_100904,Female,20,Cyber Security,1,Kolhapur,Lower Middle,87.12,54,56.56,28,11,12,8,4,Deep Learning,33.95,25.68,58.72,71.94,A,7.0,68.05,76.17,58.62,52.34,No,Placed,8.37,Good
100905,Student_100905,Other,22,IT,7,Nagpur,Low,83.3,46,,25,11,10,5,8,Apache Spark,31.13,23.15,69.64,73.6,A,7.09,,56.34,70.6,58.22,No,Not Placed,0,Good
100906,Student_100906,Other,24,Cyber Security,1,Kolhapur,High,60.56,20,23.39,9,4,5,1,2,Big Data,2.16,16.11,27.08,25.89,C,2.24,11.26,22.23,61.58,14.12,Yes,Not Placed,0,Poor
100907,Student_100907,Female,19,IT,7,Mumbai,Upper Middle,71.46,21,46.93,6,8,7,1,6,Machine Learning,17.33,15.06,71.64,58.86,B,5.77,48.39,55.89,45.97,24.27,No,Not Placed,0,Average
100908,Student_100908,Male,21,CSE,2,Nashik,Lower Middle,75.49,42,60.65,30,8,12,7,10,Deep Learning,34.28,27.53,81.03,84.58,A,8.79,77.25,79.78,85.03,34.12,Yes,Placed,9.61,Good
100909,Student_100909,Female,18,AIML,5,Kolhapur,Low,76.05,45,26.26,26,9,10,8,12,NLP,17.26,10.65,32.2,36.15,C,3.77,18.06,17.98,57.59,24.93,No,Not Placed,0,Poor
100910,Student_100910,Male,18,CSE,7,Pune,High,98,52,85.21,35,12,15,10,15,Machine Learning,31.6,21.06,64.16,69.82,B,6.47,68.48,41.23,66.2,81.14,Yes,Placed,6.6,Average
100911,Student_100911,Other,24,Cyber Security,4,Nashik,Middle,82.94,40,72.72,,11,16,4,11,Deep Learning,23.71,19.22,63.73,62.46,B,6.2,62.7,32.42,76.1,53.03,No,Not Placed,0,Average
100912,Student_100912,Female,21,Cyber Security,8,Nashik,Upper Middle,66.73,30,24.76,25,8,8,5,3,Deep Learning,17.69,16.72,67.12,57.97,B,5.45,51.03,52.94,64.65,31.59,No,Not Placed,0,Average
100913,Student_100913,Other,20,Data Science,5,Nashik,Low,68.77,32,30.87,20,9,8,1,8,Machine Learning,17.28,11.93,45.69,43.75,C,4.74,49.44,27.46,59.49,29.5,Yes,Placed,10.63,Poor
100914,Student_100914,Female,23,ECE,7,Pune,High,69.64,17,35.66,10,6,6,2,2,Machine Learning,15.86,19.27,44.7,47.09,C,5.03,61.65,40.93,39.48,34.37,No,Not Placed,0,Poor
100915,Student_100915,Male,21,IT,7,Mumbai,Upper Middle,81.38,39,30.02,20,6,9,4,5,Statistics,,15.13,80.1,68.39,B,6.98,56.26,61.44,68.2,24.11,Yes,Not Placed,0,Average
100916,Student_100916,Female,18,ECE,8,Nagpur,Lower Middle,76.9,24,0,18,9,13,3,9,NLP,,14.61,33.95,34.19,C,3.28,34.26,17.03,64.98,28.11,No,Not Placed,0,Poor
100917,Student_100917,Female,25,CSE,6,,Upper Middle,89.56,35,93.36,38,11,13,7,9,Apache Spark,33.52,18.18,68.71,71.61,A,7.39,64.3,36.46,61.99,38.11,Yes,Not Placed,0,Good
100918,Student_100918,Other,20,Cyber Security,8,Pune,Low,76.46,46,28.3,17,7,12,5,7,NLP,25.58,21.07,75.45,70.96,A,6.7,64.5,66.18,44.71,41.77,Yes,Placed,3.79,Good
100919,Student_100919,,23,AIML,3,Kolhapur,Low,66.57,27,29.02,21,8,9,1,6,Big Data,19.75,9.79,74.33,58.51,B,5.98,62.55,65.79,60.89,18.37,No,Not Placed,0,Average
100920,Student_100920,Male,25,IT,2,Satara,Lower Middle,80.07,35,65.59,23,9,8,6,11,NLP,28.4,20.19,81.13,75.33,A,7.49,67.8,62.45,68.26,56.82,No,Not Placed,0,Good
100921,Student_100921,Other,18,Cyber Security,2,Thane,Low,84.5,29,66.24,24,9,12,1,8,NLP,40,30,82.74,91.37,A+,9.49,100,61.86,81.06,77.51,No,Placed,8.21,Excellent
100922,Student_100922,Other,24,ECE,7,Kolhapur,Upper Middle,62.75,7,0,8,4,3,2,2,Statistics,14.9,13.42,33.99,37.12,C,3.49,17.84,57.44,45.93,22.84,No,Not Placed,0,Poor
100923,Student_100923,Male,21,CSE,6,Nashik,Middle,55.48,37,27.19,17,7,8,1,3,Apache Spark,22.67,14.58,34.2,43.82,C,4.4,27.6,31.31,67.18,22.45,No,Not Placed,0,Poor
100924,Student_100924,Female,20,CSE,3,Nagpur,,84.68,42,28.86,28,10,8,3,6,Big Data,30.75,14.47,61.66,63.54,B,5.91,54.54,64.62,64.25,63.45,Yes,Not Placed,0,Average
100925,Student_100925,Female,25,CSE,1,Kolhapur,High,80.06,40,76.22,,11,11,6,9,Statistics,40,30,100,100.0,A+,10,100,93.86,62.29,84.24,Yes,Placed,4.16,Excellent
100926,Student_100926,Male,19,Cyber Security,8,Kolhapur,Low,62.54,32,7.48,17,5,12,3,7,Statistics,2.73,1.31,42.51,24.18,C,2.39,4.2,7.27,55.73,2.37,No,Not Placed,0,Poor
100927,Student_100927,Male,18,ECE,5,Thane,Lower Middle,81.71,49,82.72,24,12,13,7,9,Big Data,,26.26,76.8,84.32,A,8.67,75.86,77.9,68.72,94.06,Yes,Placed,7.65,Good
100928,Student_100928,Male,23,AIML,6,Nagpur,Upper Middle,78.04,20,24.25,7,9,11,3,3,Machine Learning,31.26,21.4,64.52,69.98,B,6.63,82.23,67.59,55.65,68.4,Yes,Placed,6.13,Average
100929,Student_100929,Male,19,Data Science,2,Pune,Lower Middle,58.92,22,39.0,10,8,3,1,2,Apache Spark,24.91,27.4,64.52,69.2,B,6.35,83.36,68.02,24.47,65.75,Yes,Not Placed,0,Average
100930,Student_100930,Female,18,ECE,3,Satara,Low,64.17,30,13.68,11,8,7,5,1,Big Data,21.47,16.41,28.28,41.18,C,4.06,34.5,56.85,32.56,24.58,No,Not Placed,0,Poor
100931,Student_100931,Other,24,IT,4,Satara,Low,77.51,13,24.68,17,7,8,1,8,NLP,27.46,30,94.76,87.98,A+,8.57,68.62,53.64,18.38,60.71,Yes,Not Placed,0,Excellent
100932,Student_100932,Male,25,Data Science,2,Thane,Middle,98,52,77.51,33,10,15,6,9,Apache Spark,32.59,29.33,75.79,81.89,A,8.21,73.02,41.3,92.91,95.31,No,Placed,6.98,Good
100933,Student_100933,Female,21,IT,8,Kolhapur,Low,82.48,39,49.48,21,9,15,8,11,Machine Learning,22.38,22.42,50.29,56.88,B,5.94,33.68,,58.33,62.51,No,Not Placed,0,Average
100934,Student_100934,Female,19,Data Science,6,Mumbai,Low,61.93,19,18.0,5,5,3,1,0,Machine Learning,12.97,14.17,41.47,39.91,C,4.23,24.48,67.38,48.46,7.48,Yes,Not Placed,0,Poor
100935,Student_100935,Male,24,Data Science,8,Satara,Lower Middle,83.84,31,,27,11,15,5,9,Apache Spark,33.35,30,90.15,90.08,A+,8.7,71.11,73.88,49.03,77.85,No,Not Placed,0,Excellent
100936,Student_100936,Female,22,AIML,4,Satara,Low,70.96,40,33.95,19,11,8,2,7,Big Data,7.12,14.18,48.16,38.87,C,3.78,36.77,28.11,62.57,5.29,No,Not Placed,0,Poor
100937,Student_100937,,20,Data Science,3,Nashik,Upper Middle,79.71,55,59.35,33,10,12,8,13,Machine Learning,34.42,24.08,64.56,74.15,A,6.94,64.06,44.87,53.74,54.91,No,Not Placed,0,Good
100938,Student_100938,Other,20,Cyber Security,4,Kolhapur,Middle,75.22,40,69.36,19,7,10,10,0,Deep Learning,24.24,29.35,79.44,77.47,A,7.9,82.65,87.07,39.16,51.17,Yes,Placed,6.28,Good
100939,Student_100939,Male,23,CSE,4,Satara,Low,68.01,41,30.81,26,5,8,2,7,Apache Spark,14.93,15.15,34.98,38.79,C,3.82,28.89,35.25,38.34,28.96,No,Not Placed,0,Poor
100940,Student_100940,Female,22,IT,1,Mumbai,Lower Middle,69.27,39,10.04,10,7,10,3,4,NLP,10.51,5.16,40.95,31.8,C,3.01,44.69,60.94,55.38,21.97,No,Not Placed,0,Poor
100941,Student_100941,Other,21,ECE,4,Satara,High,75.43,35,60.54,27,8,13,2,5,Machine Learning,14.93,12.21,62.41,50.54,C,5.12,41.74,55.28,43.48,57.83,No,Not Placed,0,Poor
100942,Student_100942,Female,21,ECE,5,Thane,Upper Middle,74.65,41,0.94,20,9,8,6,10,Apache Spark,14.84,17.07,35.75,40.38,C,3.94,18.71,28.9,61.99,49.52,Yes,Not Placed,0,Poor
100943,Student_100943,Male,19,ECE,1,Kolhapur,Upper Middle,70.06,24,38.69,23,7,12,1,4,Machine Learning,25.61,26.7,77.89,75.95,A,7.31,93.7,71.67,47.57,45.74,No,Not Placed,0,Good
100944,Student_100944,,25,Cyber Security,1,Nashik,Middle,81.55,54,75.65,22,8,11,5,8,NLP,,19.96,53.38,58.08,B,5.63,78.11,52.5,54.32,63.08,No,Not Placed,0,Average
100945,Student_100945,Female,20,CSE,7,Mumbai,High,53.3,28,4.35,2,7,6,4,1,NLP,19.22,12.5,49.64,47.57,C,4.53,30.24,58.38,41.7,45.44,Yes,Not Placed,0,Poor
100946,Student_100946,Male,25,ECE,6,Nashik,Middle,80.81,26,45.66,18,10,10,5,7,Apache Spark,5.7,9.55,59.49,40.39,C,3.94,28.96,44.0,54.88,67.37,No,Not Placed,0,Poor
100947,Student_100947,,21,ECE,2,Mumbai,,74.19,40,38.77,18,9,7,2,3,Deep Learning,21.0,21.22,54.25,57.02,B,5.68,32.08,55.71,25.14,32.72,No,Not Placed,0,Average
100948,Student_100948,Female,21,IT,7,Mumbai,Upper Middle,84.71,37,57.2,17,8,11,7,7,Big Data,23.48,24.64,44.37,56.22,B,5.23,64.76,,57.65,67.31,Yes,Not Placed,0,Average
100949,Student_100949,Male,18,IT,1,Satara,Upper Middle,65.13,51,44.32,28,10,13,8,11,Big Data,30.05,14.72,74.64,69.67,B,6.62,47.67,45.4,72.5,,No,Not Placed,0,Average
100950,Student_100950,Male,18,ECE,3,Nagpur,Lower Middle,62.86,18,22.91,3,2,5,0,0,Apache Spark,14.62,22.43,55.74,53.78,C,5.31,54.82,51.09,27.88,40.28,No,Not Placed,0,Poor
100951,Student_100951,Female,25,ECE,1,Satara,Low,65.39,9,15.87,13,5,7,0,2,Big Data,24.51,13.7,61.82,58.42,B,5.93,62.9,46.33,31.88,44.81,No,Not Placed,0,Average
100952,Student_100952,Other,22,ECE,8,Thane,Low,72.87,44,37.4,34,11,12,5,10,Deep Learning,22.36,20.06,61.46,60.87,B,5.91,62.2,71.1,79.29,63.0,No,Not Placed,0,Average
100953,Student_100953,Female,23,Cyber Security,3,Kolhapur,Middle,74.76,40,52.02,25,12,12,4,4,Apache Spark,16.15,21.68,59.41,56.28,B,5.92,50.81,31.43,80.31,55.83,Yes,Not Placed,0,Average
100954,Student_100954,Male,25,IT,7,Satara,Low,74.59,40,79.01,21,10,10,10,7,Machine Learning,29.49,30,88.56,86.39,A+,8.6,69.26,55.0,70.91,77.78,No,Not Placed,0,Excellent
100955,Student_100955,Female,24,IT,2,Nashik,Middle,80.76,52,,24,7,12,3,6,Big Data,11.36,12.87,35.64,34.92,C,3.21,32.83,7.33,67.66,31.66,Yes,Not Placed,0,Poor
100956,Student_100956,Female,20,Data Science,3,Pune,High,58.54,24,50.6,8,5,7,6,4,Big Data,25.78,19.22,64.79,64.54,B,6.7,61.14,60.42,75.94,44.72,No,Not Placed,0,Average
100957,Student_100957,,24,AIML,8,Nagpur,Lower Middle,71.42,62,52.05,24,12,17,9,14,Apache Spark,23.14,23.25,48.33,57.03,B,5.66,59.81,16.47,76.33,48.42,Yes,Not Placed,0,Average
100958,Student_100958,Other,25,IT,4,Satara,Middle,65.94,21,4.67,8,6,7,2,5,Machine Learning,24.78,11.89,54.05,53.53,C,5.04,31.43,39.18,46.27,41.07,No,Not Placed,0,Poor
100959,Student_100959,Other,19,CSE,2,Kolhapur,Upper Middle,88.27,39,57.06,22,11,11,6,5,Big Data,36.04,27.26,55.97,73.19,A,7.36,69.31,55.05,49.42,63.32,Yes,Not Placed,0,Good
100960,Student_100960,Other,23,AIML,1,Nagpur,,72.56,35,42.76,22,8,10,3,4,Machine Learning,,9.38,45.73,50.34,C,5.23,41.93,38.32,55.92,11.18,No,Not Placed,0,Poor
100961,Student_100961,Male,23,CSE,8,Nagpur,Low,72.76,41,45.87,26,5,11,7,5,Deep Learning,34.12,19.97,69.09,73.45,A,7.52,59.69,68.11,69.14,40.91,No,Not Placed,0,Good
100962,Student_100962,Female,23,Cyber Security,3,Thane,Lower Middle,78.98,48,62.44,23,9,8,1,4,NLP,29.89,24.47,75.7,76.58,A,7.77,83.92,73.28,59.74,66.9,Yes,Placed,8.0,Good
100963,Student_100963,Other,19,AIML,7,Mumbai,Middle,,41,26.47,25,7,8,7,11,Deep Learning,16.79,22.25,80.27,67.56,B,6.45,44.26,45.75,67.73,,No,Not Placed,0,Average
100964,Student_100964,Other,18,Data Science,7,Nagpur,Low,70.2,42,38.26,28,9,14,3,9,Big Data,11.64,9.27,38.72,34.26,C,3.46,20.02,12.01,69.42,40.03,No,Not Placed,0,Poor
100965,Student_100965,Male,19,Data Science,4,Satara,Middle,58.98,29,18.23,11,6,10,5,5,Apache Spark,18.4,14.09,59.85,53.12,C,5.06,14.19,55.61,38.35,42.91,No,Not Placed,0,Poor
100966,Student_100966,Male,22,Data Science,4,Nagpur,Upper Middle,69.57,16,23.4,8,4,9,5,4,NLP,23.28,14.54,49.89,52.1,C,5.2,44.77,56.17,22.44,29.27,No,Not Placed,0,Poor
100967,Student_100967,Male,19,CSE,5,Satara,Upper Middle,74.73,27,44.93,17,8,7,7,6,Deep Learning,24.57,20.32,67.52,65.74,B,6.93,69.31,39.83,38.92,72.14,Yes,Not Placed,0,Average
100968,Student_100968,Male,20,Cyber Security,4,Nagpur,Lower Middle,98,57,69.45,33,12,14,7,10,Machine Learning,31.88,25.45,73.2,77.47,A,8.06,60.18,66.09,92.02,94.05,Yes,Placed,6.8,Good
100969,Student_100969,Other,18,Data Science,7,Satara,Low,76.1,27,60.58,10,6,9,3,7,Deep Learning,24.09,21.9,45.96,55.65,B,6.12,46.77,29.71,52.3,33.84,No,Not Placed,0,Average
100970,Student_100970,Other,23,Cyber Security,3,Thane,Middle,90.06,57,73.18,25,10,15,6,11,Big Data,24.27,17.86,56.97,58.59,B,5.59,61.84,50.22,74.24,45.55,No,Not Placed,0,Average
100971,Student_100971,Other,18,AIML,3,Mumbai,Middle,80.44,29,41.97,24,10,10,5,5,NLP,25.89,27.31,75.46,75.36,A,7.24,47.43,64.16,75.82,54.73,No,Not Placed,0,Good
100972,Student_100972,Female,20,CSE,7,Thane,Low,76.18,35,4.92,26,10,8,4,7,Deep Learning,11.92,10.25,38.77,35.15,C,3.32,,47.25,48.12,15.68,No,Not Placed,0,Poor
100973,Student_100973,Female,19,AIML,8,Mumbai,Low,91.49,38,77.21,20,7,14,9,6,Statistics,37.51,25.65,88.6,89.53,A+,9.2,100,83.5,61.67,81.96,No,Placed,5.97,Excellent
100974,Student_100974,Female,25,Cyber Security,1,Thane,Low,81.2,43,46.25,23,3,11,3,5,NLP,25.21,26.03,55.7,64.11,B,6.44,74.48,58.46,56.09,53.13,Yes,Placed,8.2,Average
100975,Student_100975,Other,24,Cyber Security,4,,Lower Middle,84.01,32,35.33,22,5,9,9,4,Deep Learning,26.84,15.9,49.59,55.52,B,5.62,66.77,50.37,42.84,75.54,No,Not Placed,0,Average
100976,Student_100976,Other,22,Data Science,6,,High,95.89,49,78.03,,11,12,11,9,NLP,40,30,100,100.0,A+,10,100,84.53,76.53,82.18,No,Placed,13.21,Excellent
100977,Student_100977,Female,19,Cyber Security,2,Thane,Upper Middle,82.38,50,78.13,27,11,14,7,12,NLP,39.25,22.71,82.7,85.93,A+,8.73,56.04,47.27,82.5,80.75,No,Placed,13.72,Excellent
100978,Student_100978,Female,20,Cyber Security,2,Mumbai,Middle,70.15,33,10.64,14,7,13,3,7,NLP,28.42,23.6,49.23,61.66,B,6.12,57.29,48.54,45.52,45.47,No,Not Placed,0,Average
100979,Student_100979,Other,20,Cyber Security,2,Pune,Lower Middle,74.22,37,47.11,24,8,14,4,8,Machine Learning,31.3,27.62,81.43,82.61,A,7.62,78.83,78.88,66.64,77.07,Yes,Placed,3.61,Good
100980,Student_100980,Other,23,ECE,1,Nashik,High,87.31,40,50.45,19,7,9,1,8,Machine Learning,40,30,88.56,94.28,A+,9.45,79.61,98.28,56.52,69.08,No,Placed,9.68,Excellent
100981,Student_100981,Other,20,ECE,4,Thane,Low,65.2,23,47.42,14,5,9,4,2,Big Data,16.01,12.5,48.97,44.82,C,4.87,41.23,42.44,34.65,41.75,Yes,Not Placed,0,Poor
100982,Student_100982,Female,24,ECE,6,Pune,High,41.21,8,0,12,3,5,0,0,Apache Spark,10.97,11.41,25.61,28.64,C,2.78,15.2,13.14,53.12,,Yes,Not Placed,0,Poor
100983,Student_100983,Female,18,IT,4,Nashik,Lower Middle,85.76,41,66.33,29,11,13,5,10,Deep Learning,20.99,26.15,53.97,60.16,B,6.03,52.37,55.19,47.86,66.91,No,Not Placed,0,Average
100984,Student_100984,Other,23,ECE,2,Pune,,55.41,8,16.19,8,6,4,2,1,Big Data,23.65,11.68,53.39,52.22,C,5.15,27.3,47.41,38.5,18.67,No,Not Placed,0,Poor
100985,Student_100985,Female,21,ECE,8,Pune,Upper Middle,67.52,13,13.52,0,3,4,0,1,NLP,18.01,12.11,56.99,50.07,C,4.52,27.77,22.29,27.5,34.76,No,Not Placed,0,Poor
100986,Student_100986,Female,23,IT,1,Kolhapur,Middle,91.22,60,48.52,34,8,16,9,12,Big Data,29.76,15.64,43.83,54.66,C,5.61,63.01,48.87,94.91,52.38,No,Not Placed,0,Poor
100987,Student_100987,Female,20,CSE,4,Pune,High,74.53,39,44.77,22,5,9,5,2,Statistics,35.9,20.99,79.37,80.61,A,8.48,52.96,78.67,58.1,74.62,No,Not Placed,0,Good
100988,Student_100988,Male,19,ECE,6,Nashik,Low,61.45,6,33.94,11,5,2,1,7,NLP,29.83,23.07,77.94,76.72,A,7.67,67.03,55.21,45.92,54.17,No,Not Placed,0,Good
100989,Student_100989,Male,20,ECE,5,Nashik,Middle,78.11,46,64.61,18,6,10,3,3,Apache Spark,20.65,30,85.11,78.05,A,8.13,83.99,64.91,44.43,43.6,Yes,Not Placed,0,Good
100990,Student_100990,Female,22,Cyber Security,7,Nashik,High,61.15,6,0,1,4,5,1,1,Machine Learning,15.05,13.83,39.04,40.03,C,3.68,27.95,47.82,40.9,21.79,No,Not Placed,0,Poor
100991,Student_100991,Other,21,AIML,8,Kolhapur,High,69.26,46,55.74,23,12,13,7,8,Statistics,23.94,15.73,57.08,56.98,B,5.59,41.87,37.77,60.88,65.86,No,Not Placed,0,Average
100992,Student_100992,Male,22,ECE,5,Thane,Upper Middle,76.67,36,46.51,22,9,12,3,10,Statistics,9.57,13.59,71.03,51.75,C,5.0,30.27,51.1,78.66,39.47,Yes,Not Placed,0,Poor
100993,Student_100993,Male,21,CSE,8,Thane,Middle,63.78,58,46.74,20,7,12,7,6,Statistics,13.21,12.6,52.22,44.41,C,4.29,33.59,29.04,41.08,42.97,No,Not Placed,0,Poor
100994,Student_100994,Female,21,Data Science,4,Nashik,Lower Middle,76.0,39,54.8,27,8,12,6,10,Machine Learning,33.28,19.56,50.09,63.04,B,5.9,20.87,25.19,61.85,45.14,Yes,Not Placed,0,Average
100995,Student_100995,Other,25,CSE,4,Mumbai,Low,90.87,44,52.81,32,10,14,5,7,Machine Learning,22.2,21.79,42.43,52.39,C,5.12,35.06,28.32,71.19,39.87,Yes,Not Placed,0,Poor
100996,Student_100996,Female,21,Data Science,2,Nashik,High,85.0,51,,31,9,14,6,10,NLP,34.01,24.34,72.49,77.98,A,7.91,65.94,47.65,66.31,38.73,Yes,Placed,12.35,Good
100997,Student_100997,Male,23,Cyber Security,1,Thane,Lower Middle,63.62,15,29.74,19,6,7,2,2,Statistics,19.78,10.48,45.83,44.73,C,4.33,39.61,34.59,43.73,32.71,No,Not Placed,0,Poor
100998,Student_100998,Other,19,Cyber Security,2,Nashik,Middle,66.4,8,41.08,18,5,6,1,0,Big Data,34.13,26.48,82.34,84.42,A,8.45,74.56,96.21,37.24,57.41,Yes,Placed,4.65,Good
100999,Student_100999,Female,24,CSE,6,Nashik,High,51.06,4,21.04,3,4,5,4,1,NLP,4.4,11.32,37.58,29.64,C,3.25,9.23,33.06,36.42,24.63,No,Not Placed,0,Poor
101000,Student_101000,Other,22,IT,5,Pune,High,54.86,23,10.7,11,5,5,0,4,Statistics,10.49,7.78,27.72,26.92,C,2.41,14.29,50.14,48.94,18.96,No,Not Placed,0,Poor
101001,Student_101001,Male,22,ECE,3,Satara,Upper Middle,88.88,50,55.7,24,12,10,7,8,Big Data,30.04,28.22,,68.88,B,7.32,42.01,56.49,75.85,59.9,No,Not Placed,0,Average
101002,Student_101002,Other,45,CSE,5,Pune,,80.67,33,31.18,21,8,14,8,7,Deep Learning,30.3,20.88,70.29,71.79,A,7.48,43.08,51.28,72.49,44.21,Yes,Not Placed,0,Good
101003,Student_101003,Female,21,ECE,5,Pune,Middle,83.9,38,55.21,18,10,12,3,7,Statistics,27.3,17.07,64.13,63.92,B,6.68,65.23,56.86,54.34,73.46,Yes,Not Placed,0,Average
101004,Student_101004,Other,21,CSE,1,Satara,,98,74,118.27,40,12,19,12,13,Apache Spark,40,30,99.53,99.77,A+,9.72,100,100,92.75,86.94,Yes,Placed,8.99,Excellent
101005,Student_101005,Male,22,IT,7,Satara,Low,78.04,46,46.54,22,9,11,5,8,Deep Learning,25.28,14.25,74.76,65.84,B,6.67,53.41,58.47,57.11,51.52,No,Not Placed,0,Average
101006,Student_101006,Male,24,Cyber Security,7,Satara,Upper Middle,80.74,53,72.96,30,12,14,6,12,Statistics,31.2,30,80.26,83.53,A,8.36,73.94,49.42,79.12,63.78,Yes,Not Placed,0,Good
101007,Student_101007,Other,21,Data Science,1,Kolhapur,High,73.84,39,54.23,28,12,15,4,9,Big Data,30.96,24.39,56.11,67.54,B,6.6,62.97,43.31,53.12,62.88,No,Not Placed,0,Average
101008,Student_101008,Other,24,CSE,4,Nagpur,Low,79.03,28,46.9,15,6,6,3,2,Statistics,27.07,28.12,74.67,76.39,A,7.55,48.07,39.87,40.78,37.31,Yes,Not Placed,0,Good
101009,Student_101009,Male,24,IT,1,Thane,Lower Middle,80.51,45,65.03,29,12,10,3,7,NLP,26.23,20.01,75.59,70.8,A,7.02,55.87,56.94,74.11,40.07,Yes,Placed,7.27,Good
101010,Student_101010,Female,19,AIML,5,,Upper Middle,74.21,29,19.55,24,5,9,6,5,Statistics,29.66,20.09,67.98,69.62,B,7.1,62.52,46.98,47.19,52.96,No,Not Placed,0,Average
101011,Student_101011,Other,19,ECE,2,Nagpur,Middle,67.93,13,17.71,14,10,10,4,5,Apache Spark,20.46,23.26,45.7,53.7,C,5.21,46.49,48.08,46.92,33.45,No,Not Placed,0,Poor
101012,Student_101012,Other,24,Cyber Security,8,Nashik,Low,77.66,46,60.62,34,11,16,8,10,Statistics,25.58,22.17,60.13,64.03,B,6.4,49.14,44.65,78.4,48.19,No,Not Placed,0,Average
101013,Student_101013,Male,20,IT,7,Satara,Low,69.66,38,15.32,19,9,9,2,3,Statistics,16.83,14.16,31.18,37.65,C,4.04,37.05,41.14,43.08,21.26,No,Not Placed,0,Poor
101014,Student_101014,Other,24,Data Science,7,Thane,Middle,62.86,45,15.59,23,9,11,2,7,Apache Spark,7.76,21.44,21.17,30.7,C,3.31,30.95,14.69,50.35,48.15,No,Not Placed,0,Poor
101015,Student_101015,Male,25,Data Science,6,Satara,High,77.12,48,54.97,34,11,13,8,10,NLP,28.86,26.62,39.01,58.9,B,5.97,53.49,62.85,59.07,71.89,Yes,Not Placed,0,Average
101016,Student_101016,Male,22,CSE,5,,Middle,58.12,18,29.19,20,11,11,3,5,Statistics,16.4,16.86,54.55,50.82,C,5.01,40.27,59.76,53.84,28.39,No,Not Placed,0,Poor
101017,Student_101017,Male,22,CSE,1,Thane,Low,83.77,42,91.26,24,8,16,5,11,Big Data,39.97,22.73,100,95.13,A+,8.93,92.48,61.06,50.2,73.22,Yes,Placed,12.76,Excellent
101018,Student_101018,Other,19,Data Science,6,Nashik,High,80.53,49,77.97,30,8,10,3,4,Apache Spark,29.31,30,98.31,91.14,A+,8.88,100,99.06,69.35,92.27,Yes,Placed,9.72,Excellent
101019,Student_101019,Female,19,ECE,7,Thane,Lower Middle,80.53,52,66.78,26,11,16,7,9,Apache Spark,34.84,18.65,49.0,63.06,B,6.4,72.64,44.36,65.13,60.01,No,Not Placed,0,Average
101020,Student_101020,Other,23,IT,8,Nagpur,High,61.65,26,38.24,23,6,12,0,6,Apache Spark,26.33,15.38,71.97,65.98,B,6.63,86.46,68.61,,,No,Placed,9.05,Average
101021,Student_101021,Male,23,IT,6,Kolhapur,Middle,79.65,46,37.99,23,8,10,5,11,NLP,23.5,20.53,51.1,56.86,B,5.95,28.83,56.37,55.08,57.48,Yes,Not Placed,0,Average
101022,Student_101022,Male,24,ECE,2,Thane,,54.25,20,16.6,0,4,9,3,1,Machine Learning,19.4,22.6,65.59,62.41,B,6.1,52.7,65.18,39.39,48.88,No,Not Placed,0,Average
101023,Student_101023,Female,22,IT,3,Nagpur,Middle,53.25,0,0,0,5,3,0,0,Statistics,17.7,16.34,44.89,46.61,C,4.35,25.33,67.61,30.39,30.17,No,Not Placed,0,Poor
101024,Student_101024,Other,19,ECE,8,,Middle,56.98,28,17.74,17,5,9,7,4,NLP,23.47,19.23,63.85,62.35,B,5.72,65.67,77.3,65.77,53.42,No,Not Placed,0,Average
101025,Student_101025,Other,20,AIML,6,Nashik,High,77.37,14,16.22,15,9,10,3,8,Deep Learning,16.92,15.97,45.02,45.85,C,4.71,58.15,42.17,82.56,32.99,No,Not Placed,0,Poor
101026,Student_101026,Female,21,Data Science,5,Kolhapur,Upper Middle,68.44,28,33.68,10,5,6,4,5,Apache Spark,,22.36,79.65,78.89,A,7.32,67.82,89.79,42.2,71.55,No,Not Placed,0,Good
101027,Student_101027,Male,24,IT,5,Pune,High,86.29,40,34.5,32,9,13,3,11,Machine Learning,24.82,19.52,67.05,65.16,B,6.66,38.17,38.9,60.49,69.43,Yes,Not Placed,0,Average
101028,Student_101028,Other,23,CSE,5,,Low,80.63,44,65.83,26,7,10,3,10,Big Data,33.2,27.39,95.35,90.84,A+,9.13,88.68,87.91,53.96,93.42,No,Placed,7.75,Excellent
101029,Student_101029,Female,21,ECE,6,Nagpur,Middle,75.33,49,36.96,18,9,15,5,8,Big Data,16.67,18.26,36.11,42.74,C,3.92,20.12,12.05,58.86,9.19,No,Not Placed,0,Poor
101030,Student_101030,Male,20,ECE,8,Mumbai,Lower Middle,94.62,67,45.01,30,12,17,7,16,Big Data,24.06,15.01,62.91,59.51,B,5.21,51.25,45.44,83.09,62.45,Yes,Not Placed,0,Average
101031,Student_101031,Male,22,ECE,2,Kolhapur,Upper Middle,,39,55.65,17,10,10,3,8,Deep Learning,40,30,85.07,92.53,A+,9.28,100,64.31,61.29,77.13,Yes,Placed,3.47,Excellent
101032,Student_101032,Female,23,CSE,3,Thane,Lower Middle,61.03,39,28.93,15,7,5,3,9,Big Data,12.63,17.6,45.72,44.07,C,4.6,54.64,59.39,40.7,42.3,No,Not Placed,0,Poor
101033,Student_101033,Female,18,Cyber Security,7,Nagpur,Upper Middle,80.92,53,64.7,23,10,13,5,12,Deep Learning,25.28,23.71,74.61,72.07,A,7.34,46.85,58.65,83.07,59.94,No,Not Placed,0,Good
101034,Student_101034,Other,19,IT,4,Mumbai,High,81.14,29,75.74,14,7,9,4,2,Deep Learning,36.62,26.7,96.55,93.53,A+,9.54,98.46,88.26,67.83,71.21,Yes,Placed,8.19,Excellent
101035,Student_101035,Female,20,ECE,7,Kolhapur,Middle,79.2,57,32.06,29,9,14,5,7,Statistics,13.36,19.15,58.43,52.01,C,5.24,41.24,15.23,69.3,13.13,No,Not Placed,0,Poor
101036,Student_101036,Male,18,CSE,1,Mumbai,Upper Middle,81.82,35,72.42,21,7,8,3,6,Apache Spark,30.39,15.75,67.68,67.13,B,6.58,74.36,77.68,65.91,62.83,Yes,Placed,11.74,Average
101037,Student_101037,Female,21,ECE,4,Nagpur,Upper Middle,67.96,37,49.23,,8,14,4,11,Apache Spark,21.58,16.31,36.7,45.41,C,4.47,47.07,48.86,49.63,46.86,No,Not Placed,0,Poor
101038,Student_101038,Female,18,CSE,1,Pune,Low,85.43,78,113.4,41,12,18,8,9,Statistics,23.52,21.39,77.64,70.72,A,6.7,82.34,48.24,94.67,87.31,No,Placed,5.15,Good
101039,Student_101039,Male,24,CSE,6,Nagpur,Low,77.0,55,72.86,36,12,15,9,12,Deep Learning,35.33,30,100,96.5,A+,9.7,89.76,62.36,60.65,96.86,No,Placed,10.99,Excellent
101040,Student_101040,Male,21,CSE,2,Nashik,Middle,58.38,11,12.35,15,4,7,0,1,Deep Learning,27.95,17.11,59.85,62.3,B,6.6,57.43,70.83,44.21,41.64,Yes,Not Placed,0,Average
101041,Student_101041,Other,23,ECE,3,Kolhapur,Middle,73.14,18,31.48,14,4,5,2,4,Machine Learning,26.45,23.35,62.59,66.69,B,6.89,49.24,65.59,37.49,48.72,No,Not Placed,0,Average
101042,Student_101042,Male,24,CSE,7,Nashik,Lower Middle,59.93,19,20.43,17,6,4,0,0,NLP,32.9,26.08,61.33,72.73,A,7.11,62.38,55.46,45.04,44.85,No,Not Placed,0,Good
101043,Student_101043,,24,ECE,7,Thane,High,68.31,37,33.49,14,7,9,4,5,NLP,16.35,14.54,35.38,39.65,C,4.07,33.51,33.26,72.73,32.9,No,Not Placed,0,Poor
101044,Student_101044,Male,20,Data Science,5,Nagpur,Low,81.94,41,47.14,,8,9,1,9,Big Data,24.96,25.31,64.9,68.04,B,6.66,56.43,72.71,30.4,59.25,Yes,Placed,9.16,Average
101045,Student_101045,Other,25,Cyber Security,7,Kolhapur,Middle,77.25,30,,17,7,10,6,6,Machine Learning,18.8,16.97,44.06,47.45,C,4.68,49.53,25.44,66.18,38.62,No,Not Placed,0,Poor
101046,Student_101046,Other,21,Cyber Security,5,Satara,Lower Middle,78.42,36,59.26,23,10,10,5,6,Statistics,40,28.89,73.28,85.9,A+,8.65,75.39,67.08,61.87,71.67,Yes,Placed,6.07,Excellent
101047,Student_101047,Female,19,AIML,7,Mumbai,,57.03,12,0,7,5,5,5,0,Big Data,11.85,7.14,20.57,23.93,C,2.67,28.0,49.06,45.97,21.37,No,Not Placed,0,Poor
101048,Student_101048,Male,22,CSE,1,Satara,Upper Middle,79.5,45,33.11,26,12,14,5,9,Statistics,21.58,14.62,66.42,59.14,B,5.93,57.04,47.87,59.2,54.74,No,Not Placed,0,Average
101049,Student_101049,Male,21,Cyber Security,4,Kolhapur,Middle,69.31,18,42.34,9,7,8,2,1,Machine Learning,14.86,7.74,46.21,39.41,C,3.79,34.79,50.66,10.83,23.56,No,Not Placed,0,Poor
101050,Student_101050,Male,23,CSE,1,Pune,High,89.07,37,104.82,35,11,14,8,16,NLP,40,30,87.86,93.93,A+,9.09,100,83.6,66.04,99.77,No,Placed,5.12,Excellent
101051,Student_101051,Female,18,Data Science,4,Nagpur,Lower Middle,79.62,45,58.79,27,11,15,7,8,Machine Learning,15.92,12.32,62.76,51.53,C,5.39,24.27,39.12,67.65,51.0,No,Not Placed,0,Poor
101052,Student_101052,Female,20,AIML,8,Kolhapur,Low,65.24,50,36.82,18,7,10,2,6,Deep Learning,27.0,14.89,70.81,65.58,B,6.4,43.24,60.68,69.48,29.69,No,Not Placed,0,Average
101053,Student_101053,Other,18,AIML,4,Kolhapur,High,110,37,46.41,21,8,9,2,4,Big Data,8.27,14.99,56.99,44.7,C,4.54,44.94,42.98,31.85,54.85,No,Not Placed,0,Poor
101054,Student_101054,Female,23,Cyber Security,6,Thane,Lower Middle,67.78,16,17.99,10,4,4,1,1,Apache Spark,25.53,12.88,43.54,49.51,C,4.88,45.81,31.6,45.06,25.26,Yes,Not Placed,0,Poor
101055,Student_101055,Male,23,IT,6,Satara,Upper Middle,69.53,27,10.53,20,6,6,3,5,Apache Spark,15.35,7.42,48.03,40.47,C,4.07,42.51,58.79,52.22,41.67,No,Not Placed,0,Poor
101056,Student_101056,Female,18,IT,6,Pune,Middle,81.88,45,68.66,25,11,11,4,7,Big Data,32.86,29.4,,85.0,A+,8.31,57.11,67.41,62.01,66.49,Yes,Placed,7.65,Excellent
101057,Student_101057,Other,22,ECE,1,Kolhapur,Middle,57.3,35,21.46,9,5,3,3,3,Deep Learning,28.59,16.3,65.59,65.1,B,6.29,58.83,84.29,28.34,56.25,No,Not Placed,0,Average
101058,Student_101058,Male,21,AIML,5,Nashik,High,91.0,44,52.24,24,12,14,5,10,NLP,22.12,19.21,54.37,56.58,B,5.77,55.56,57.41,61.97,61.35,No,Not Placed,0,Average
101059,Student_101059,Female,23,CSE,6,Kolhapur,Middle,72.55,49,72.03,22,10,15,4,7,Apache Spark,28.65,14.84,64.66,63.71,B,6.21,60.5,63.37,60.78,35.08,No,Not Placed,0,Average
101060,Student_101060,Other,25,AIML,6,Nashik,Low,75.16,38,58.03,11,8,7,3,8,Deep Learning,19.29,26.46,61.03,62.62,B,6.37,69.88,58.14,57.56,62.85,No,Not Placed,0,Average
101061,Student_101061,Other,21,Cyber Security,6,Thane,Low,86.46,51,46.09,25,10,11,5,9,NLP,27.49,20.82,73.33,71.16,A,6.94,72.33,64.07,47.34,69.76,No,Not Placed,0,Good
101062,Student_101062,Other,18,ECE,1,Nashik,Middle,80.12,38,17.26,10,7,9,5,4,Apache Spark,22.57,20.98,52.81,57.32,B,5.93,63.22,52.48,43.05,57.76,No,Not Placed,0,Average
101063,Student_101063,Female,25,IT,8,Satara,Middle,89.99,50,65.1,22,9,7,6,9,Machine Learning,30.72,30,69.98,78.03,A,7.85,96.94,83.6,77.7,100,Yes,Placed,12.03,Good
101064,Student_101064,Female,24,Cyber Security,4,Satara,Middle,70.77,37,68.41,24,10,15,7,6,Machine Learning,21.83,19.13,48.96,53.6,C,5.58,43.48,53.11,64.48,44.44,No,Not Placed,0,Poor
101065,Student_101065,Other,23,CSE,3,Kolhapur,Lower Middle,62.66,35,51.07,19,8,11,5,7,NLP,21.99,15.2,62.25,57.75,B,5.49,47.12,34.45,51.74,42.7,Yes,Not Placed,0,Average
101066,Student_101066,Female,20,AIML,5,Mumbai,Upper Middle,81.29,50,49.22,22,9,10,5,7,NLP,32.09,21.73,89.46,83.28,A,8.46,56.83,60.96,61.04,67.96,Yes,Not Placed,0,Good
101067,Student_101067,Other,25,Data Science,2,Kolhapur,High,90.92,48,52.4,20,10,10,6,6,Big Data,39.43,30,89.75,94.45,A+,8.97,97.85,77.06,63.89,60.49,No,Placed,6.98,Excellent
101068,Student_101068,Male,25,IT,5,Kolhapur,High,63.41,29,22.41,23,7,9,0,9,NLP,8.36,10.22,29.95,28.06,C,2.97,23.4,30.31,48.45,40.0,No,Not Placed,0,Poor
101069,Student_101069,Male,22,ECE,6,Mumbai,Low,62.79,17,0,9,5,6,4,5,Deep Learning,0.92,5.15,27.17,17.71,C,1.85,7.72,33.61,29.15,7.81,Yes,Not Placed,0,Poor
101070,Student_101070,Female,19,Data Science,7,Nashik,Middle,67.05,36,54.5,18,9,10,5,7,NLP,31.76,22.87,67.17,72.65,A,7.09,72.74,68.34,54.39,66.32,No,Placed,11.02,Good
101071,Student_101071,Male,19,CSE,5,Satara,High,78.73,23,54.75,19,6,11,3,5,Statistics,22.69,27.13,86.11,78.16,A,8.01,54.18,86.02,60.87,43.69,No,Placed,13.26,Good
101072,Student_101072,Female,23,Cyber Security,8,Thane,Low,78.38,29,40.36,17,5,6,5,5,Apache Spark,17.66,15.44,67.5,57.29,B,5.95,40.74,53.0,44.45,39.91,No,Not Placed,0,Average
101073,Student_101073,Male,21,CSE,7,Nashik,Lower Middle,65.1,42,24.97,13,6,6,1,3,Deep Learning,17.91,18.09,39.32,45.15,C,4.82,58.19,22.91,54.61,23.06,No,Not Placed,0,Poor
101074,Student_101074,Female,21,Cyber Security,1,Nashik,Upper Middle,68.2,26,8.71,6,6,8,0,5,Statistics,20.26,13.27,51.94,50.01,C,5.26,23.25,51.76,42.52,16.71,No,Not Placed,0,Poor
101075,Student_101075,Female,24,CSE,8,Nagpur,Low,85.08,30,65.06,23,8,10,6,9,Big Data,33.42,23.47,96.85,89.14,A+,8.23,86.34,76.56,66.73,67.42,No,Not Placed,0,Excellent
101076,Student_101076,Female,25,Cyber Security,2,Mumbai,Middle,85.46,45,58.73,30,11,16,10,10,Big Data,25.21,24.09,91.82,80.88,A,8.25,67.06,27.56,66.78,59.27,No,Not Placed,0,Good
101077,Student_101077,Male,19,CSE,1,Satara,Upper Middle,71.56,20,35.72,17,8,9,5,5,Deep Learning,17.77,28.23,58.57,61.43,B,6.24,54.98,48.92,45.35,59.61,No,Not Placed,0,Average
101078,Student_101078,Male,20,CSE,7,Satara,Lower Middle,81.06,45,63.56,31,12,17,7,10,Machine Learning,39.66,30,66.17,82.83,A,7.87,68.62,62.57,80.02,53.14,Yes,Placed,8.94,Good
101079,Student_101079,Male,22,AIML,7,Thane,Upper Middle,88.66,71,67.76,43,12,19,10,8,Machine Learning,,17.28,46.87,49.95,C,5.08,21.55,17.22,59.33,18.1,No,Not Placed,0,Poor
101080,Student_101080,Female,25,ECE,2,Satara,Middle,57.97,13,16.19,16,4,7,3,4,Apache Spark,20.6,12.19,48.14,47.65,C,4.52,43.6,36.6,24.43,32.85,No,Not Placed,0,Poor
101081,Student_101081,Female,20,ECE,5,Mumbai,Lower Middle,74.95,25,12.65,23,8,6,2,4,Big Data,11.24,8.44,41.79,34.95,C,3.89,24.6,28.9,45.01,0,No,Not Placed,0,Poor
101082,Student_101082,Male,24,IT,4,Kolhapur,Low,70.08,21,22.18,19,8,8,4,7,Machine Learning,24.9,23.91,68.89,69.06,B,7.15,64.53,61.67,50.05,43.94,No,Not Placed,0,Average
101083,Student_101083,Other,21,CSE,3,Kolhapur,Upper Middle,67.92,32,45.05,22,11,12,4,7,Machine Learning,23.05,18.21,44.07,51.46,C,4.73,28.43,21.88,46.76,44.72,No,Not Placed,0,Poor
101084,Student_101084,Female,20,CSE,3,Thane,Low,87.27,54,45.9,27,12,16,8,12,Statistics,,19.15,52.59,49.83,C,5.27,53.39,25.45,93.44,69.45,Yes,Not Placed,0,Poor
101085,Student_101085,Male,25,AIML,5,Thane,Middle,79.27,50,59.83,25,9,15,6,9,Statistics,23.35,16.19,51.27,53.94,C,5.7,54.45,17.26,72.43,,Yes,Not Placed,0,Poor
101086,Student_101086,Other,24,Data Science,4,Mumbai,Low,80.93,42,7.04,23,10,16,3,9,Machine Learning,11.83,11.35,37.55,35.21,C,3.62,5.07,2.71,58.9,41.45,No,Not Placed,0,Poor
101087,Student_101087,Male,21,ECE,3,Nagpur,High,80.1,52,34.75,28,9,16,4,10,Apache Spark,30.83,24.32,68.4,73.54,A,7.64,62.96,28.85,47.09,62.59,No,Not Placed,0,Good
101088,Student_101088,Female,21,Data Science,1,Kolhapur,Upper Middle,53.82,17,16.83,0,6,8,0,0,Deep Learning,,12.42,50.6,49.78,C,5.23,45.6,61.5,53.98,21.91,Yes,Not Placed,0,Poor
101089,Student_101089,Other,22,AIML,7,Nashik,Upper Middle,68.37,29,51.79,16,7,10,4,5,Statistics,37.26,30,94.52,95.2,A+,9.45,89.75,100,58.84,86.98,Yes,Placed,8.32,Excellent
101090,Student_101090,Other,19,AIML,4,Satara,Upper Middle,72.81,23,15.93,17,6,9,1,4,Statistics,25.74,17.41,59.76,60.79,B,6.41,64.38,41.14,31.88,57.82,No,Not Placed,0,Average
101091,Student_101091,Female,20,CSE,4,Pune,Lower Middle,85.17,39,44.18,19,10,12,2,8,Apache Spark,23.23,25.12,53.97,61.15,B,6.42,53.17,57.56,52.97,70.2,Yes,Not Placed,0,Average
101092,Student_101092,Other,22,Cyber Security,2,Mumbai,Low,79.41,50,38.37,26,8,5,5,6,NLP,29.12,20.34,55.91,63.36,B,6.03,61.88,51.39,66.94,70.0,No,Not Placed,0,Average
101093,Student_101093,Male,19,CSE,7,Satara,Lower Middle,,50,76.41,34,12,15,3,16,Apache Spark,30.52,30,92.41,89.1,A+,8.75,89.65,62.12,54.73,88.03,No,Placed,11.83,Excellent
101094,Student_101094,Other,19,Data Science,8,Mumbai,Low,86.16,47,59.99,19,9,12,6,6,Apache Spark,40,26.88,92.08,93.96,A+,9.05,96.14,86.14,81.12,70.17,Yes,Placed,6.16,Excellent
101095,Student_101095,Other,24,ECE,8,Thane,Lower Middle,80.22,23,65.38,12,8,11,1,2,Apache Spark,26.77,21.69,72.33,70.7,A,7.31,57.72,43.13,65.02,36.94,No,Not Placed,0,Good
101096,Student_101096,Other,24,ECE,4,Pune,Lower Middle,72.0,54,53.06,23,10,11,6,5,Big Data,29.62,20.45,79.37,75.53,A,7.75,61.38,53.04,,73.04,No,Placed,3.83,Good
101097,Student_101097,Male,22,CSE,6,Mumbai,High,75.34,45,26.82,16,5,10,0,7,Apache Spark,27.01,15.67,58.37,59.89,B,6.61,71.23,60.12,61.36,44.9,Yes,Placed,3.81,Average
101098,Student_101098,Other,25,Cyber Security,8,Satara,Upper Middle,90.61,57,98.15,17,11,16,9,12,Apache Spark,40,30,93.77,96.89,A+,9.76,89.81,82.28,71.06,100,Yes,Placed,4.54,Excellent
101099,Student_101099,Female,20,IT,7,Thane,Middle,77.9,26,36.42,20,8,12,5,2,Big Data,19.85,13.85,56.38,52.31,C,5.23,38.79,36.05,,31.13,No,Not Placed,0,Poor
101100,Student_101100,Male,25,ECE,1,Nagpur,Lower Middle,54.75,17,32.24,14,6,7,7,7,Machine Learning,10.45,19.2,63.55,52.42,C,5.06,42.95,37.96,,32.98,No,Not Placed,0,Poor
101101,Student_101101,Other,18,CSE,1,Nashik,Middle,75.95,35,43.15,19,9,8,4,4,NLP,19.61,18.15,59.92,56.76,B,5.94,26.16,21.19,46.48,46.63,No,Not Placed,0,Average
101102,Student_101102,Male,24,CSE,4,Mumbai,High,77.45,41,39.02,20,8,13,7,8,Big Data,40,30,86.59,93.3,A+,8.81,85.56,79.1,52.43,83.97,Yes,Placed,13.13,Excellent
101103,Student_101103,Other,25,Cyber Security,8,Nagpur,Lower Middle,81.45,40,38.15,24,9,10,3,7,Big Data,31.86,24.06,76.05,77.96,A,7.49,72.7,71.62,70.85,67.98,No,Not Placed,0,Good
101104,Student_101104,Other,22,IT,8,Pune,High,73.01,40,29.9,17,9,7,7,8,Apache Spark,25.97,17.21,75.19,68.54,B,6.95,55.83,39.59,58.63,47.33,Yes,Not Placed,0,Average
101105,Student_101105,Male,24,CSE,1,Nashik,Upper Middle,85.61,30,50.79,15,7,9,4,5,NLP,32.94,21.54,77.87,78.0,A,7.11,63.52,74.25,60.8,64.37,No,Placed,4.14,Good
101106,Student_101106,Other,20,Cyber Security,3,Nagpur,Lower Middle,65.58,32,26.17,18,6,7,2,4,Machine Learning,25.9,16.23,69.72,65.11,B,6.62,73.45,88.1,61.7,44.22,No,Not Placed,0,Average
101107,Student_101107,Male,22,ECE,6,Nagpur,Low,88.94,42,73.61,27,9,12,2,7,Deep Learning,29.99,20.29,91.0,81.52,A,8.39,70.83,65.02,83.86,88.03,Yes,Placed,6.96,Good
101108,Student_101108,Female,22,ECE,6,Nashik,Middle,69.02,27,6.5,11,8,8,2,4,Apache Spark,14.26,9.87,47.23,40.89,C,3.41,32.98,,38.14,37.61,No,Not Placed,0,Poor
101109,Student_101109,Female,18,Cyber Security,2,Nagpur,Middle,81.2,44,74.72,27,7,13,9,10,Statistics,26.69,20.7,83.62,75.63,A,7.55,67.95,59.49,82.75,41.6,No,Not Placed,0,Good
101110,Student_101110,Female,24,CSE,5,Satara,Upper Middle,81.47,47,67.27,22,11,13,6,7,Apache Spark,39.88,20.58,68.56,77.91,A,7.68,87.77,38.61,42.18,55.15,No,Not Placed,0,Good
101111,Student_101111,Male,22,ECE,3,Satara,Upper Middle,89.66,50,77.09,,12,17,8,17,Apache Spark,35.22,30,81.73,87.28,A+,8.66,91.19,66.89,78.7,100,Yes,Placed,13.08,Excellent
101112,Student_101112,Other,21,CSE,2,Satara,Middle,81.12,23,41.14,16,9,5,4,4,Big Data,38.31,26.78,98.67,95.92,A+,9.32,76.56,81.35,59.27,57.3,Yes,Placed,3.42,Excellent
101113,Student_101113,Female,19,IT,6,Nashik,Upper Middle,68.49,19,16.08,13,7,7,3,8,Big Data,18.98,17.86,50.82,51.55,C,5.18,49.54,58.52,44.61,43.25,No,Not Placed,0,Poor
101114,Student_101114,Other,24,ECE,7,Nagpur,Low,74.74,33,33.49,13,5,8,5,3,NLP,28.22,20.98,61.12,65.71,B,6.74,52.78,53.94,48.84,21.8,Yes,Not Placed,0,Average
101115,Student_101115,Other,21,Data Science,7,Pune,High,77.21,41,38.33,21,7,11,3,2,Statistics,16.3,22.94,49.48,52.25,C,5.59,49.48,23.33,56.01,31.64,No,Not Placed,0,Poor
101116,Student_101116,Female,23,IT,7,Mumbai,Lower Middle,73.58,29,30.27,15,8,10,4,3,NLP,22.71,18.64,57.72,58.32,B,5.56,35.57,23.31,28.92,41.5,No,Not Placed,0,Average
101117,Student_101117,Other,18,IT,1,,Upper Middle,51.12,32,32.31,12,7,7,3,4,Machine Learning,9.57,10.83,61.07,44.94,C,4.21,33.77,43.96,41.76,12.71,No,Not Placed,0,Poor
101118,Student_101118,Other,22,AIML,5,Mumbai,Low,70.83,30,34.47,8,5,9,0,1,Deep Learning,21.29,20.78,64.45,62.05,B,6.72,57.68,49.64,47.03,59.7,No,Not Placed,0,Average
101119,Student_101119,Other,21,AIML,5,Kolhapur,Middle,69.73,44,40.66,21,10,7,4,8,Apache Spark,27.12,19.74,66.71,66.86,B,6.79,59.87,30.93,53.38,49.69,No,Not Placed,0,Average
101120,Student_101120,Male,23,ECE,8,Nagpur,Middle,80.71,42,35.04,16,9,7,3,7,NLP,39.04,24.11,82.25,86.47,A+,8.43,71.46,72.53,63.27,71.04,Yes,Placed,7.91,Excellent
101121,Student_101121,Female,23,AIML,8,Satara,Low,58.71,22,19.48,22,6,9,4,5,NLP,13.51,14.02,51.31,45.13,C,4.76,21.19,28.0,34.98,37.66,No,Not Placed,0,Poor
101122,Student_101122,Female,18,Data Science,4,Pune,Low,70.6,28,66.38,24,10,9,1,5,Apache Spark,40,30,88.86,94.43,A+,9.74,67.34,100,48.86,71.34,Yes,Placed,6.58,Excellent
101123,Student_101123,Other,24,IT,4,Nagpur,Upper Middle,5,35,63.65,20,11,9,2,10,Big Data,26.59,23.25,53.94,62.41,B,6.52,80.54,52.91,39.64,74.23,No,Not Placed,0,Average
101124,Student_101124,Male,18,CSE,6,Nagpur,High,73.57,31,17.73,15,5,9,1,4,Big Data,7.93,16.37,50.09,41.91,C,3.85,44.83,30.04,74.47,16.24,No,Not Placed,0,Poor
101125,Student_101125,Male,20,ECE,1,Nagpur,Lower Middle,69.27,42,44.5,22,7,10,0,7,Statistics,25.67,17.77,69.46,65.83,B,6.33,33.23,49.06,67.22,57.06,No,Not Placed,0,Average
101126,Student_101126,Female,22,CSE,5,Thane,Upper Middle,58.01,18,0,12,6,10,1,4,Machine Learning,12.46,16.7,50.04,45.5,C,5.01,24.7,46.4,57.01,45.55,Yes,Not Placed,0,Poor
101127,Student_101127,Female,18,Data Science,7,Thane,Middle,57.92,19,44.84,17,9,7,0,6,Apache Spark,20.63,13.68,55.66,52.42,C,5.37,43.08,57.8,33.68,59.83,No,Not Placed,0,Poor
101128,Student_101128,Male,24,Cyber Security,4,Thane,Upper Middle,75.54,29,32.27,16,9,5,1,3,Machine Learning,16.83,17.09,44.44,46.23,C,4.81,51.15,55.29,29.06,45.85,No,Not Placed,0,Poor
101129,Student_101129,Other,20,ECE,7,Nashik,Upper Middle,77.43,44,55.3,23,8,9,4,7,Machine Learning,34.07,24.04,69.68,76.42,A,7.51,54.65,44.73,56.42,38.6,No,Not Placed,0,Good
101130,Student_101130,Female,25,CSE,4,Nashik,High,68.67,33,27.26,21,9,12,4,9,Apache Spark,11.68,19.1,54.39,48.69,C,4.84,36.89,42.49,44.89,,Yes,Not Placed,0,Poor
101131,Student_101131,Male,21,AIML,6,Thane,Upper Middle,59.88,27,33.65,30,11,10,0,5,Machine Learning,20.55,14.78,37.79,44.17,C,4.46,33.5,48.85,65.35,41.1,No,Not Placed,0,Poor
101132,Student_101132,Female,23,IT,4,Satara,Middle,87.19,45,49.55,33,11,14,4,10,Apache Spark,22.14,22.93,62.7,63.24,B,6.51,49.03,54.1,82.64,43.38,No,Placed,8.11,Average
101133,Student_101133,Other,24,ECE,2,Mumbai,Low,85.48,46,61.8,28,11,12,7,12,Deep Learning,24.3,27.36,72.57,72.75,A,7.41,91.02,75.91,65.45,82.93,Yes,Placed,12.98,Good
101134,Student_101134,Other,22,IT,1,Kolhapur,Low,84.79,25,68.07,32,8,13,3,9,Big Data,40,27.15,78.13,87.16,A+,8.82,79.94,85.59,62.97,87.24,Yes,Placed,5.78,Excellent
101135,Student_101135,,21,ECE,4,Pune,Middle,71.2,39,33.39,20,8,9,2,3,Apache Spark,16.15,16.45,60.42,53.29,C,5.17,56.49,35.48,31.23,29.43,No,Not Placed,0,Poor
101136,Student_101136,Other,19,IT,8,Mumbai,High,82.66,25,29.14,13,6,12,1,3,NLP,19.9,18.0,62.55,58.2,B,6.02,50.42,50.09,42.31,51.65,No,Not Placed,0,Average
101137,Student_101137,Male,22,IT,3,Thane,Lower Middle,77.66,53,74.77,29,11,17,8,12,Deep Learning,34.44,27.62,58.3,73.4,A,7.35,62.4,31.12,75.88,49.23,No,Not Placed,0,Good
101138,Student_101138,Other,20,ECE,1,Satara,Lower Middle,69.46,32,45.03,20,5,9,3,3,NLP,24.51,21.13,54.07,59.51,B,5.8,65.47,47.76,48.61,62.69,Yes,Not Placed,0,Average
101139,Student_101139,Female,24,IT,1,Satara,Middle,44.52,2,3.59,4,2,4,1,0,Statistics,13.06,6.22,30.2,29.04,C,2.79,29.93,55.71,49.44,26.88,No,Not Placed,0,Poor
101140,Student_101140,Other,19,CSE,6,,Middle,63.6,11,27.04,5,4,5,0,3,NLP,23.54,19.57,59.51,60.46,B,5.92,48.12,58.73,28.89,53.33,No,Not Placed,0,Average
101141,Student_101141,Female,24,IT,3,Thane,Upper Middle,82.52,55,62.44,23,12,12,7,11,Deep Learning,36.69,15.74,69.12,72.56,A,7.44,59.52,59.22,92.62,62.39,No,Not Placed,0,Good
101142,Student_101142,Male,24,CSE,3,Kolhapur,Middle,72.66,31,57.57,20,11,10,3,10,Statistics,26.56,22.39,61.55,65.62,B,6.52,48.54,79.31,53.67,61.79,Yes,Not Placed,0,Average
101143,Student_101143,Female,19,ECE,5,Mumbai,Low,71.85,38,4.84,21,7,8,3,8,Apache Spark,6.29,9.44,50.89,36.46,C,3.56,29.7,29.34,68.27,51.44,No,Not Placed,0,Poor
101144,Student_101144,Other,20,Data Science,2,Satara,High,68.47,33,8.1,16,7,8,2,4,Deep Learning,0,6.07,29.33,18.71,C,2.07,12.04,26.67,45.92,0,No,Not Placed,0,Poor
101145,Student_101145,Male,19,Data Science,3,Thane,Middle,72.81,30,55.85,19,6,8,0,6,Big Data,21.49,19.47,55.88,57.03,B,5.7,40.52,53.81,54.67,52.59,No,Not Placed,0,Average
101146,Student_101146,Female,19,Cyber Security,2,Kolhapur,Middle,83.27,48,57.41,,11,13,6,11,Deep Learning,,23.08,70.83,72.81,A,7.46,62.79,62.08,72.04,52.13,Yes,Placed,11.42,Good
101147,Student_101147,Other,22,CSE,5,Nagpur,Lower Middle,58.22,0,9.2,6,2,5,0,0,Statistics,25.91,16.78,56.41,58.82,B,6.16,48.1,52.93,35.17,48.93,No,Not Placed,0,Average
101148,Student_101148,,24,CSE,8,Kolhapur,Upper Middle,61.15,6,0,8,5,7,1,0,NLP,28.75,22.23,59.33,66.05,B,6.76,77.03,51.2,38.86,32.83,Yes,Not Placed,0,Average
101149,Student_101149,Other,21,AIML,4,Kolhapur,Low,62.63,19,46.47,13,6,7,0,1,Deep Learning,27.42,19.55,68.87,68.03,B,6.7,40.13,57.98,43.2,70.3,No,Not Placed,0,Average
101150,Student_101150,Female,25,AIML,4,Mumbai,Upper Middle,98,57,70.27,36,12,17,8,15,NLP,39.17,30,91.83,95.29,A+,9.56,96.01,57.86,76.42,73.63,Yes,Placed,5.68,Excellent
101151,Student_101151,Male,25,CSE,8,Nashik,Low,72.38,41,40.93,9,8,7,1,6,Deep Learning,34.81,28.41,76.0,83.05,A,8.24,88.63,48.23,63.92,34.52,No,Placed,13.2,Good
101152,Student_101152,Female,22,AIML,8,Satara,Low,82.11,30,34.24,28,10,14,4,8,Statistics,31.16,18.3,67.93,69.54,B,7.12,64.67,,82.79,79.04,No,Placed,3.19,Average
101153,Student_101153,Male,18,ECE,1,Thane,Middle,71.6,34,34.96,22,9,9,7,9,Apache Spark,25.03,11.76,69.32,61.28,B,6.3,88.16,61.24,50.05,55.2,No,Not Placed,0,Average
101154,Student_101154,Male,21,Cyber Security,5,Satara,Middle,52.24,28,28.42,19,8,8,5,4,Apache Spark,16.54,11.71,46.76,43.59,C,4.48,35.29,27.72,25.12,8.98,No,Not Placed,0,Poor
101155,Student_101155,Male,23,CSE,3,Pune,High,52.51,23,5.68,9,4,6,3,1,Machine Learning,8.97,8.69,37.38,31.21,C,3.22,24.3,42.41,57.54,9.38,Yes,Not Placed,0,Poor
101156,Student_101156,Other,23,CSE,5,Pune,Middle,59.12,19,31.55,13,8,10,2,4,Apache Spark,,15.28,68.06,58.37,B,6.06,64.71,52.59,65.28,45.49,No,Not Placed,0,Average
101157,Student_101157,Female,19,AIML,5,Pune,Upper Middle,65.64,7,0,4,3,3,0,0,Deep Learning,11.88,17.23,62.19,51.49,C,5.1,38.36,49.3,24.04,40.18,No,Not Placed,0,Poor
101158,Student_101158,Other,23,CSE,3,Nagpur,Lower Middle,82.39,35,52.25,27,12,15,8,9,Statistics,23.09,22.95,57.16,61.2,B,6.16,45.3,50.64,83.92,60.48,No,Not Placed,0,Average
101159,Student_101159,Female,23,Data Science,7,Pune,High,82.43,38,38.56,14,10,10,6,8,Deep Learning,31.74,21.14,77.98,76.89,A,7.55,55.3,58.76,35.51,57.07,No,Not Placed,0,Good
101160,Student_101160,Male,23,ECE,1,Thane,Upper Middle,78.46,38,72.24,,10,13,3,9,Machine Learning,40,22.84,76.75,83.6,A,8.32,54.29,31.13,57.69,45.73,No,Not Placed,0,Good
101161,Student_101161,Female,18,Data Science,5,Satara,High,76.8,40,71.8,19,10,13,7,9,NLP,29.7,20.26,61.54,66.55,B,7.15,43.38,56.68,77.74,29.8,No,Not Placed,0,Average
101162,Student_101162,Male,19,CSE,1,Thane,High,73.26,27,31.92,14,4,1,3,2,Deep Learning,27.61,20.06,63.31,65.74,B,6.05,51.75,38.55,50.89,70.92,No,Not Placed,0,Average
101163,Student_101163,Male,20,ECE,4,Nagpur,Lower Middle,77.0,40,53.91,25,5,11,2,6,Apache Spark,32.28,28.73,84.86,85.8,A+,8.59,76.83,59.42,55.94,68.79,No,Not Placed,0,Excellent
101164,Student_101164,Female,18,CSE,8,Mumbai,Low,96.87,45,63.52,25,10,10,6,13,Machine Learning,33.52,24.13,89.12,85.79,A+,8.48,88.89,92.07,65.51,81.17,Yes,Placed,10.51,Excellent
101165,Student_101165,Female,21,IT,6,Nashik,Upper Middle,70.43,27,10.97,23,6,6,1,5,Statistics,16.24,20.0,55.65,53.34,C,5.26,,25.68,54.85,19.53,No,Not Placed,0,Poor
101166,Student_101166,Male,24,AIML,6,Pune,Low,67.67,60,45.58,19,7,12,6,6,Statistics,18.75,14.62,49.34,48.48,C,4.93,32.7,19.95,65.7,48.52,No,Not Placed,0,Poor
101167,Student_101167,Other,25,ECE,4,Thane,Upper Middle,83.43,45,74.43,25,10,14,7,9,NLP,16.85,16.14,63.93,55.36,B,5.58,77.55,52.61,59.5,55.24,Yes,Not Placed,0,Average
101168,Student_101168,Male,21,ECE,1,Satara,Upper Middle,72.51,26,52.02,,7,14,4,7,Deep Learning,23.47,17.27,63.38,60.81,B,5.97,55.05,33.31,42.99,34.7,No,Not Placed,0,Average
101169,Student_101169,Male,22,AIML,4,Nashik,Upper Middle,83.47,52,68.41,,9,14,9,8,Deep Learning,31.51,23.78,68.73,73.85,A,7.05,51.12,56.41,74.18,73.05,No,Placed,9.93,Good
101170,Student_101170,Male,25,CSE,2,Nagpur,Middle,73.41,43,33.25,15,10,11,4,9,Machine Learning,17.08,12.08,38.54,40.14,C,3.92,35.7,30.14,50.23,57.0,No,Not Placed,0,Poor
101171,Student_101171,Other,24,Data Science,4,Satara,Low,77.11,46,47.63,25,10,7,8,12,Machine Learning,29.4,21.54,65.51,69.17,B,6.98,47.8,45.17,50.36,58.34,Yes,Not Placed,0,Average
101172,Student_101172,Other,21,Data Science,7,Thane,High,82.48,49,50.68,29,11,19,11,8,Big Data,23.68,20.56,61.12,62.03,B,6.17,63.2,35.02,61.58,66.57,No,Not Placed,0,Average
101173,Student_101173,Other,23,CSE,8,Nashik,Middle,70.56,24,8.59,14,7,6,0,3,Big Data,13.57,14.13,29.46,34.33,C,3.71,19.89,34.4,47.06,5.66,Yes,Not Placed,0,Poor
101174,Student_101174,Other,19,ECE,6,Nagpur,Lower Middle,75.77,34,42.39,23,9,10,2,5,Statistics,24.11,28.76,58.55,66.53,B,6.53,83.37,62.88,60.3,57.6,No,Not Placed,0,Average
101175,Student_101175,Female,19,ECE,2,Satara,Upper Middle,73.57,47,34.52,25,9,10,2,6,Apache Spark,,17.65,52.23,60.91,B,6.0,67.98,68.77,68.13,59.93,No,Not Placed,0,Average
101176,Student_101176,Male,22,ECE,4,Nagpur,Lower Middle,64.58,25,24.31,7,8,10,6,6,Apache Spark,21.57,16.1,40.55,47.18,C,5.21,29.0,33.58,33.69,23.82,No,Not Placed,0,Poor
101177,Student_101177,Other,22,Cyber Security,5,Kolhapur,Middle,61.61,24,27.38,2,5,3,1,3,NLP,24.35,22.56,55.51,61.06,B,5.87,58.73,56.77,47.37,62.39,No,Not Placed,0,Average
101178,Student_101178,Other,21,ECE,7,Pune,Lower Middle,76.62,50,52.64,24,8,13,7,7,NLP,35.56,30,89.27,91.31,A+,8.85,81.13,70.99,55.6,74.21,Yes,Placed,6.32,Excellent
101179,Student_101179,Male,19,AIML,7,Nagpur,Upper Middle,98,55,83.01,34,12,18,12,14,Big Data,40,25.72,91.44,92.87,A+,9.12,78.41,69.14,99.65,92.54,Yes,Placed,5.9,Excellent
101180,Student_101180,Female,20,IT,2,Mumbai,Upper Middle,91.61,44,60.26,35,8,15,6,8,Deep Learning,40,30,65.9,82.95,A,8.22,66.19,61.88,50.95,73.35,Yes,Placed,5.66,Good
101181,Student_101181,Female,23,Cyber Security,1,Nashik,High,77.58,43,69.28,23,8,12,4,4,Deep Learning,40,30,85.15,92.57,A+,9.19,71.3,53.82,63.67,76.88,No,Placed,11.18,Excellent
101182,Student_101182,Male,22,AIML,3,Nashik,Upper Middle,72.33,20,36.25,18,9,9,5,8,Statistics,12.65,18.96,53.05,48.65,C,5.0,46.08,38.11,84.68,60.98,No,Not Placed,0,Poor
101183,Student_101183,Other,24,Data Science,7,Nagpur,Lower Middle,72.47,37,16.0,19,9,12,3,5,Machine Learning,26.09,27.14,58.07,66.69,B,6.28,52.01,43.47,56.03,39.51,No,Not Placed,0,Average
101184,Student_101184,Male,24,IT,2,Thane,Upper Middle,83.26,43,46.06,28,10,13,4,9,Statistics,40,22.42,72.61,81.25,A,7.97,75.11,56.31,70.23,35.8,No,Not Placed,0,Good
101185,Student_101185,Other,21,IT,7,Pune,High,71.87,40,2.62,16,9,13,5,4,Deep Learning,13.76,3.15,32.65,28.75,C,2.88,14.99,14.75,49.14,5.25,No,Not Placed,0,Poor
101186,Student_101186,,22,ECE,4,Pune,High,58.42,23,18.21,7,5,6,0,4,Apache Spark,19.02,22.98,58.49,58.83,B,6.18,59.84,47.05,52.82,51.44,No,Not Placed,0,Average
101187,Student_101187,Female,22,AIML,6,Nashik,Upper Middle,64.14,16,16.87,12,3,9,0,6,Deep Learning,13.53,7.04,41.37,35.52,C,3.74,30.96,20.25,55.51,27.43,No,Not Placed,0,Poor
101188,Student_101188,Female,21,Cyber Security,3,Nagpur,Middle,77.16,37,54.02,25,9,8,2,11,Apache Spark,30.18,25.55,75.94,77.64,A,7.9,56.04,79.76,62.17,70.06,Yes,Placed,12.48,Good
101189,Student_101189,Male,23,AIML,3,Pune,Middle,75.12,26,43.84,22,6,8,1,1,NLP,25.31,11.75,72.01,62.82,B,5.86,51.59,,36.93,62.11,No,Not Placed,0,Average
101190,Student_101190,Other,21,Cyber Security,2,Pune,High,72.6,46,60.86,27,9,13,11,11,Deep Learning,32.45,19.11,70.21,72.18,A,6.82,65.27,44.81,72.97,65.08,No,Not Placed,0,Good
101191,Student_101191,Other,23,Cyber Security,8,Mumbai,Upper Middle,57.26,9,,1,3,5,0,0,Apache Spark,35.1,25.76,53.06,70.03,A,7.05,66.01,58.73,36.54,35.39,Yes,Not Placed,0,Good
101192,Student_101192,Other,20,CSE,6,Satara,Low,74.27,43,25.26,23,12,12,6,10,Big Data,26.25,16.28,58.88,59.98,B,5.79,41.98,34.03,63.95,40.53,No,Not Placed,0,Average
101193,Student_101193,Other,22,IT,5,Pune,Upper Middle,79.61,31,,26,8,14,10,6,Machine Learning,15.58,15.37,63.14,53.5,C,5.55,48.78,53.01,67.3,60.38,Yes,Not Placed,0,Poor
101194,Student_101194,Other,22,Data Science,7,Mumbai,Low,76.28,21,420,23,9,10,5,4,NLP,21.42,28.95,75.01,72.88,A,7.33,29.38,38.35,61.51,54.8,No,Not Placed,0,Good
101195,Student_101195,Male,18,AIML,1,Kolhapur,High,98,32,74.51,34,11,14,6,13,Machine Learning,39.66,30,100,99.75,A+,9.62,100,95.21,62.1,78.7,Yes,Placed,7.15,Excellent
101196,Student_101196,Other,23,AIML,7,Pune,Lower Middle,59.75,28,31.09,21,4,4,2,1,Statistics,24.49,21.93,70.7,68.33,B,6.81,62.45,80.66,69.96,62.94,Yes,Placed,13.87,Average
101197,Student_101197,Female,18,IT,5,Thane,Low,65.71,20,39.73,16,7,6,2,3,NLP,32.72,21.99,71.48,74.93,A,7.42,77.65,84.44,44.24,45.62,No,Not Placed,0,Good
101198,Student_101198,Male,24,AIML,5,Pune,Lower Middle,86.57,37,56.23,18,10,12,6,7,Statistics,37.51,24.03,38.83,63.57,B,6.39,44.57,31.21,45.28,34.64,No,Not Placed,0,Average
101199,Student_101199,Male,20,Data Science,7,Mumbai,High,69.8,44,27.09,30,9,10,4,10,Big Data,22.02,15.13,43.57,48.39,C,4.87,55.0,41.84,46.9,43.67,Yes,Not Placed,0,Poor
101200,Student_101200,Female,24,AIML,4,Mumbai,Lower Middle,68.47,24,15.3,17,6,9,4,3,NLP,29.15,19.21,54.29,61.81,B,5.95,61.56,39.49,45.59,56.44,No,Not Placed,0,Average
101201,Student_101201,Female,25,CSE,6,Kolhapur,High,81.36,34,56.83,24,9,7,3,2,Deep Learning,26.54,18.25,76.52,70.33,A,7.08,54.96,73.74,58.4,64.81,Yes,Placed,11.28,Good
101202,Student_101202,Female,21,AIML,7,Nagpur,Middle,67.11,22,19.48,16,7,8,1,1,Deep Learning,21.45,18.1,56.05,56.18,B,5.62,57.82,71.63,48.78,34.0,No,Not Placed,0,Average
101203,Student_101203,Female,19,CSE,7,Pune,Low,63.74,23,19.47,13,7,7,2,3,Machine Learning,21.21,18.72,55.67,56.22,B,5.52,24.52,32.93,58.69,61.44,Yes,Not Placed,0,Average
101204,Student_101204,Other,22,AIML,3,Kolhapur,High,48.18,23,26.01,17,3,8,1,2,Big Data,21.29,15.3,51.88,52.1,C,4.84,41.62,41.44,44.29,43.99,No,Not Placed,0,Poor
101205,Student_101205,Other,18,CSE,2,Pune,Low,82.45,43,47.44,22,8,13,5,7,Apache Spark,33.99,27.45,71.74,79.66,A,8.1,78.11,48.62,69.21,68.24,Yes,Placed,13.69,Good
101206,Student_101206,Male,25,CSE,3,Thane,Lower Middle,65.88,30,10.11,17,6,7,3,7,Statistics,19.51,19.69,44.58,50.04,C,5.22,34.37,59.31,31.27,57.55,No,Not Placed,0,Poor
101207,Student_101207,Other,19,AIML,6,Satara,High,75.97,29,50.52,18,10,12,3,5,Apache Spark,31.35,21.58,71.01,73.4,A,7.77,62.55,59.24,48.04,50.27,No,Not Placed,0,Good
101208,Student_101208,Male,24,Data Science,1,Mumbai,Upper Middle,80.35,39,25.7,23,10,13,5,9,NLP,29.07,20.49,85.6,78.26,A,7.93,67.66,62.89,66.96,63.27,No,Not Placed,0,Good
101209,Student_101209,Male,21,AIML,5,Nagpur,Middle,87.54,61,57.91,25,12,13,5,10,Deep Learning,30.01,19.85,,69.1,B,6.89,51.32,35.69,74.74,48.37,No,Not Placed,0,Average
101210,Student_101210,Other,24,Cyber Security,1,Thane,Upper Middle,91.52,51,77.69,29,11,12,7,11,Statistics,40,30,89.8,94.9,A+,9.64,98.23,69.79,51.61,100,No,Placed,9.96,Excellent
101211,Student_101211,Female,21,CSE,7,Kolhapur,Upper Middle,75.59,47,66.33,26,5,12,7,8,Statistics,18.42,13.07,44.13,44.6,C,4.76,49.74,42.35,50.18,49.34,No,Not Placed,0,Poor
101212,Student_101212,Other,18,Cyber Security,6,Kolhapur,Upper Middle,61.28,41,19.78,24,7,12,3,7,NLP,22.76,19.77,65.88,63.19,B,6.24,47.83,55.64,,41.96,No,Not Placed,60,Average
101213,Student_101213,Male,20,IT,1,Satara,Lower Middle,75.4,39,46.9,24,6,8,8,6,Deep Learning,20.85,17.45,55.13,54.83,C,5.53,62.67,51.77,34.55,53.95,Yes,Not Placed,0,Poor
101214,Student_101214,Female,18,ECE,5,Thane,Upper Middle,76.28,30,42.14,13,6,10,1,9,Deep Learning,20.09,20.9,68.46,63.23,B,6.1,54.38,51.73,55.11,36.82,Yes,Not Placed,0,Average
101215,Student_101215,Male,23,AIML,2,Nashik,Lower Middle,69.19,26,26.63,16,7,8,5,3,Statistics,18.6,15.27,55.37,51.82,C,5.26,47.59,62.93,33.03,9.06,No,Not Placed,0,Poor
101216,Student_101216,Male,21,ECE,6,Mumbai,Low,75.77,44,58.53,25,9,12,7,9,Big Data,18.7,21.65,68.72,62.81,B,6.27,39.33,41.03,68.28,50.05,No,Not Placed,0,Average
101217,Student_101217,Male,22,ECE,7,Kolhapur,,68.29,25,52.91,22,7,9,0,3,Apache Spark,35.48,24.82,58.95,72.63,A,7.29,67.72,48.95,,49.23,No,Not Placed,0,Good
101218,Student_101218,Female,18,IT,2,Thane,Lower Middle,60.88,40,12.71,16,7,5,0,5,Statistics,12.44,13.72,35.13,36.04,C,3.4,26.85,37.82,40.65,28.18,No,Not Placed,0,Poor
101219,Student_101219,Male,23,Cyber Security,1,Mumbai,Upper Middle,54.52,6,31.74,3,6,4,2,0,Statistics,23.27,20.55,64.74,63.52,B,6.22,69.46,54.39,,29.72,No,Not Placed,0,Average
101220,Student_101220,Male,25,AIML,3,Thane,Low,70.85,47,49.52,25,11,11,7,6,NLP,17.73,17.46,68.06,58.97,B,6.2,,56.19,56.06,67.42,Yes,Placed,5.26,Average
101221,Student_101221,Male,18,AIML,6,Pune,Upper Middle,58.43,20,0,3,3,4,0,2,NLP,23.31,13.87,62.75,58.1,B,5.86,52.55,85.75,29.29,31.29,No,Not Placed,0,Average
101222,Student_101222,Male,22,ECE,3,Nashik,Low,76.07,24,40.34,12,7,11,4,10,Big Data,22.03,22.22,52.37,57.52,B,5.66,54.77,66.08,44.76,53.11,Yes,Not Placed,0,Average
101223,Student_101223,Other,21,Data Science,1,Nagpur,Lower Middle,69.85,18,65.32,15,7,10,4,7,Big Data,18.71,19.2,66.01,59.84,B,5.9,58.54,40.48,47.3,70.8,No,Not Placed,0,Average
101224,Student_101224,Other,20,Cyber Security,4,Mumbai,Lower Middle,87.52,46,32.46,25,8,11,6,6,Machine Learning,19.98,15.41,64.77,57.65,B,6.11,53.37,55.29,45.57,50.05,Yes,Not Placed,0,Average
101225,Student_101225,Male,18,AIML,5,Pune,Lower Middle,75.82,19,46.13,24,8,12,3,3,Apache Spark,31.95,21.12,57.02,66.55,B,6.39,71.38,59.07,45.67,41.95,No,Not Placed,0,Average
101226,Student_101226,Other,21,IT,7,Nagpur,Low,80.82,31,59.61,20,6,10,3,7,Machine Learning,38.93,21.94,92.36,90.0,A+,9.43,89.14,81.12,51.64,58.13,No,Placed,13.68,Excellent
101227,Student_101227,Male,25,Data Science,4,Nagpur,Lower Middle,70.33,43,61.41,26,11,10,5,10,Apache Spark,26.89,19.53,57.41,61.89,B,5.98,63.79,42.33,61.73,55.97,No,Not Placed,0,Average
101228,Student_101228,Other,18,ECE,8,Kolhapur,High,69.91,24,42.54,19,5,8,2,1,Machine Learning,23.93,17.96,46.58,53.22,C,5.47,49.87,36.44,61.5,52.56,No,Not Placed,0,Poor
101229,Student_101229,,20,Cyber Security,1,Nagpur,Lower Middle,92.95,59,95.56,25,11,16,5,9,Machine Learning,36.88,25.72,86.95,88.28,A+,8.7,67.73,68.73,68.01,41.21,No,Not Placed,0,Excellent
101230,Student_101230,Male,23,Data Science,4,Thane,Middle,63.69,15,10.65,7,7,2,0,3,Deep Learning,7.77,7.53,42.48,32.09,C,3.31,26.9,35.75,13.75,0,No,Not Placed,0,Poor
101231,Student_101231,Other,21,AIML,1,Nashik,Low,67.05,30,21.82,13,8,9,1,3,Machine Learning,25.26,24.22,51.73,60.95,B,6.02,49.43,,45.45,24.02,Yes,Not Placed,0,Average
101232,Student_101232,Male,25,CSE,8,Satara,Lower Middle,71.89,39,28.79,17,7,9,1,7,Big Data,10.1,9.95,44.66,36.54,C,3.61,26.74,27.48,59.69,19.17,No,Not Placed,0,Poor
101233,Student_101233,Other,25,Data Science,7,Nagpur,Upper Middle,,52,66.33,22,12,11,3,14,NLP,40,21.48,77.33,82.98,A,7.96,78.18,71.94,79.55,42.76,No,Not Placed,0,Good
101234,Student_101234,Male,25,Cyber Security,3,Kolhapur,Upper Middle,75.68,36,48.61,32,7,11,8,6,Deep Learning,16.92,18.1,59.29,54.4,C,5.49,53.85,66.75,62.59,39.34,Yes,Placed,7.66,Poor
101235,Student_101235,Other,20,Data Science,7,Kolhapur,High,92.87,67,70.92,38,11,18,12,9,Machine Learning,25.92,15.21,63.83,61.5,B,6.28,59.37,47.71,72.17,56.32,No,Not Placed,0,Average
101236,Student_101236,Other,18,Cyber Security,4,Satara,Middle,83.83,42,54.85,27,11,19,8,11,Statistics,22.45,24.34,71.28,68.71,B,7.29,73.72,38.75,77.18,39.0,No,Not Placed,0,Average
101237,Student_101237,Other,21,IT,8,Nashik,Middle,67.59,19,41.96,18,5,11,5,0,Deep Learning,28.71,24.64,66.68,71.3,A,7.48,,43.13,48.14,55.84,No,Not Placed,0,Good
101238,Student_101238,Female,19,Data Science,1,Satara,Middle,66.75,30,31.42,24,8,6,2,5,NLP,23.03,16.14,40.24,48.15,C,4.8,48.29,37.62,52.84,52.93,No,Not Placed,0,Poor
101239,Student_101239,Male,18,Cyber Security,4,Nashik,Lower Middle,77.48,36,47.06,27,10,15,6,10,Deep Learning,37.46,29.43,73.17,84.3,A,8.86,74.84,88.3,72.42,48.23,No,Not Placed,0,Good
101240,Student_101240,Other,18,ECE,1,Pune,High,72.37,36,52.7,19,8,8,3,2,NLP,29.0,17.16,55.42,60.9,B,6.09,53.97,40.76,45.97,22.04,No,Not Placed,0,Average
101241,Student_101241,Other,18,Cyber Security,2,Kolhapur,High,77.59,40,54.09,33,9,14,6,7,Machine Learning,17.28,16.68,68.86,58.51,B,6.16,56.6,50.82,62.4,44.1,Yes,Not Placed,0,Average
101242,Student_101242,Other,22,AIML,2,Thane,Low,70.19,38,33.46,,9,7,6,8,Apache Spark,24.99,18.07,64.27,62.92,B,6.56,63.91,65.56,45.31,,No,Placed,8.55,Average
101243,Student_101243,Female,22,AIML,5,Pune,Upper Middle,94.57,68,46.8,34,10,13,6,9,Statistics,22.2,21.98,66.5,64.56,B,6.38,81.97,53.43,66.2,87.7,No,Not Placed,0,Average
101244,Student_101244,Male,20,Data Science,6,Thane,Low,74.78,33,47.93,33,12,12,6,9,Deep Learning,,24.32,63.6,59.76,B,5.55,31.43,42.52,68.44,50.33,Yes,Not Placed,0,Average
101245,Student_101245,Female,24,Cyber Security,2,Kolhapur,Upper Middle,77.69,50,38.7,21,12,11,8,3,NLP,18.56,6.47,46.16,41.31,C,4.02,22.18,29.06,59.46,9.69,No,Not Placed,0,Poor
101246,Student_101246,Male,24,Data Science,7,,Upper Middle,48.25,5,0,2,2,3,0,0,Apache Spark,14.15,13.3,,35.87,C,3.35,30.97,36.33,4.64,1.17,No,Not Placed,0,Poor
101247,Student_101247,Female,21,Cyber Security,5,Thane,Low,61.49,35,12.96,17,7,8,0,1,Machine Learning,20.89,11.78,45.45,46.25,C,4.65,26.11,52.51,67.23,14.39,No,Not Placed,0,Poor
101248,Student_101248,Male,24,AIML,1,Nashik,Lower Middle,77.03,20,33.88,18,6,7,4,1,Deep Learning,27.84,18.24,70.98,68.53,B,6.81,92.65,64.54,37.82,,Yes,Not Placed,0,Average
101249,Student_101249,Other,25,IT,3,Kolhapur,Middle,73.73,41,33.66,15,9,6,1,6,Machine Learning,25.53,23.31,67.87,68.62,B,6.87,88.24,67.65,50.02,38.71,No,Placed,9.52,Average
101250,Student_101250,Other,24,Data Science,8,Pune,Middle,78.25,44,,21,8,10,1,9,Big Data,34.74,22.26,72.6,77.19,A,7.34,76.02,65.48,38.98,62.88,No,Not Placed,0,Good
101251,Student_101251,Male,24,IT,2,Nagpur,Middle,60.83,28,36.09,16,7,6,5,4,Apache Spark,17.56,17.94,47.93,49.09,C,4.67,59.18,49.35,36.31,45.37,No,Not Placed,0,Poor
101252,Student_101252,Female,19,CSE,7,Kolhapur,Lower Middle,77.86,42,12.59,13,8,4,6,5,NLP,19.48,16.65,56.6,54.0,C,5.32,31.72,25.98,52.17,42.31,Yes,Not Placed,0,Poor
101253,Student_101253,Male,20,AIML,8,Nashik,Lower Middle,86.1,45,57.16,26,10,18,2,9,Apache Spark,15.9,14.94,70.43,57.1,B,5.94,39.87,51.2,65.5,48.15,No,Not Placed,0,Average
101254,Student_101254,Female,22,Cyber Security,2,Mumbai,Low,70.42,36,81.71,14,8,9,3,8,Big Data,27.21,27.72,82.34,80.06,A,7.88,68.76,84.85,77.25,82.71,No,Not Placed,0,Good
101255,Student_101255,Other,20,IT,1,Satara,Middle,52.44,11,8.48,7,8,8,3,3,Big Data,11.06,6.14,35.81,30.29,C,2.98,31.34,20.74,35.06,40.49,No,Not Placed,0,Poor
101256,Student_101256,Male,18,IT,7,Pune,Low,73.46,37,43.75,28,6,12,4,5,NLP,31.89,21.62,64.12,70.39,A,7.13,65.06,38.19,52.24,65.34,Yes,Placed,12.14,Good
101257,Student_101257,Other,22,Data Science,2,Mumbai,Upper Middle,66.33,57,46.38,18,8,9,5,6,Statistics,34.27,21.71,71.65,76.0,A,7.61,71.32,60.88,82.76,54.18,No,Not Placed,0,Good
101258,Student_101258,Female,19,ECE,6,Nagpur,High,73.46,31,37.37,11,7,10,5,8,Deep Learning,27.97,22.67,68.97,70.58,A,7.37,55.33,63.11,40.65,35.16,Yes,Not Placed,0,Good
101259,Student_101259,Female,23,IT,1,Kolhapur,Lower Middle,,32,66.83,22,7,9,4,9,Machine Learning,40,30,75.32,87.66,A+,8.85,69.68,39.12,67.11,44.33,No,Placed,4.41,Excellent
101260,Student_101260,Other,19,IT,5,Nashik,Upper Middle,71.48,35,53.37,20,6,8,0,6,NLP,16.61,10.77,58.81,49.04,C,5.22,29.98,52.34,50.49,34.88,No,Not Placed,0,Poor
101261,Student_101261,Female,19,ECE,6,Nagpur,High,69.72,33,22.81,25,7,12,5,2,Machine Learning,29.65,7.01,61.96,57.89,B,5.58,42.97,50.8,50.52,32.95,No,Not Placed,0,Average
101262,Student_101262,Male,19,Data Science,2,Pune,Upper Middle,73.02,38,15.2,20,6,8,2,6,Statistics,29.22,15.28,55.73,59.96,B,5.68,52.53,62.67,66.47,35.92,No,Not Placed,0,Average
101263,Student_101263,Female,24,CSE,7,Mumbai,Middle,75.8,42,40.74,21,10,12,4,5,NLP,36.81,30,79.11,87.16,A+,8.2,63.71,50.31,53.82,48.75,Yes,Placed,7.87,Excellent
101264,Student_101264,Female,21,Data Science,4,Pune,Upper Middle,63.87,12,20.13,16,6,4,0,3,Machine Learning,12.67,11.34,52.36,43.24,C,4.22,20.08,49.52,30.21,20.66,No,Not Placed,0,Poor
101265,Student_101265,Other,19,Data Science,2,,Low,91.88,51,54.43,26,9,14,7,8,Big Data,29.6,20.53,66.15,68.96,B,6.98,83.73,33.74,68.5,46.77,No,Not Placed,0,Average
101266,Student_101266,Male,18,IT,4,Kolhapur,Middle,67.11,28,51.35,20,8,12,5,6,Apache Spark,31.94,20.09,56.53,65.61,B,6.67,67.1,59.31,53.53,43.11,Yes,Placed,5.96,Average
101267,Student_101267,Male,22,AIML,4,Nagpur,High,83.61,28,43.93,15,7,8,3,6,Big Data,31.46,24.5,79.84,79.85,A,7.69,94.62,90.51,41.28,88.97,No,Not Placed,0,Good
101268,Student_101268,Other,24,AIML,4,,Upper Middle,71.29,39,21.28,23,8,11,6,7,Machine Learning,13.07,17.53,52.72,47.85,C,4.6,41.8,41.08,59.34,24.01,No,Not Placed,0,Poor
101269,Student_101269,Male,18,Data Science,4,Nagpur,Upper Middle,71.71,20,45.52,24,4,7,1,6,Statistics,20.29,23.66,52.51,57.25,B,5.42,41.76,51.14,66.88,48.07,Yes,Not Placed,0,Average
101270,Student_101270,,18,IT,3,Kolhapur,Lower Middle,56.08,13,44.45,12,4,9,2,4,Statistics,30.09,12.17,55.03,58.2,B,5.92,78.08,58.62,48.81,41.6,Yes,Placed,13.98,Average
101271,Student_101271,Male,18,IT,8,Pune,Lower Middle,68.85,29,21.65,13,6,5,3,5,Statistics,24.28,23.52,71.78,69.78,B,6.88,88.36,56.9,44.18,33.83,Yes,Not Placed,0,Average
101272,Student_101272,Other,23,IT,3,Satara,Lower Middle,76.85,24,46.38,18,8,8,4,10,Statistics,22.3,16.04,50.47,52.66,C,4.89,47.61,31.54,54.89,30.21,No,Not Placed,0,Poor
101273,Student_101273,Other,23,AIML,6,Pune,Middle,68.35,27,42.35,4,5,7,2,2,NLP,31.99,21.71,51.64,64.28,B,6.0,52.85,49.9,69.64,24.3,No,Not Placed,0,Average
101274,Student_101274,Other,20,CSE,5,Nagpur,Middle,70.82,22,37.31,16,8,4,6,2,Machine Learning,24.4,16.69,65.09,61.97,B,5.86,58.91,56.87,34.43,56.64,No,Not Placed,0,Average
101275,Student_101275,Other,18,Cyber Security,2,Mumbai,Lower Middle,80.41,24,58.31,16,9,11,2,3,NLP,33.34,20.95,72.04,74.99,A,7.4,77.1,40.95,47.72,72.65,No,Not Placed,0,Good
101276,Student_101276,Male,23,Cyber Security,8,Nashik,Lower Middle,63.26,28,42.52,22,9,10,3,4,Machine Learning,6.84,11.62,39.93,32.84,C,3.1,22.14,55.49,51.21,32.97,Yes,Not Placed,0,Poor
101277,Student_101277,Male,24,AIML,6,Nashik,High,64.15,22,33.79,4,3,11,2,0,Machine Learning,35.26,23.01,77.33,80.45,A,7.75,82.46,84.31,20.64,57.76,Yes,Placed,12.8,Good
101278,Student_101278,Male,23,AIML,6,,Low,73.62,30,62.87,24,9,10,4,13,Statistics,27.65,22.97,,70.88,A,7.0,66.07,36.53,44.18,42.19,No,Not Placed,0,Good
101279,Student_101279,,18,IT,2,Mumbai,Lower Middle,81.07,44,59.35,31,11,12,7,13,Machine Learning,19.18,23.34,54.01,56.95,B,5.65,45.54,48.09,87.38,63.44,No,Not Placed,0,Average
101280,Student_101280,Female,25,Cyber Security,6,Thane,Middle,84.94,25,71.42,24,9,12,3,9,Apache Spark,37.91,22.61,62.52,74.77,A,7.35,70.68,72.33,42.0,53.34,No,Not Placed,0,Good
101281,Student_101281,Male,23,AIML,6,Nagpur,Lower Middle,74.7,33,74.64,24,6,6,4,4,Machine Learning,36.4,29.62,78.04,86.06,A+,8.51,86.49,73.42,51.3,88.54,Yes,Placed,11.51,Excellent
101282,Student_101282,Other,21,Data Science,5,Kolhapur,Upper Middle,86.15,48,300,31,9,14,6,9,Statistics,28.06,21.64,63.62,67.28,B,6.19,52.16,58.95,,48.83,No,Not Placed,0,Average
101283,Student_101283,Male,22,AIML,8,Mumbai,Middle,66.93,22,3.48,17,4,7,6,0,Deep Learning,8.9,19.79,,51.56,C,5.33,41.38,47.02,42.71,20.3,No,Not Placed,0,Poor
101284,Student_101284,,20,CSE,4,Nashik,High,55.76,4,0,5,5,2,0,0,Big Data,8.78,4.73,39.58,29.53,C,3.12,22.92,46.97,42.07,10.62,No,Not Placed,0,Poor
101285,Student_101285,Other,24,Data Science,7,Nagpur,High,80.25,47,56.82,25,8,13,7,10,Apache Spark,18.86,23.44,78.81,69.17,B,7.23,50.94,75.56,77.29,61.84,No,Not Placed,0,Average
101286,Student_101286,Male,24,CSE,2,Nagpur,Lower Middle,73.65,63,62.55,24,12,11,5,8,NLP,21.55,19.86,48.6,53.71,C,4.95,33.46,54.0,57.46,41.54,No,Not Placed,0,Poor
101287,Student_101287,Female,22,Cyber Security,5,Kolhapur,Middle,77.06,50,39.08,25,10,12,6,9,NLP,26.08,18.05,72.8,67.99,B,6.77,53.58,57.17,74.74,46.01,Yes,Placed,6.01,Average
101288,Student_101288,Female,19,Cyber Security,6,Nagpur,High,,34,51.77,29,10,13,7,12,Machine Learning,25.09,12.52,52.56,53.44,C,5.12,39.18,46.92,48.32,41.38,No,Not Placed,0,Poor
101289,Student_101289,Female,23,ECE,7,Nagpur,Upper Middle,81.46,37,74.26,28,12,15,7,11,Deep Learning,26.77,25.48,90.48,82.31,A,8.61,76.21,43.2,77.59,87.61,No,Not Placed,0,Good
101290,Student_101290,Other,20,CSE,5,Nagpur,Lower Middle,70.85,33,25.69,17,8,11,4,5,Big Data,11.42,11.76,24.85,28.83,C,3.05,8.57,33.72,72.93,18.03,No,Not Placed,0,Poor
101291,Student_101291,Male,20,AIML,4,Pune,Low,72.05,49,20.12,21,10,14,5,6,Deep Learning,24.82,12.66,57.05,55.58,B,5.43,11.04,25.29,41.78,21.85,No,Not Placed,0,Average
101292,Student_101292,Female,25,Data Science,6,Satara,Middle,67.71,27,40.22,16,6,9,4,1,Statistics,22.32,18.51,55.99,57.08,B,5.51,56.45,50.61,63.61,50.71,Yes,Placed,4.56,Average
101293,Student_101293,Female,23,CSE,8,Pune,Low,88.49,72,89.67,29,12,17,9,15,Deep Learning,40,30,100,100.0,A+,10,90.13,70.11,76.22,100,No,Not Placed,0,Excellent
101294,Student_101294,Male,22,ECE,1,Kolhapur,High,62.03,31,3.5,12,8,9,2,4,Machine Learning,4.95,15.42,44.17,36.07,C,3.23,16.45,49.49,43.52,25.82,No,Not Placed,0,Poor
101295,Student_101295,Other,22,AIML,3,Thane,Low,85.09,35,71.86,31,12,16,9,10,Deep Learning,32.07,21.66,79.58,78.29,A,7.87,47.64,51.82,56.4,43.18,No,Not Placed,0,Good
101296,Student_101296,Male,24,Cyber Security,6,Satara,Low,76.47,27,46.19,13,8,6,5,5,Statistics,23.2,25.11,53.79,61.04,B,6.14,38.99,56.1,56.46,51.59,No,Not Placed,0,Average
101297,Student_101297,Other,22,CSE,6,Pune,Upper Middle,67.23,0,10.76,0,5,0,0,3,Apache Spark,31.17,24.22,75.57,77.31,A,7.37,74.75,61.67,22.85,71.26,No,Not Placed,0,Good
101298,Student_101298,Other,20,CSE,1,Pune,Middle,90.18,47,38.8,26,11,16,2,5,Deep Learning,19.11,23.01,82.83,71.09,A,7.05,67.94,50.9,74.71,87.69,No,Not Placed,0,Good
101299,Student_101299,Male,23,ECE,1,Thane,Upper Middle,77.81,32,34.95,11,7,8,3,3,Machine Learning,33.8,24.61,66.53,75.02,A,7.7,70.11,64.03,,50.68,No,Not Placed,0,Good
101300,Student_101300,Other,20,IT,6,Nagpur,Upper Middle,72.83,42,25.77,22,9,9,5,7,Statistics,14.15,19.43,43.87,45.5,C,4.58,46.17,55.73,96.62,22.85,Yes,Not Placed,0,Poor
101301,Student_101301,Other,19,ECE,1,Nagpur,Middle,47.66,34,17.6,9,3,10,3,0,Apache Spark,10.58,19.67,60.96,51.53,C,5.38,35.19,46.92,45.31,48.56,No,Not Placed,0,Poor
101302,Student_101302,Other,22,AIML,3,Mumbai,Lower Middle,69.84,34,10.73,19,9,10,4,7,NLP,22.5,13.51,57.2,54.48,C,5.24,39.87,45.57,58.23,34.07,Yes,Not Placed,0,Poor
101303,Student_101303,Male,24,ECE,4,Mumbai,Middle,73.12,45,33.6,21,11,14,7,6,NLP,12.34,18.73,52.74,48.11,C,4.76,22.19,30.5,58.52,31.01,No,Not Placed,0,Poor
101304,Student_101304,Male,22,CSE,8,Nagpur,Lower Middle,62.1,41,35.72,19,6,7,4,5,Apache Spark,7.35,6.44,42.67,31.14,C,3.03,23.09,23.44,58.55,13.06,Yes,Not Placed,0,Poor
101305,Student_101305,Female,18,AIML,3,Nagpur,Lower Middle,77.33,47,63.97,23,9,12,5,10,Machine Learning,35.79,21.99,78.88,80.94,A,7.9,,85.39,49.81,80.66,Yes,Placed,6.54,Good
101306,Student_101306,Other,25,Cyber Security,1,Kolhapur,High,,12,17.01,13,7,5,0,6,Apache Spark,18.27,15.16,66.98,57.3,B,5.52,67.26,54.74,51.61,34.99,No,Not Placed,0,Average
101307,Student_101307,Other,23,AIML,6,Thane,High,86.78,42,46.89,23,9,7,5,9,Deep Learning,34.35,28.84,74.1,82.04,A,7.81,81.67,85.02,49.98,93.64,No,Not Placed,0,Good
101308,Student_101308,Other,25,Cyber Security,5,Thane,High,60.33,34,9.14,20,3,9,0,4,Big Data,25.37,2.73,63.16,52.43,C,5.02,41.73,18.01,37.9,27.81,Yes,Not Placed,0,Poor
101309,Student_101309,Male,23,CSE,4,Nashik,Lower Middle,81.41,62,24.15,26,12,16,7,6,Apache Spark,7.86,12.51,33.43,30.95,C,3.13,22.9,29.48,67.25,27.32,No,Not Placed,0,Poor
101310,Student_101310,Male,23,AIML,8,Thane,Low,60.29,32,45.79,19,8,7,3,7,Apache Spark,17.1,16.98,52.99,50.64,C,4.77,,42.08,59.72,65.05,No,Not Placed,0,Poor
101311,Student_101311,Other,24,Data Science,7,Mumbai,High,72.54,29,26.26,11,8,9,5,2,Deep Learning,20.52,9.01,61.78,52.29,C,4.82,53.97,52.39,47.06,25.51,No,Not Placed,0,Poor
101312,Student_101312,Female,21,IT,5,Kolhapur,Upper Middle,80.92,28,54.57,19,7,13,5,6,Statistics,28.35,21.84,79.48,75.56,A,7.66,48.27,48.52,80.16,52.49,Yes,Placed,13.1,Good
101313,Student_101313,Male,25,Cyber Security,2,Thane,High,84.47,42,74.33,23,10,17,5,7,Big Data,38.53,22.82,84.32,86.26,A+,8.34,89.72,56.86,73.71,68.95,No,Not Placed,0,Excellent
101314,Student_101314,Other,20,Cyber Security,5,Mumbai,High,73.5,50,61.0,28,10,12,6,10,Apache Spark,24.23,21.3,53.9,59.32,B,6.12,48.9,35.87,,46.97,Yes,Not Placed,0,Average
101315,Student_101315,Other,19,Data Science,4,Mumbai,Middle,78.07,45,42.46,,10,8,5,2,Big Data,30.13,18.25,50.7,60.11,B,5.88,42.46,65.17,67.47,38.13,No,Placed,8.51,Average
101316,Student_101316,Male,20,Data Science,6,Kolhapur,Lower Middle,64.38,32,6.02,11,6,6,5,0,Deep Learning,22.99,19.84,41.69,51.31,C,5.35,38.0,37.01,39.48,21.26,No,Not Placed,0,Poor
101317,Student_101317,Other,23,AIML,4,Nashik,High,76.47,25,34.2,11,7,7,3,2,Machine Learning,28.95,25.56,67.22,72.36,A,7.53,50.34,,56.36,55.85,No,Not Placed,0,Good
101318,Student_101318,Female,19,CSE,6,Pune,Lower Middle,85.43,55,68.64,30,12,17,6,8,NLP,35.35,27.15,80.41,84.81,A,7.96,81.3,44.09,61.02,66.3,No,Not Placed,0,Good
101319,Student_101319,Male,23,Cyber Security,5,Nashik,Low,67.42,32,29.02,9,7,8,1,5,Apache Spark,25.89,26.67,56.53,65.46,B,6.11,53.22,50.72,49.67,65.14,No,Not Placed,0,Average
101320,Student_101320,Other,20,AIML,5,Nagpur,Middle,84.33,54,54.18,28,11,15,7,9,NLP,12.17,14.16,45.22,41.18,C,4.6,50.66,20.18,,27.23,Yes,Not Placed,0,Poor
101321,Student_101321,Female,22,Data Science,5,Kolhapur,Low,67.07,24,21.9,20,7,9,2,2,NLP,19.56,17.94,63.36,58.31,B,5.76,49.92,38.83,42.73,22.22,No,Not Placed,0,Average
101322,Student_101322,Male,19,ECE,5,Pune,High,69.42,50,,21,12,15,6,9,Deep Learning,37.62,29.01,65.59,80.34,A,8.06,81.34,58.55,63.48,67.65,No,Placed,4.07,Good
101323,Student_101323,Female,23,ECE,2,Satara,Upper Middle,70.7,15,19.25,13,4,9,1,2,Big Data,14.18,9.81,43.47,38.91,C,3.86,38.71,40.51,42.58,35.11,No,Not Placed,0,Poor
101324,Student_101324,Other,25,IT,6,Satara,High,73.9,37,57.26,22,8,9,0,11,NLP,11.59,16.48,,45.74,C,4.78,63.89,24.93,56.22,48.76,No,Not Placed,0,Poor
101325,Student_101325,Male,21,AIML,4,Mumbai,Upper Middle,77.28,53,74.65,19,12,12,10,15,Machine Learning,24.92,20.93,78.43,71.86,A,7.14,71.14,55.25,75.07,56.49,No,Not Placed,0,Good
101326,Student_101326,Male,24,AIML,6,Satara,Upper Middle,60.59,9,25.35,11,5,2,0,5,Machine Learning,16.53,14.91,33.47,39.07,C,4.26,21.61,66.2,43.7,25.46,Yes,Not Placed,0,Poor
101327,Student_101327,Other,20,Data Science,3,Pune,Lower Middle,79.75,34,56.4,,9,7,3,9,Deep Learning,31.65,30,55.16,71.32,A,7.31,78.71,76.01,55.41,73.0,Yes,Placed,10.42,Good
101328,Student_101328,Male,19,ECE,1,Mumbai,Low,81.1,40,58.12,17,7,7,5,4,Statistics,39.6,27.06,70.62,83.05,A,8.35,67.28,89.6,61.18,50.22,Yes,Placed,6.85,Good
101329,Student_101329,Other,25,IT,8,Pune,Upper Middle,60.54,11,26.23,0,6,4,0,3,Deep Learning,22.73,30,65.48,69.78,B,7.18,80.28,78.24,50.01,59.27,Yes,Not Placed,0,Average
101330,Student_101330,Female,18,ECE,3,Nagpur,High,68.96,34,14.55,15,8,6,0,3,Machine Learning,17.88,15.22,36.19,41.66,C,4.17,28.42,25.62,34.5,28.2,No,Not Placed,0,Poor
101331,Student_101331,Female,20,ECE,5,Nagpur,High,73.97,32,45.32,25,6,10,4,7,Statistics,11.64,19.75,48.98,46.39,C,4.92,33.91,32.52,79.6,52.92,Yes,Not Placed,0,Poor
101332,Student_101332,Other,24,Data Science,1,Pune,Middle,68.46,36,48.99,19,8,7,3,6,Apache Spark,18.76,25.3,69.91,65.89,B,6.61,55.23,49.68,56.06,47.17,Yes,Not Placed,0,Average
101333,Student_101333,Male,20,IT,7,Nashik,,89.41,64,93.53,40,12,20,9,10,Machine Learning,37.33,28.41,94.45,94.16,A+,9.31,58.39,50.61,65.61,90.63,Yes,Placed,13.23,Excellent
101334,Student_101334,Other,24,AIML,4,Thane,Lower Middle,94.94,43,,31,8,16,9,7,Big Data,18.83,23.42,60.72,60.1,B,5.68,59.88,55.96,84.03,63.91,No,Not Placed,0,Average
101335,Student_101335,Female,21,IT,4,,Middle,66.36,31,49.86,19,7,11,3,9,Deep Learning,,22.86,67.1,69.57,B,7.22,72.76,54.59,70.14,53.31,No,Not Placed,0,Average
101336,Student_101336,Female,20,IT,2,Pune,Middle,65.74,39,39.75,25,8,11,6,6,Deep Learning,26.15,19.11,68.14,66.42,B,6.15,55.12,26.69,71.8,29.98,No,Not Placed,0,Average
101337,Student_101337,Female,18,Data Science,8,Nagpur,High,63.03,12,17.2,6,4,5,0,1,Machine Learning,19.88,18.21,55.72,54.91,C,5.2,42.46,43.23,30.68,11.62,Yes,Not Placed,0,Poor
101338,Student_101338,Male,25,CSE,2,Satara,Middle,78.97,25,29.84,21,9,11,2,4,NLP,15.47,20.81,79.19,65.07,B,7.18,65.71,41.44,57.49,42.44,No,Not Placed,0,Average
101339,Student_101339,Male,22,Data Science,6,Kolhapur,Upper Middle,50.31,6,13.47,1,6,8,3,3,Machine Learning,12.92,13.56,36.87,37.16,C,3.57,22.24,50.48,34.89,12.05,No,Not Placed,0,Poor
101340,Student_101340,Other,21,Cyber Security,6,Thane,High,79.77,36,24.59,24,6,10,4,3,NLP,34.79,14.43,47.14,59.29,B,6.15,46.13,60.25,44.18,52.09,No,Not Placed,0,Average
101341,Student_101341,Other,23,ECE,8,Kolhapur,Low,80.51,48,67.17,37,12,14,5,11,Big Data,29.32,17.34,90.24,78.68,A,7.69,86.47,77.77,74.01,38.19,No,Not Placed,0,Good
101342,Student_101342,Male,20,ECE,6,Pune,Middle,63.28,0,34.22,4,4,5,0,0,Apache Spark,,19.8,52.72,60.44,B,5.88,47.29,95.28,27.7,49.86,No,Not Placed,0,Average
101343,Student_101343,Female,21,ECE,7,Nagpur,Upper Middle,71.69,39,41.17,9,7,6,1,7,Statistics,25.91,26.18,69.73,71.75,A,7.45,45.4,66.11,21.52,55.16,Yes,Not Placed,0,Good
101344,Student_101344,Other,19,CSE,6,Nagpur,,70.15,30,51.21,9,7,7,4,5,Deep Learning,26.56,26.59,77.27,76.28,A,7.36,49.86,76.92,20.97,61.05,Yes,Not Placed,0,Good
101345,Student_101345,Other,23,ECE,3,Nashik,High,76.81,36,63.21,23,9,9,9,8,NLP,32.69,25.12,57.71,70.12,A,6.81,41.91,45.34,,,No,Not Placed,0,Good
101346,Student_101346,Female,25,Cyber Security,5,Nagpur,Low,80.49,24,34.23,16,8,11,3,8,Deep Learning,24.89,21.8,42.47,54.44,C,5.5,80.76,66.38,46.3,38.31,No,Not Placed,0,Poor
101347,Student_101347,Female,24,AIML,5,Kolhapur,Upper Middle,75.32,53,,,10,13,7,7,Apache Spark,30.94,19.11,52.53,62.21,B,6.47,53.13,74.79,66.62,62.44,Yes,Not Placed,0,Average
101348,Student_101348,Female,22,Data Science,8,Kolhapur,Low,77.57,51,53.65,23,12,9,7,6,NLP,28.41,25.49,76.11,76.36,A,7.59,98.75,93.42,46.58,83.26,No,Placed,8.13,Good
101349,Student_101349,,24,ECE,3,Thane,High,66.58,48,0,21,7,10,5,5,Deep Learning,7.93,4.46,41.47,29.66,C,2.79,3.52,0,53.2,34.3,No,Not Placed,0,Poor
101350,Student_101350,Male,20,AIML,7,Thane,Upper Middle,72.4,38,64.94,19,6,10,3,6,Statistics,40,29.1,80.57,89.68,A+,9.03,74.06,64.98,48.28,87.36,Yes,Placed,11.63,Excellent
101351,Student_101351,Female,24,AIML,6,Nagpur,Middle,88.2,61,106.89,31,12,18,8,10,Big Data,36.7,25.62,75.12,82.17,A,8.58,38.94,45.82,87.16,75.92,Yes,Placed,4.24,Good
101352,Student_101352,Other,24,IT,7,Thane,Low,59.71,24,11.01,10,7,7,0,0,Deep Learning,15.65,7.79,42.8,38.33,C,3.95,36.88,44.2,30.93,18.32,No,Not Placed,0,Poor
101353,Student_101353,Other,19,Cyber Security,7,Nashik,Upper Middle,79.04,35,48.26,24,7,6,3,6,Deep Learning,,23.13,44.6,58.8,B,5.5,42.59,42.12,51.05,31.37,No,Not Placed,0,Average
101354,Student_101354,Male,19,Cyber Security,1,Thane,High,89.92,44,70.58,35,9,13,5,13,NLP,26.8,16.89,77.18,69.95,B,6.64,61.88,56.85,,66.52,No,Not Placed,60,Average
101355,Student_101355,Female,20,IT,1,Nashik,Low,75.7,39,26.7,17,7,13,5,6,Statistics,14.27,14.26,52.96,46.69,C,4.79,55.49,53.28,59.8,34.78,No,Not Placed,0,Poor
101356,Student_101356,Female,25,AIML,7,Kolhapur,Lower Middle,76.58,61,62.19,26,10,16,7,10,Apache Spark,34.34,24.4,66.24,75.14,A,7.63,73.37,59.58,59.49,79.27,No,Placed,11.73,Good
101357,Student_101357,Female,21,AIML,1,Kolhapur,Lower Middle,83.4,50,91.03,30,9,13,9,11,Statistics,34.16,25.53,85.31,85.3,A+,8.74,78.14,87.74,76.44,73.68,Yes,Placed,8.32,Excellent
101358,Student_101358,Other,19,AIML,6,,Low,,48,49.17,25,10,14,5,11,Big Data,31.02,23.61,65.62,71.82,A,7.6,73.99,39.19,64.06,46.27,Yes,Not Placed,0,Good
101359,Student_101359,Other,20,ECE,1,Kolhapur,Middle,49.85,5,4.88,3,0,0,0,0,Statistics,20.5,13.38,38.18,43.38,C,4.46,51.63,43.84,26.32,37.32,No,Not Placed,0,Poor
101360,Student_101360,Male,23,CSE,6,Pune,Low,61.37,37,7.79,16,8,8,5,6,Statistics,29.36,21.99,59.83,66.6,B,6.71,40.35,42.91,36.48,52.06,No,Not Placed,0,Average
101361,Student_101361,Female,23,IT,6,Satara,Middle,78.96,55,79.06,28,10,11,5,9,Machine Learning,32.01,19.0,59.59,66.47,B,6.94,57.33,54.62,75.45,45.26,Yes,Placed,13.6,Average
101362,Student_101362,Female,20,Cyber Security,2,Nagpur,High,82.01,39,52.6,31,10,14,4,11,Deep Learning,33.56,25.9,70.36,77.62,A,7.7,47.74,46.71,94.34,53.87,No,Not Placed,0,Good
101363,Student_101363,Other,18,Data Science,8,Satara,Upper Middle,,27,88.18,,4,8,2,9,NLP,40,30,100,100.0,A+,10,93.83,79.22,35.48,76.7,Yes,Placed,4.57,Excellent
101364,Student_101364,Male,25,AIML,2,Satara,Middle,58.25,16,37.06,8,7,4,4,2,Big Data,20.86,12.09,58.64,53.03,C,5.21,22.85,47.16,37.23,39.8,No,Not Placed,0,Poor
101365,Student_101365,Female,19,IT,3,Thane,Lower Middle,57.25,33,29.91,15,7,9,3,5,Statistics,19.97,11.03,62.47,53.56,C,5.29,50.25,55.25,34.18,63.64,No,Not Placed,0,Poor
101366,Student_101366,,19,Data Science,1,Satara,Low,73.05,28,36.22,21,11,7,2,6,Apache Spark,23.57,15.47,62.27,59.12,B,6.14,58.8,48.69,60.61,23.95,Yes,Not Placed,0,Average
101367,Student_101367,Other,20,ECE,1,Nagpur,High,65.0,26,29.35,16,4,8,3,4,NLP,26.14,17.59,64.12,63.39,B,6.41,52.65,52.95,36.21,68.12,No,Not Placed,0,Average
101368,Student_101368,,18,AIML,8,Nashik,Middle,67.34,16,14.56,1,6,7,1,4,Apache Spark,15.14,21.33,52.71,51.93,C,5.52,55.97,49.78,54.64,9.78,No,Not Placed,0,Poor
101369,Student_101369,Male,19,ECE,8,Mumbai,Lower Middle,77.71,21,30.75,14,7,11,3,5,Apache Spark,31.94,23.5,60.39,69.82,B,7.03,66.69,69.92,51.7,43.9,No,Placed,9.96,Average
101370,Student_101370,Male,22,AIML,4,Nagpur,Upper Middle,73.63,27,47.21,15,7,8,0,5,Machine Learning,15.48,22.53,67.16,60.21,B,6.29,70.28,34.61,32.98,56.72,No,Not Placed,0,Average
101371,Student_101371,Other,18,ECE,2,Nagpur,Low,57.62,8,13.91,10,5,5,2,5,Statistics,25.29,16.31,60.32,60.0,B,5.83,53.62,54.74,49.74,22.96,Yes,Not Placed,0,Average
101372,Student_101372,Female,20,ECE,6,Pune,Upper Middle,81.07,48,58.83,27,9,12,4,3,Big Data,20.51,10.14,51.7,47.99,C,4.87,39.19,45.39,54.32,54.96,Yes,Not Placed,0,Poor
101373,Student_101373,Other,22,Cyber Security,8,Mumbai,High,77.1,32,50.36,23,6,12,4,4,NLP,35.95,20.3,81.02,81.01,A,8.2,83.72,68.58,33.44,79.5,No,Placed,4.19,Good
101374,Student_101374,Other,19,IT,3,Nagpur,Middle,71.07,38,14.14,20,6,11,3,5,NLP,28.14,19.18,47.59,57.69,B,5.69,49.48,53.37,50.49,,Yes,Not Placed,0,Average
101375,Student_101375,Other,25,Data Science,3,Kolhapur,Low,72.67,34,32.59,21,5,8,0,0,Machine Learning,15.55,9.61,68.07,52.1,C,5.11,,51.75,46.05,51.48,No,Not Placed,0,Poor
101376,Student_101376,Other,24,Cyber Security,4,Nashik,High,87.03,70,62.52,26,12,15,8,11,Machine Learning,27.51,30,76.0,78.63,A,7.76,73.46,71.46,,73.69,No,Not Placed,0,Good
101377,Student_101377,Male,22,Data Science,7,Nagpur,Middle,85.46,71,77.05,40,12,18,8,15,Machine Learning,16.91,11.78,59.64,50.35,C,5.43,46.13,32.05,83.88,62.2,No,Not Placed,0,Poor
101378,Student_101378,Other,21,IT,2,Nashik,,66.01,23,18.83,18,4,8,2,7,Deep Learning,12.35,7.65,44.21,36.47,C,3.77,17.7,0,55.24,56.18,No,Not Placed,0,Poor
101379,Student_101379,Other,22,IT,7,Nagpur,Lower Middle,83.29,57,64.45,28,12,15,8,11,Statistics,20.65,22.05,83.56,71.97,A,7.32,56.47,57.71,63.95,42.73,Yes,Not Placed,0,Good
101380,Student_101380,Other,22,Data Science,1,Nagpur,Lower Middle,85.38,53,57.43,27,8,13,4,10,Big Data,22.72,13.25,48.12,49.94,C,5.12,,29.28,77.34,30.78,No,Not Placed,0,Poor
101381,Student_101381,,20,ECE,5,Nagpur,High,51.9,0,,4,1,3,0,0,NLP,12.46,13.89,36.16,36.69,C,3.66,27.11,64.06,21.9,16.32,No,Not Placed,0,Poor
101382,Student_101382,Female,19,AIML,7,Nagpur,High,71.99,23,54.1,14,9,10,5,6,Deep Learning,27.91,28.9,77.74,79.07,A,8.04,82.72,68.79,71.26,49.46,Yes,Placed,5.91,Good
101383,Student_101383,Male,25,Cyber Security,4,Kolhapur,Upper Middle,60.29,15,10.22,11,7,8,7,3,Deep Learning,16.38,14.48,48.67,46.27,C,5.02,39.45,26.16,57.55,22.31,No,Not Placed,0,Poor
101384,Student_101384,Female,22,IT,3,Mumbai,High,77.77,35,58.68,19,8,9,2,7,NLP,37.01,26.49,,83.49,A,8.23,98.75,96.89,38.44,68.39,Yes,Not Placed,0,Good
101385,Student_101385,Other,23,CSE,4,Mumbai,Lower Middle,80.06,31,32.24,20,8,7,0,4,Deep Learning,20.53,26.05,68.74,67.13,B,6.99,57.52,42.82,59.96,44.53,No,Not Placed,0,Average
101386,Student_101386,Other,22,AIML,5,Satara,Low,75.96,58,38.04,20,10,9,6,10,Big Data,29.26,20.73,55.28,63.4,B,6.28,61.55,42.01,60.25,62.45,No,Placed,3.41,Average
101387,Student_101387,Female,19,AIML,8,Nagpur,Low,80.69,42,46.38,20,9,10,6,7,Big Data,30.05,20.31,67.52,69.84,B,6.6,64.89,39.9,74.48,74.46,Yes,Not Placed,0,Average
101388,Student_101388,Male,25,ECE,2,Nagpur,Lower Middle,65.29,29,4.23,21,8,8,2,2,NLP,16.19,13.57,32.41,37.4,C,3.52,27.99,26.61,30.42,26.1,Yes,Not Placed,0,Poor
101389,Student_101389,Female,23,CSE,1,Satara,Upper Middle,68.13,40,67.23,20,8,8,3,3,Big Data,22.31,30,74.79,74.13,A,7.53,52.72,58.17,68.05,59.01,Yes,Placed,8.42,Good
101390,Student_101390,Female,23,AIML,1,Satara,Upper Middle,98,58,90.69,35,12,17,6,17,Statistics,37.29,29.29,67.72,81.35,A,8.35,67.94,44.55,97.1,76.58,Yes,Placed,3.94,Good
101391,Student_101391,Other,23,ECE,6,Mumbai,Middle,,57,55.16,31,12,13,8,10,NLP,23.84,13.1,57.92,55.57,B,6.05,43.39,42.73,69.44,53.46,No,Not Placed,0,Average
101392,Student_101392,Male,21,Cyber Security,3,Thane,Middle,85.69,36,63.31,25,12,14,6,6,Machine Learning,36.49,26.97,91.2,90.95,A+,9.68,82.19,75.38,62.96,84.47,No,Not Placed,0,Excellent
101393,Student_101393,Male,22,AIML,7,Nashik,Lower Middle,83.43,49,72.55,23,11,15,6,10,Machine Learning,29.39,27.82,81.55,81.37,A,7.8,78.49,69.12,68.39,63.55,Yes,Placed,10.24,Good
101394,Student_101394,Male,23,Data Science,7,Mumbai,Low,62.87,31,19.24,14,7,11,9,1,Machine Learning,32.89,14.77,67.63,68.33,B,6.95,71.59,56.19,47.95,50.16,Yes,Not Placed,0,Average
101395,Student_101395,Male,18,AIML,8,Satara,Middle,77.99,10,56.53,15,6,8,0,3,Big Data,31.12,22.18,70.27,73.27,A,7.66,65.56,44.57,48.0,63.78,Yes,Not Placed,0,Good
101396,Student_101396,Other,25,Data Science,6,Nashik,Lower Middle,67.89,17,17.04,12,4,5,0,0,NLP,24.01,25.5,66.44,68.23,B,6.64,56.26,55.15,41.16,54.11,No,Not Placed,0,Average
101397,Student_101397,Female,18,IT,3,Nashik,Upper Middle,67.15,41,33.48,21,7,10,9,8,NLP,19.86,8.42,69.76,55.39,B,5.38,49.2,55.72,40.72,40.0,No,Not Placed,0,Average
101398,Student_101398,Female,25,AIML,3,Mumbai,High,91.37,46,76.92,18,10,15,6,10,Apache Spark,32.69,30,62.16,75.6,A,7.77,77.17,83.22,81.45,96.66,No,Placed,11.86,Good
101399,Student_101399,Male,19,Cyber Security,3,Thane,Low,90.23,61,72.76,37,10,16,4,12,Machine Learning,32.94,30,75.42,82.42,A,7.83,74.76,56.67,73.35,63.85,No,Not Placed,0,Good
101400,Student_101400,Male,22,Cyber Security,8,Nagpur,Middle,74.82,56,39.11,15,9,8,2,7,Big Data,21.58,13.86,51.27,51.06,C,5.01,48.49,75.56,65.96,56.57,No,Not Placed,0,Poor
101401,Student_101401,Female,22,ECE,8,Kolhapur,Middle,,47,62.16,31,11,19,6,10,Statistics,,21.66,77.39,80.34,A,8.06,78.39,59.88,84.41,90.32,No,Placed,9.94,Good
101402,Student_101402,Male,20,IT,8,Nagpur,Middle,65.72,20,27.74,13,3,7,1,1,Deep Learning,10.55,14.77,38.04,36.78,C,3.51,26.58,53.85,26.43,26.55,Yes,Not Placed,0,Poor
101403,Student_101403,Female,21,CSE,7,Mumbai,Upper Middle,61.21,26,27.04,5,4,8,0,2,Machine Learning,13.81,23.35,46.72,49.28,C,4.78,72.46,71.24,46.56,16.26,No,Not Placed,0,Poor
101404,Student_101404,Other,23,AIML,7,Mumbai,Lower Middle,64.47,23,19.5,16,5,7,4,5,Apache Spark,14.26,18.55,54.75,50.44,C,4.97,20.99,,56.58,17.39,Yes,Not Placed,0,Poor
101405,Student_101405,Female,22,ECE,7,Nashik,High,77.0,35,43.94,21,9,10,3,10,Deep Learning,20.33,18.49,52.7,53.93,C,5.32,53.61,46.19,66.37,33.62,No,Not Placed,0,Poor
101406,Student_101406,Male,25,Data Science,1,Thane,,68.03,17,31.39,8,4,5,0,0,Machine Learning,32.61,25.52,81.39,82.17,A,8.25,100,66.31,33.33,51.79,Yes,Placed,12.28,Good
101407,Student_101407,Other,18,ECE,2,Satara,High,73.12,30,21.68,21,9,10,1,7,Machine Learning,13.24,12.16,58.83,47.45,C,4.55,27.21,22.37,72.84,33.93,No,Not Placed,0,Poor
101408,Student_101408,Female,22,AIML,6,Satara,Upper Middle,85.55,40,39.57,27,8,13,9,10,Machine Learning,28.65,22.05,67.32,69.85,B,6.81,46.27,56.62,60.74,42.67,No,Not Placed,0,Average
101409,Student_101409,Other,19,Data Science,4,Kolhapur,Lower Middle,88.86,40,95.11,33,9,15,8,5,Deep Learning,39.55,30,94.54,96.93,A+,9.36,99.0,85.19,67.22,,No,Placed,8.75,Excellent
101410,Student_101410,Other,22,Data Science,6,Nagpur,Low,52.04,38,4.02,12,8,11,2,5,Apache Spark,6.51,7.88,29.24,24.75,C,2.77,51.38,33.46,60.64,1.28,No,Not Placed,0,Poor
101411,Student_101411,Male,18,AIML,6,Pune,Middle,71.57,41,47.1,21,8,7,5,6,Deep Learning,21.73,26.59,57.82,62.93,B,6.45,62.66,47.24,55.5,59.85,No,Not Placed,0,Average
101412,Student_101412,Male,21,ECE,5,Mumbai,Middle,72.25,35,57.01,22,7,12,5,6,Machine Learning,34.99,24.76,72.66,79.08,A,7.63,78.96,54.0,66.85,64.79,No,Placed,3.52,Good
101413,Student_101413,Male,22,CSE,2,Kolhapur,High,77.79,31,22.1,19,8,6,4,5,NLP,27.01,15.52,66.27,63.74,B,6.38,48.24,63.68,64.53,46.99,No,Not Placed,0,Average
101414,Student_101414,Male,18,CSE,2,Nashik,Upper Middle,65.8,43,14.49,19,8,8,3,6,Apache Spark,17.34,2.16,35.29,32.09,C,2.91,14.91,26.73,63.99,18.76,No,Not Placed,0,Poor
101415,Student_101415,Female,20,AIML,7,Nashik,Upper Middle,84.83,39,48.29,25,7,8,9,8,Big Data,22.0,23.1,54.56,59.17,B,5.74,51.51,41.43,53.53,74.22,No,Not Placed,0,Average
101416,Student_101416,Female,25,IT,4,Thane,Low,61.01,16,0,9,5,2,2,2,Apache Spark,15.98,3.79,34.05,31.53,C,3.17,14.89,43.54,36.76,36.93,No,Not Placed,0,Poor
101417,Student_101417,Female,22,Cyber Security,6,Nagpur,High,52.85,2,19.72,2,2,2,2,0,Machine Learning,10.25,15.55,70.73,53.42,C,5.42,44.22,71.86,16.91,27.71,No,Not Placed,0,Poor
101418,Student_101418,Other,25,IT,4,Satara,Middle,81.42,36,,23,8,11,5,8,Apache Spark,17.62,20.88,60.93,57.61,B,6.32,47.78,50.5,74.08,51.48,No,Not Placed,0,Average
101419,Student_101419,Other,19,Cyber Security,5,Pune,Upper Middle,69.35,35,14.24,11,6,7,1,3,NLP,,14.99,65.45,61.83,B,6.13,39.78,53.15,29.5,33.24,No,Not Placed,0,Average
101420,Student_101420,Female,21,AIML,6,Nashik,Middle,68.04,32,62.85,25,7,3,3,7,Apache Spark,37.46,30,98.41,97.3,A+,9.71,100,88.78,59.25,64.53,No,Not Placed,0,Excellent
101421,Student_101421,Other,20,IT,7,Mumbai,High,86.13,55,58.6,35,10,13,6,14,Big Data,30.38,30,75.25,80.41,A,8.3,76.45,67.15,49.21,58.27,Yes,Placed,12.47,Good
101422,Student_101422,Female,18,Data Science,4,Kolhapur,Middle,88.4,33,64.98,22,4,9,2,4,Deep Learning,28.73,26.71,95.63,87.17,A+,8.76,91.21,65.93,90.13,100,Yes,Placed,7.61,Excellent
101423,Student_101423,Male,18,IT,7,Thane,Upper Middle,74.84,45,60.0,26,11,14,2,14,Deep Learning,23.87,22.18,71.5,68.44,B,7.24,70.79,26.57,82.89,62.93,No,Not Placed,0,Average
101424,Student_101424,Male,18,IT,3,Kolhapur,Lower Middle,73.8,29,26.33,19,6,11,4,6,Big Data,23.59,21.91,65.23,64.92,B,6.23,33.74,77.49,39.07,23.24,No,Not Placed,0,Average
101425,Student_101425,Male,25,Data Science,6,Kolhapur,Lower Middle,81.79,62,40.53,32,10,14,6,12,Apache Spark,6.19,18.75,63.02,48.65,C,4.72,39.33,31.75,82.94,57.54,No,Not Placed,0,Poor
101426,Student_101426,Male,20,CSE,5,Nashik,Low,85.14,44,53.18,25,9,14,5,11,Apache Spark,,9.28,67.59,60.77,B,5.71,56.79,54.84,68.69,59.22,No,Not Placed,0,Average
101427,Student_101427,Female,25,ECE,2,Thane,Low,83.75,53,54.64,33,12,13,8,14,Statistics,26.6,21.79,63.67,66.31,B,6.09,42.74,30.98,62.62,52.24,No,Not Placed,0,Average
101428,Student_101428,Other,22,AIML,6,Pune,Upper Middle,69.68,18,56.22,18,6,9,4,4,Machine Learning,40,30,79.04,89.52,A+,8.78,85.83,64.3,57.37,87.61,No,Not Placed,0,Excellent
101429,Student_101429,Female,23,CSE,7,Thane,Middle,92.27,58,72.59,34,12,15,8,13,Machine Learning,28.28,26.64,80.77,79.35,A,7.94,82.77,60.88,76.66,,Yes,Placed,4.72,Good
101430,Student_101430,Male,21,Data Science,8,Thane,Upper Middle,66.96,14,300,17,6,8,3,4,Statistics,32.04,18.46,61.22,66.95,B,6.43,35.43,52.41,40.1,41.0,No,Not Placed,0,Average
101431,Student_101431,Female,24,IT,5,Thane,Middle,83.77,24,50.71,20,11,10,4,7,Apache Spark,21.82,20.16,75.82,67.72,B,6.63,47.89,62.7,59.37,65.27,No,Not Placed,0,Average
101432,Student_101432,Female,19,CSE,3,Thane,Lower Middle,76.27,21,500,21,7,10,6,9,Big Data,26.76,17.43,56.88,60.13,B,6.63,58.23,41.49,42.69,48.09,No,Not Placed,0,Average
101433,Student_101433,Other,23,AIML,2,Pune,High,65.33,34,21.08,24,9,13,4,7,Statistics,22.79,14.3,69.36,61.3,B,6.2,42.27,17.9,43.67,34.83,Yes,Not Placed,0,Average
101434,Student_101434,Male,25,IT,5,Nagpur,High,85.95,26,53.05,19,6,12,5,5,NLP,30.96,28.02,64.3,74.04,A,7.4,64.76,,60.07,69.96,No,Placed,4.75,Good
101435,Student_101435,Female,24,CSE,8,Nashik,High,52.8,26,24.98,8,3,4,2,0,Machine Learning,7.83,10.21,39.22,32.29,C,3.05,45.73,36.15,13.82,33.37,No,Not Placed,0,Poor
101436,Student_101436,Female,20,CSE,6,Satara,High,76.56,31,39.69,22,7,11,3,4,Apache Spark,32.58,24.48,72.47,76.99,A,7.57,82.04,83.11,63.33,61.27,Yes,Placed,3.83,Good
101437,Student_101437,Other,20,ECE,3,Nagpur,High,60.71,20,51.46,13,6,9,2,3,NLP,37.58,26.19,83.38,87.33,A+,9.02,80.64,61.2,35.95,60.65,No,Not Placed,0,Excellent
101438,Student_101438,Female,21,AIML,1,Nashik,High,81.49,39,51.79,25,11,10,4,8,NLP,22.55,19.11,50.79,55.04,B,5.69,47.39,37.13,53.27,37.94,No,Not Placed,0,Average
101439,Student_101439,Other,24,Data Science,8,Pune,High,83.41,40,74.55,27,7,11,8,11,Deep Learning,39.1,29.83,80.4,89.42,A+,8.85,89.28,78.57,81.56,72.22,Yes,Placed,12.27,Excellent
101440,Student_101440,Other,25,CSE,3,Thane,Middle,66.73,52,38.36,23,9,8,7,7,Statistics,27.23,17.68,60.89,62.65,B,6.19,47.56,47.83,43.68,49.81,Yes,Not Placed,0,Average
101441,Student_101441,Male,18,CSE,2,Satara,Middle,64.58,26,18.69,17,7,5,1,4,Big Data,14.47,11.16,40.79,38.69,C,3.72,19.04,18.56,35.25,1.95,No,Not Placed,0,Poor
101442,Student_101442,Female,21,AIML,7,Pune,Low,78.23,7,35.6,21,7,8,4,5,Deep Learning,20.13,23.13,66.3,63.67,B,6.48,48.09,58.44,43.18,41.57,No,Not Placed,0,Average
101443,Student_101443,Female,21,ECE,5,Thane,Low,64.44,28,38.28,15,5,7,0,0,NLP,27.61,26.02,83.48,79.79,A,7.88,79.14,86.36,56.36,49.48,No,Not Placed,0,Good
101444,Student_101444,Male,18,ECE,1,Satara,High,71.76,43,42.02,22,9,6,3,8,Big Data,30.24,14.82,74.46,69.79,B,7.23,51.97,,48.91,69.36,Yes,Not Placed,0,Average
101445,Student_101445,Female,20,ECE,1,Pune,High,78.53,23,20.96,21,8,10,2,2,Statistics,14.84,14.85,62.93,52.5,C,5.01,19.72,34.74,57.16,40.8,No,Not Placed,0,Poor
101446,Student_101446,Female,22,Data Science,3,Mumbai,Low,64.47,34,25.54,,9,12,1,7,Statistics,21.43,19.2,58.54,58.14,B,5.91,47.03,52.05,70.95,33.59,No,Not Placed,0,Average
101447,Student_101447,Female,19,CSE,6,Mumbai,Lower Middle,84.43,49,70.59,35,12,15,5,11,Deep Learning,40,28.93,90.14,94.35,A+,9.66,71.91,55.61,90.1,69.29,Yes,Placed,3.78,Excellent
101448,Student_101448,Female,21,Cyber Security,5,Mumbai,Upper Middle,83.52,64,,26,12,15,6,12,Deep Learning,23.74,17.97,44.62,52.09,C,5.24,39.74,16.68,79.04,52.07,Yes,Placed,3.15,Poor
101449,Student_101449,Other,22,Cyber Security,5,Kolhapur,Middle,,36,39.09,21,8,13,4,4,Deep Learning,31.85,28.78,68.8,77.48,A,7.67,62.61,47.9,67.86,51.23,No,Placed,45,Good
101450,Student_101450,Male,19,IT,8,Kolhapur,Middle,86.85,42,54.9,26,10,14,4,8,NLP,26.17,25.23,74.29,73.6,A,7.43,50.72,40.67,55.81,60.25,No,Not Placed,0,Good
101451,Student_101451,Male,25,CSE,4,,High,65.55,21,0,15,3,8,3,3,Deep Learning,8.98,8.85,36.52,30.9,C,3.0,17.18,39.94,31.4,5.81,No,Not Placed,0,Poor
101452,Student_101452,Other,22,CSE,2,Satara,High,64.95,28,38.91,21,10,6,3,1,Deep Learning,15.18,13.48,58.26,49.5,C,4.98,37.58,38.07,41.62,20.81,Yes,Not Placed,0,Poor
101453,Student_101453,Male,18,CSE,8,Mumbai,Lower Middle,55.87,19,0,8,5,3,1,2,Machine Learning,14.08,5.4,33.93,31.12,C,2.99,35.3,38.91,25.22,0,Yes,Not Placed,0,Poor
101454,Student_101454,Other,19,CSE,1,Pune,Middle,83.5,40,61.67,30,9,12,13,8,Big Data,28.9,27.48,56.92,68.45,B,6.87,52.66,61.25,77.6,41.67,No,Not Placed,0,Average
101455,Student_101455,Female,19,IT,2,Nashik,,82.86,56,67.27,40,11,16,9,14,Apache Spark,37.95,24.29,98.59,93.95,A+,9.75,66.32,69.99,56.21,79.64,No,Not Placed,0,Excellent
101456,Student_101456,Female,24,AIML,5,Nashik,Low,68.67,18,38.36,16,4,9,2,7,Machine Learning,25.06,21.71,48.55,57.55,B,5.55,41.51,48.81,55.87,55.9,Yes,Not Placed,0,Average
101457,Student_101457,Female,19,IT,1,Nagpur,Upper Middle,95.14,50,50.05,34,12,14,10,10,Apache Spark,9.86,11.34,35.41,32.66,C,2.84,7.59,15.93,86.77,17.07,No,Not Placed,0,Poor
101458,Student_101458,Female,20,AIML,7,Nagpur,Lower Middle,64.24,17,54.32,9,10,10,4,8,NLP,29.01,17.71,82.87,75.0,A,7.69,76.71,43.63,57.12,61.08,No,Not Placed,0,Good
101459,Student_101459,,21,AIML,8,Thane,,82.72,50,88.31,,10,13,4,12,Machine Learning,25.21,26.67,79.16,76.27,A,7.84,61.95,63.69,91.62,52.72,No,Placed,3.28,Good
101460,Student_101460,Female,21,AIML,3,Pune,Lower Middle,72.25,31,20.93,25,11,10,5,10,Statistics,30.49,17.53,,70.17,A,7.03,63.05,23.11,74.79,77.67,Yes,Placed,4.21,Good
101461,Student_101461,Other,19,Cyber Security,6,Nashik,Middle,70.49,27,33.22,13,5,6,0,5,NLP,17.56,14.5,53.31,49.49,C,5.11,45.84,43.08,,43.13,No,Not Placed,0,Poor
101462,Student_101462,Female,22,CSE,4,Kolhapur,Middle,82.45,59,16.36,24,11,15,4,3,Apache Spark,23.7,16.27,66.82,62.03,B,6.48,41.03,35.32,74.09,50.89,No,Not Placed,0,Average
101463,Student_101463,Female,22,Cyber Security,2,Satara,High,77.06,23,24.31,20,6,8,0,5,Apache Spark,27.12,21.06,58.6,63.68,B,6.38,58.01,45.65,54.9,35.97,No,Not Placed,0,Average
101464,Student_101464,,24,Data Science,6,Kolhapur,Upper Middle,76.2,31,44.36,25,8,14,8,6,Deep Learning,15.76,11.65,50.09,44.63,C,4.15,,46.71,54.25,57.63,No,Not Placed,0,Poor
101465,Student_101465,Female,25,AIML,6,Pune,Low,74.84,32,21.53,15,6,10,5,6,NLP,28.01,17.48,64.69,65.0,B,6.56,47.96,58.65,72.84,45.53,No,Not Placed,0,Average
101466,Student_101466,Female,20,Data Science,5,Nagpur,Upper Middle,69.55,24,38.29,24,6,13,0,1,NLP,19.23,21.38,55.92,56.63,B,5.68,49.93,50.64,41.47,48.29,Yes,Not Placed,0,Average
101467,Student_101467,Other,19,Cyber Security,1,Mumbai,Low,64.74,36,37.94,15,9,10,4,6,Deep Learning,18.24,14.77,60.48,53.76,C,5.36,41.11,56.94,52.26,48.84,No,Not Placed,0,Poor
101468,Student_101468,Male,20,AIML,1,Nagpur,Middle,72.17,30,78.73,27,10,12,3,8,Deep Learning,39.47,24.16,64.29,77.86,A,7.87,90.73,75.39,46.17,68.41,No,Not Placed,0,Good
101469,Student_101469,Female,25,Data Science,8,Pune,High,75.98,42,81.75,24,7,9,5,7,Apache Spark,35.63,25.54,82.13,84.81,A,8.64,51.12,63.37,,59.66,No,Not Placed,0,Good
101470,Student_101470,Male,20,Cyber Security,7,Thane,Lower Middle,75.52,33,74.73,25,8,11,4,5,Statistics,22.55,15.31,67.9,61.07,B,6.51,67.02,67.84,72.72,47.16,No,Not Placed,0,Average
101471,Student_101471,Female,23,Data Science,1,Satara,Middle,73.27,47,62.81,19,10,12,5,6,NLP,36.18,26.77,58.91,74.43,A,7.3,72.99,77.36,55.49,,No,Placed,3.2,Good
101472,Student_101472,Female,21,CSE,5,Nagpur,Lower Middle,57.55,37,16.11,15,7,9,0,2,Deep Learning,10.65,15.36,48.24,42.34,C,3.91,23.72,66.92,42.81,21.62,No,Not Placed,0,Poor
101473,Student_101473,Female,18,CSE,7,Kolhapur,Upper Middle,60.99,38,29.98,13,7,6,6,4,Statistics,10.63,8.84,49.08,38.41,C,3.62,34.83,31.41,40.0,37.7,No,Not Placed,0,Poor
101474,Student_101474,Male,22,ECE,5,,Lower Middle,76.76,41,73.62,23,9,11,6,8,Big Data,38.11,24.44,84.55,87.15,A+,9.04,99.75,55.96,59.13,69.52,No,Placed,13.42,Excellent
101475,Student_101475,Male,21,CSE,6,Nagpur,Lower Middle,73.22,27,52.13,14,7,7,3,0,Machine Learning,37.16,30,73.5,84.62,A,8.19,61.76,61.41,56.53,53.07,Yes,Not Placed,0,Good
101476,Student_101476,Female,24,Data Science,8,Nashik,Lower Middle,92.9,54,84.17,25,8,13,5,9,Machine Learning,40,30,100,100.0,A+,9.71,100,96.62,62.15,93.27,Yes,Placed,3.04,Excellent
101477,Student_101477,Female,22,AIML,4,,Upper Middle,67.42,50,50.11,29,12,12,5,8,Apache Spark,7.57,14.83,60.71,45.92,C,4.22,44.64,39.92,65.05,65.16,No,Not Placed,0,Poor
101478,Student_101478,Female,19,CSE,6,Nashik,Middle,74.17,34,54.1,24,11,10,6,6,Apache Spark,36.66,20.53,78.35,80.35,A,7.75,94.45,88.59,45.62,53.51,No,Placed,5.19,Good
101479,Student_101479,,25,CSE,8,Nagpur,Low,81.58,49,64.02,28,10,14,6,13,Big Data,40,21.09,81.99,85.06,A+,8.47,86.54,54.77,67.18,63.4,No,Not Placed,0,Excellent
101480,Student_101480,Female,21,AIML,6,Thane,High,48.39,22,11.14,5,5,5,1,5,Big Data,27.59,15.03,57.16,59.29,B,6.04,52.02,48.8,36.45,28.01,No,Not Placed,0,Average
101481,Student_101481,Male,24,AIML,3,Mumbai,Low,63.67,40,21.29,24,8,9,2,7,Deep Learning,15.11,9.15,32.91,33.89,C,3.7,14.51,,54.59,31.8,No,Not Placed,0,Poor
101482,Student_101482,Male,21,CSE,6,Pune,Middle,74.63,30,12.59,22,5,11,3,6,Big Data,3.92,3.66,39.54,25.15,C,2.56,1.8,9.56,,0,No,Not Placed,0,Poor
101483,Student_101483,Male,19,ECE,5,Mumbai,Low,86.06,30,48.96,24,8,9,5,11,Big Data,24.23,25.53,62.08,66.24,B,6.67,46.03,47.23,83.99,67.83,Yes,Not Placed,0,Average
101484,Student_101484,Other,20,Data Science,4,Kolhapur,Low,73.28,39,16.13,19,10,11,4,5,Statistics,7.49,25.49,65.51,55.36,B,5.73,29.03,29.96,76.94,68.05,No,Not Placed,0,Average
101485,Student_101485,Other,23,AIML,5,Nashik,Middle,75.97,44,50.17,27,6,9,3,7,Deep Learning,19.4,15.52,50.65,50.23,C,5.06,46.82,51.0,56.82,37.2,No,Not Placed,0,Poor
101486,Student_101486,Female,22,Cyber Security,7,Nashik,Lower Middle,71.55,13,63.74,16,5,4,2,0,Deep Learning,22.85,19.9,65.47,63.15,B,6.11,56.76,56.65,29.05,54.15,Yes,Not Placed,0,Average
101487,Student_101487,Male,18,CSE,6,Mumbai,Middle,77.31,52,59.67,28,9,14,5,12,Apache Spark,26.29,17.17,85.48,73.9,A,7.48,67.62,60.81,56.16,75.98,No,Not Placed,0,Good
101488,Student_101488,Female,19,ECE,6,,Lower Middle,84.46,23,43.64,8,6,5,5,4,Big Data,40,26.76,71.41,83.55,A,8.33,64.82,70.38,46.52,64.17,No,Not Placed,0,Good
101489,Student_101489,Female,22,Cyber Security,4,Satara,Lower Middle,83.25,72,84.4,33,11,15,4,14,Machine Learning,34.96,17.19,72.09,73.73,A,6.83,56.7,52.4,76.27,66.07,No,Not Placed,0,Good
101490,Student_101490,Female,20,AIML,1,Nagpur,Middle,69.95,34,32.1,23,10,7,7,7,Apache Spark,14.87,12.46,51.97,45.45,C,4.5,65.65,37.33,47.98,49.84,Yes,Not Placed,0,Poor
101491,Student_101491,Male,18,Data Science,7,Mumbai,Low,65.04,11,46.3,9,6,7,7,0,Statistics,36.73,25.91,86.26,87.95,A+,9.05,77.15,87.9,49.22,54.48,Yes,Placed,4.72,Excellent
101492,Student_101492,Female,25,ECE,8,Nashik,Lower Middle,92.55,33,45.44,14,6,9,1,4,Deep Learning,19.86,24.5,68.7,65.57,B,6.87,100,78.2,54.27,74.04,No,Placed,8.88,Average
101493,Student_101493,Other,20,Data Science,2,Mumbai,High,86.08,48,59.93,35,12,14,11,6,Statistics,36.83,19.93,81.64,81.73,A,8.54,75.28,46.85,66.95,67.82,No,Not Placed,0,Good
101494,Student_101494,Other,21,IT,5,Mumbai,Middle,81.88,46,22.28,19,6,8,3,1,Statistics,24.88,17.57,51.55,56.15,B,6.12,61.82,52.62,40.33,61.12,No,Not Placed,0,Average
101495,Student_101495,,18,ECE,7,Nagpur,Low,79.44,33,63.89,29,10,14,6,7,Statistics,24.7,17.83,68.01,64.42,B,6.48,33.99,65.28,67.75,81.23,Yes,Placed,3.69,Average
101496,Student_101496,Female,25,ECE,2,Nagpur,High,81.35,34,88.15,23,8,9,5,6,Big Data,40,29.26,100,99.5,A+,9.62,83.11,100,31.14,96.3,Yes,Placed,9.98,Excellent
101497,Student_101497,Other,22,CSE,8,Nashik,Upper Middle,75.35,44,34.74,21,6,12,3,3,Deep Learning,19.21,16.7,62.45,56.77,B,6.01,,55.12,64.39,59.57,Yes,Not Placed,0,Average
101498,Student_101498,Other,18,Cyber Security,6,Pune,Low,80.88,54,60.31,28,9,15,5,6,Statistics,23.58,0,78.72,57.04,B,5.78,38.11,46.84,67.25,26.99,No,Not Placed,0,Average
101499,Student_101499,Male,23,ECE,5,Nashik,Upper Middle,75.74,50,37.96,27,11,17,10,7,Machine Learning,12.0,18.96,59.2,51.24,C,5.01,30.53,38.4,74.27,48.37,No,Not Placed,0,Poor
101500,Student_101500,,20,IT,1,Nagpur,High,65.95,13,34.17,12,7,7,2,3,Deep Learning,30.66,15.96,70.01,68.64,B,7.51,70.45,71.08,42.4,39.77,No,Not Placed,0,Average
101501,Student_101501,Other,19,Cyber Security,4,Nagpur,Low,78.65,47,60.92,27,10,11,3,8,Big Data,26.04,22.34,74.16,71.5,A,7.32,48.93,41.36,68.08,66.6,Yes,Placed,9.17,Good
101502,Student_101502,Male,20,ECE,3,Pune,Upper Middle,78.14,35,52.64,12,8,11,1,10,Statistics,39.29,23.34,79.11,84.58,A,8.39,83.77,57.48,42.79,57.98,No,Not Placed,0,Good
101503,Student_101503,Male,19,Data Science,8,Kolhapur,Lower Middle,74.38,41,71.94,24,6,10,5,9,Machine Learning,32.4,25.32,81.39,81.88,A,8.31,72.7,76.92,65.18,77.4,No,Not Placed,0,Good
101504,Student_101504,Female,25,AIML,6,Thane,Lower Middle,49.53,16,18.22,11,5,4,0,3,Statistics,21.88,13.91,40.54,45.95,C,4.85,34.92,59.37,21.06,40.21,No,Not Placed,0,Poor
101505,Student_101505,Male,25,ECE,5,Nashik,Upper Middle,78.48,24,46.99,22,10,10,6,11,Apache Spark,24.3,25.42,56.91,63.63,B,6.59,35.43,46.94,52.78,17.26,Yes,Not Placed,60,Average
101506,Student_101506,Female,19,AIML,4,Mumbai,Upper Middle,79.16,54,65.36,27,12,9,1,8,Statistics,34.35,25.74,86.57,86.21,A+,8.95,86.67,64.74,69.53,61.14,No,Placed,8.31,Excellent
101507,Student_101507,Female,25,ECE,2,Nagpur,Lower Middle,65.03,34,17.13,23,8,10,4,10,Apache Spark,15.01,8.46,31.96,32.88,C,3.38,18.8,,66.97,30.73,Yes,Not Placed,0,Poor
101508,Student_101508,Other,25,Cyber Security,7,Mumbai,High,110,34,0,19,4,10,3,4,Statistics,11.15,14.53,42.84,39.47,C,4.01,42.35,24.92,33.23,15.92,No,Not Placed,0,Poor
101509,Student_101509,Female,18,AIML,6,Mumbai,Lower Middle,71.91,40,26.14,30,10,12,3,6,NLP,14.91,14.94,27.84,35.07,C,4.05,25.78,45.69,46.96,46.07,No,Not Placed,0,Poor
101510,Student_101510,Male,18,IT,1,Nashik,Low,53.81,15,0,2,3,8,0,0,Machine Learning,12.62,12.71,34.49,35.18,C,3.89,3.83,47.0,37.21,40.01,Yes,Not Placed,45,Poor
101511,Student_101511,Other,20,ECE,6,Nashik,Upper Middle,74.71,34,29.77,23,10,15,10,9,Machine Learning,16.44,16.26,25.21,35.78,C,3.86,19.19,6.75,51.09,26.64,No,Not Placed,0,Poor
101512,Student_101512,Male,24,AIML,2,Nashik,Low,72.42,43,42.49,19,8,11,3,3,Apache Spark,27.11,19.7,58.03,62.49,B,6.37,60.21,49.51,63.37,66.82,No,Not Placed,0,Average
101513,Student_101513,Female,19,Data Science,7,Nashik,High,84.18,47,75.22,27,12,12,5,8,NLP,39.38,25.73,81.49,87.44,A+,9.13,69.27,91.78,70.5,76.26,Yes,Placed,6.91,Excellent
101514,Student_101514,Other,25,IT,4,Nagpur,Middle,87.76,54,54.57,25,8,12,7,7,Apache Spark,40,28.83,85.85,92.14,A+,9.38,90.96,41.78,58.17,86.84,No,Placed,6.47,Excellent
101515,Student_101515,Other,24,Cyber Security,1,Thane,High,76.76,17,61.18,24,8,11,5,3,Machine Learning,31.61,22.38,66.99,72.13,A,7.16,84.41,81.57,66.38,44.3,No,Not Placed,0,Good
101516,Student_101516,Male,23,AIML,2,Satara,Middle,64.75,37,63.25,35,10,14,7,7,Deep Learning,19.93,12.5,64.5,55.53,B,5.51,58.52,32.4,70.93,45.2,No,Not Placed,0,Average
101517,Student_101517,Male,22,AIML,8,Nagpur,Middle,74.85,38,36.01,21,9,11,1,5,Apache Spark,30.39,18.55,70.91,70.62,A,7.13,60.68,46.7,50.28,79.15,No,Not Placed,0,Good
101518,Student_101518,Male,22,AIML,4,Pune,High,83.41,53,36.18,20,7,10,7,11,Deep Learning,23.74,19.69,61.16,61.51,B,6.47,71.94,55.3,67.09,60.01,Yes,Not Placed,0,Average
101519,Student_101519,Other,24,AIML,5,Mumbai,High,82.6,40,84.37,23,10,13,8,8,Deep Learning,40,24.11,54.94,73.54,A,7.28,76.97,52.9,56.66,81.83,Yes,Not Placed,0,Good
101520,Student_101520,Other,20,Cyber Security,7,Nagpur,Upper Middle,92.48,41,73.24,25,9,14,6,12,Machine Learning,26.51,22.52,49.54,59.67,B,5.52,38.35,39.66,69.97,44.71,Yes,Not Placed,0,Average
101521,Student_101521,Other,25,IT,6,Satara,,125,54,48.76,22,7,12,7,8,NLP,32.38,19.7,65.25,70.04,A,6.94,72.45,67.04,73.12,58.37,Yes,Not Placed,0,Good
101522,Student_101522,Female,21,Data Science,5,Thane,Middle,79.33,37,46.65,14,9,8,3,8,Deep Learning,23.1,25.18,69.49,68.86,B,7.02,70.72,69.12,51.51,43.3,No,Not Placed,0,Average
101523,Student_101523,Other,23,Cyber Security,8,Satara,Upper Middle,90.64,71,63.67,31,12,12,11,11,NLP,40,18.21,77.07,80.68,A,8.23,77.82,65.18,67.68,75.9,No,Placed,5.08,Good
101524,Student_101524,Other,22,CSE,7,Kolhapur,High,74.21,34,43.1,17,7,10,3,4,Machine Learning,24.87,21.55,44.05,55.04,B,5.61,43.89,38.87,55.59,17.6,No,Not Placed,0,Average
101525,Student_101525,Female,22,IT,4,,Upper Middle,79.77,27,19.62,16,8,8,3,2,Big Data,21.25,19.78,38.0,48.13,C,4.95,42.16,,55.56,70.0,No,Not Placed,0,Poor
101526,Student_101526,,20,ECE,4,Kolhapur,Middle,65.1,32,34.93,22,5,11,4,8,Big Data,25.69,12.66,56.67,56.04,B,5.38,58.92,48.34,61.04,31.34,No,Not Placed,0,Average
101527,Student_101527,Female,22,Cyber Security,7,Mumbai,High,70.31,52,70.44,22,11,13,3,7,Machine Learning,23.45,19.94,81.41,71.59,A,7.31,68.71,57.17,55.9,70.79,No,Placed,13.68,Good
101528,Student_101528,Female,22,IT,2,Pune,Middle,66.38,31,54.17,18,7,4,1,2,Apache Spark,26.33,13.65,59.13,58.41,B,6.01,57.29,57.82,46.05,55.89,Yes,Not Placed,0,Average
101529,Student_101529,Male,25,ECE,6,Mumbai,Low,50.73,18,4.25,11,7,7,0,1,Statistics,10.26,15.27,36.58,36.17,C,3.87,26.43,42.29,46.02,35.89,No,Not Placed,0,Poor
101530,Student_101530,Other,19,IT,3,,Middle,78.14,45,77.66,24,10,17,7,12,NLP,39.57,30,66.56,82.96,A,8.61,63.15,56.99,,77.15,No,Not Placed,0,Good
101531,Student_101531,Other,24,IT,5,Nashik,Lower Middle,64.89,32,26.4,25,10,8,2,4,Deep Learning,25.31,16.33,64.44,62.09,B,6.15,55.79,49.45,66.13,39.9,No,Not Placed,0,Average
101532,Student_101532,Female,23,Cyber Security,4,Pune,Lower Middle,76.65,48,37.72,19,8,10,3,8,NLP,34.05,22.39,65.71,73.32,A,7.33,62.88,65.99,,65.5,Yes,Not Placed,0,Good
101533,Student_101533,Male,25,CSE,2,Thane,High,76.42,42,75.67,16,8,9,5,6,Big Data,39.75,29.31,83.86,91.28,A+,9.06,78.69,77.07,54.79,,Yes,Placed,13.11,Excellent
101534,Student_101534,Other,18,Cyber Security,5,Satara,High,78.94,28,56.62,22,10,9,2,6,NLP,28.47,23.07,100,86.73,A+,8.76,73.94,75.96,47.55,55.86,Yes,Placed,13.47,Excellent
101535,Student_101535,Male,23,ECE,6,Nashik,Lower Middle,87.5,68,80.81,25,10,14,4,8,Statistics,38.11,16.99,79.57,79.7,A,7.92,91.89,75.81,76.92,83.75,Yes,Placed,7.77,Good
101536,Student_101536,Other,22,Cyber Security,6,Nashik,High,50.94,0,12.44,7,2,1,0,0,Big Data,16.37,14.77,27.24,35.75,C,3.53,12.6,34.25,13.08,0,No,Not Placed,0,Poor
101537,Student_101537,Other,22,CSE,3,Satara,Middle,74.22,49,68.16,22,5,12,1,9,Machine Learning,29.51,24.11,53.03,64.72,B,6.59,57.65,35.5,53.88,56.18,No,Not Placed,0,Average
101538,Student_101538,Other,21,AIML,7,Pune,Middle,92.1,51,91.3,18,11,7,5,7,NLP,40,30,99.83,99.91,A+,10,89.84,85.49,,85.7,Yes,Placed,3.14,Excellent
101539,Student_101539,Other,21,Cyber Security,8,Nagpur,Lower Middle,83.49,31,47.68,32,9,12,6,6,NLP,,25.51,62.21,73.9,A,7.3,71.73,59.54,61.71,61.15,No,Not Placed,0,Good
101540,Student_101540,Male,22,IT,1,Satara,Low,74.85,45,52.26,22,10,9,5,3,Big Data,,29.35,90.02,91.84,A+,9.5,81.03,68.32,56.53,67.11,Yes,Placed,3.29,Excellent
101541,Student_101541,Other,21,AIML,7,Pune,Upper Middle,78.43,50,78.72,36,10,14,7,5,Statistics,40,30,84.88,92.44,A+,9.36,87.82,100,77.27,71.24,No,Placed,13.75,Excellent
101542,Student_101542,Male,21,IT,4,Nashik,Middle,70.18,24,6.4,15,5,6,4,7,Machine Learning,24.28,28.2,54.18,64.09,B,6.53,48.16,60.6,26.31,40.56,No,Not Placed,0,Average
101543,Student_101543,Other,19,IT,1,Pune,Middle,69.59,32,,20,5,8,0,6,Deep Learning,18.19,13.46,47.26,46.25,C,4.53,59.0,49.9,32.64,27.79,No,Not Placed,0,Poor
101544,Student_101544,Other,24,Data Science,8,Nagpur,High,62.48,29,11.86,13,6,6,2,6,Deep Learning,20.13,17.54,46.93,50.26,C,4.83,25.02,73.19,65.53,22.83,Yes,Not Placed,0,Poor
101545,Student_101545,Male,18,CSE,1,Pune,Middle,70.58,27,62.39,22,8,8,3,6,Big Data,35.12,23.47,81.62,82.8,A,8.19,72.5,51.64,56.78,80.59,No,Placed,5.97,Good
101546,Student_101546,Male,22,AIML,7,Nagpur,Low,82.39,34,55.13,24,9,8,6,6,Machine Learning,31.71,30,82.04,84.81,A,8.29,78.85,54.53,51.58,73.22,No,Not Placed,0,Good
101547,Student_101547,Female,22,AIML,2,Nashik,Lower Middle,,8,7.95,7,6,1,3,3,Machine Learning,,13.67,50.17,50.64,C,5.03,33.21,40.48,3.61,31.01,No,Not Placed,0,Poor
101548,Student_101548,Male,21,AIML,3,Mumbai,Low,74.28,51,43.51,23,10,16,9,9,NLP,33.84,21.29,65.59,72.37,A,7.0,56.33,49.72,51.99,40.96,No,Not Placed,0,Good
101549,Student_101549,Female,22,AIML,7,Nashik,Middle,,53,75.5,34,8,14,9,12,Apache Spark,40,24.31,82.16,87.29,A+,8.79,94.14,77.44,50.05,96.12,Yes,Placed,8.82,Excellent
101550,Student_101550,Female,20,ECE,2,Mumbai,Upper Middle,80.52,36,54.92,18,6,9,4,5,Big Data,20.18,14.75,58.66,54.3,C,5.32,65.11,58.73,42.39,60.92,Yes,Not Placed,0,Poor
101551,Student_101551,Male,23,IT,5,Pune,High,78.05,39,,20,6,8,4,5,Machine Learning,,23.4,66.95,65.34,B,6.73,28.7,50.08,44.06,40.21,No,Not Placed,0,Average
101552,Student_101552,Male,19,IT,5,Satara,,72.65,17,40.88,16,7,11,0,5,Machine Learning,30.33,19.67,77.34,74.53,A,7.29,92.84,76.33,45.22,67.37,Yes,Not Placed,0,Good
101553,Student_101553,Other,23,Cyber Security,7,Satara,Lower Middle,66.14,23,14.82,,4,4,0,1,Machine Learning,17.27,15.54,53.89,50.25,C,5.0,59.6,45.48,30.44,40.54,No,Not Placed,0,Poor
101554,Student_101554,Other,19,Cyber Security,1,Mumbai,Middle,93.31,43,55.14,19,7,9,1,7,Big Data,37.08,25.69,89.78,89.83,A+,8.99,95.27,75.43,48.05,65.7,Yes,Placed,3.81,Excellent
101555,Student_101555,Female,21,Cyber Security,8,Satara,Lower Middle,84.47,58,43.9,28,9,14,5,7,Big Data,24.36,18.26,62.78,61.84,B,5.93,40.15,37.82,71.2,27.73,No,Not Placed,0,Average
101556,Student_101556,Male,23,Cyber Security,1,Mumbai,Upper Middle,81.78,27,28.82,19,9,11,1,7,Apache Spark,21.41,20.8,62.05,60.94,B,5.86,47.68,58.78,,39.8,Yes,Not Placed,0,Average
101557,Student_101557,Female,19,Cyber Security,8,Mumbai,Low,78.66,36,49.33,26,8,10,6,4,Big Data,16.5,18.03,51.38,50.09,C,5.23,55.22,,65.69,42.38,No,Placed,10.53,Poor
101558,Student_101558,Male,19,IT,1,Thane,Upper Middle,64.36,30,18.69,9,3,8,2,3,Big Data,12.3,9.57,,41.76,C,4.89,46.24,26.29,36.15,39.99,No,Not Placed,0,Poor
101559,Student_101559,Other,23,ECE,7,Thane,Middle,65.29,9,13.3,20,4,4,6,7,Big Data,15.01,13.02,53.11,46.49,C,4.68,25.86,41.25,55.2,36.98,No,Not Placed,0,Poor
101560,Student_101560,Other,25,Data Science,8,Nagpur,Low,65.32,51,48.08,13,9,10,5,5,Machine Learning,27.4,27.89,59.53,68.91,B,6.96,56.46,64.4,64.18,39.14,No,Placed,10.5,Average
101561,Student_101561,Female,23,Data Science,7,Nagpur,High,68.44,22,32.72,23,7,10,0,6,Machine Learning,27.62,18.18,58.64,62.15,B,5.96,46.47,36.6,65.7,15.73,Yes,Not Placed,0,Average
101562,Student_101562,Male,22,Cyber Security,8,Thane,High,77.77,65,20.04,21,6,12,4,6,Apache Spark,20.86,14.41,48.81,49.65,C,5.2,23.36,19.95,43.97,0,Yes,Not Placed,0,Poor
101563,Student_101563,Female,22,IT,8,Mumbai,High,58.2,27,40.12,17,5,11,0,2,Big Data,25.54,19.38,53.96,59.06,B,5.84,52.41,66.04,46.77,30.61,Yes,Not Placed,0,Average
101564,Student_101564,Male,19,ECE,2,Mumbai,Upper Middle,76.38,15,42.52,21,6,9,5,7,Big Data,24.7,25.6,68.26,69.72,B,6.74,47.56,56.29,54.45,50.96,No,Not Placed,0,Average
101565,Student_101565,Female,21,ECE,7,Satara,High,70.82,24,30.14,15,6,9,0,4,Deep Learning,25.11,18.09,73.79,67.79,B,6.68,62.98,78.11,46.21,35.32,Yes,Not Placed,0,Average
101566,Student_101566,,24,CSE,5,Thane,Lower Middle,63.52,13,8.59,16,9,7,1,0,Machine Learning,17.74,12.14,31.6,37.2,C,3.86,43.1,36.34,37.79,43.53,Yes,Not Placed,0,Poor
101567,Student_101567,Male,21,ECE,7,Nagpur,,83.24,61,79.91,35,11,13,8,9,Machine Learning,27.44,25.0,76.57,75.53,A,7.16,63.76,26.89,100,,Yes,Not Placed,0,Good
101568,Student_101568,Male,19,AIML,2,Mumbai,High,83.2,24,30.99,16,6,6,2,3,Big Data,19.79,23.36,55.02,57.92,B,5.69,59.69,46.63,57.37,40.06,No,Not Placed,0,Average
101569,Student_101569,Female,18,IT,4,Pune,Lower Middle,,46,57.04,23,10,9,4,12,Machine Learning,26.28,16.38,63.22,62.24,B,5.88,60.84,42.93,63.84,,No,Not Placed,0,Average
101570,Student_101570,Other,18,ECE,8,Nagpur,Upper Middle,44.1,26,22.12,14,3,4,2,0,NLP,24.03,18.38,61.71,61.13,B,5.75,58.59,72.58,42.09,17.86,No,Not Placed,0,Average
101571,Student_101571,Male,22,Data Science,2,Thane,High,92.54,67,80.18,37,11,20,8,11,NLP,18.73,16.72,46.52,48.45,C,4.48,36.58,46.12,100,41.53,No,Not Placed,0,Poor
101572,Student_101572,Female,25,Cyber Security,6,Pune,Low,,22,30.12,2,5,4,0,1,Deep Learning,28.49,16.85,55.92,60.56,B,6.2,40.58,51.64,68.17,13.74,Yes,Not Placed,0,Average
101573,Student_101573,Male,18,IT,4,Nashik,Middle,52.58,14,9.12,16,2,4,2,0,Apache Spark,13.0,13.72,50.0,43.9,C,4.25,18.69,41.4,23.02,3.3,Yes,Not Placed,0,Poor
101574,Student_101574,Female,24,Cyber Security,5,Nashik,Upper Middle,64.02,27,39.91,12,11,10,2,5,NLP,21.62,25.11,67.89,66.9,B,6.72,77.65,55.72,42.0,52.41,No,Not Placed,0,Average
101575,Student_101575,Male,25,CSE,6,Nashik,High,96.07,59,73.98,44,11,15,9,12,Statistics,31.18,25.61,83.35,82.13,A,8.21,91.28,69.39,89.09,90.12,No,Placed,11.18,Good
101576,Student_101576,Male,20,Cyber Security,4,Pune,Low,62.31,57,25.34,20,8,9,6,8,Apache Spark,20.89,15.01,44.16,47.76,C,4.64,60.03,50.87,50.59,51.21,Yes,Not Placed,0,Poor
101577,Student_101577,Male,21,Cyber Security,6,Pune,,54.85,19,,8,7,8,4,1,Big Data,19.47,20.88,40.12,48.58,C,5.22,38.83,50.19,56.04,21.36,Yes,Not Placed,0,Poor
101578,Student_101578,Male,25,IT,5,Mumbai,Middle,61.98,15,32.79,10,5,5,1,0,Machine Learning,23.18,17.5,66.56,62.34,B,6.49,68.89,62.24,58.21,42.18,Yes,Not Placed,0,Average
101579,Student_101579,Other,23,CSE,3,Satara,Middle,5,49,78.42,23,12,13,4,4,NLP,40,22.45,71.63,80.78,A,8.23,63.17,65.23,55.67,74.93,No,Not Placed,0,Good
101580,Student_101580,Other,18,AIML,7,Satara,Middle,89.52,42,62.96,23,10,10,6,9,Big Data,29.06,20.12,81.61,76.02,A,7.91,48.77,51.72,69.78,54.39,Yes,Placed,7.25,Good
101581,Student_101581,Other,22,IT,7,Satara,Middle,77.56,39,36.93,22,7,13,0,7,Big Data,20.86,19.25,60.21,58.59,B,5.88,48.11,56.06,50.89,55.69,No,Not Placed,0,Average
101582,Student_101582,Male,60,Cyber Security,4,Mumbai,High,76.11,50,56.76,22,10,12,4,3,Big Data,33.34,20.8,59.15,68.44,B,6.31,65.3,74.99,45.96,70.81,Yes,Not Placed,0,Average
101583,Student_101583,Male,22,AIML,3,Thane,Low,81.53,62,79.04,30,11,17,8,13,Big Data,27.38,21.48,64.54,67.12,B,6.75,60.89,43.24,94.54,57.2,No,Placed,9.8,Average
101584,Student_101584,Female,21,Data Science,6,Satara,Lower Middle,,71,76.42,34,12,17,6,11,NLP,,30,93.18,90.12,A+,8.8,72.23,48.35,73.26,67.17,Yes,Placed,5.43,Excellent
101585,Student_101585,Other,22,Cyber Security,8,Nashik,High,73.27,40,50.47,20,11,12,7,3,Big Data,28.56,25.72,48.09,62.61,B,6.45,39.57,32.94,56.55,16.2,Yes,Not Placed,0,Average
101586,Student_101586,Male,19,IT,7,Pune,,81.44,39,55.6,31,12,11,6,9,Big Data,30.66,24.34,77.01,77.73,A,7.89,62.0,42.48,,68.88,No,Not Placed,0,Good
101587,Student_101587,Male,25,Data Science,7,Satara,Upper Middle,85.39,55,60.23,32,11,15,8,11,Deep Learning,28.1,25.04,67.93,71.73,A,7.0,58.08,42.06,71.49,57.21,Yes,Placed,10.85,Good
101588,Student_101588,Female,18,CSE,1,Mumbai,High,68.23,32,14.16,7,9,7,4,1,Big Data,10.36,12.23,,39.43,C,4.01,33.4,36.13,39.89,28.26,No,Not Placed,0,Poor
101589,Student_101589,Other,19,IT,7,Pune,Upper Middle,66.29,26,23.03,23,12,8,3,4,Deep Learning,10.12,6.86,36.23,30.28,C,3.03,17.86,30.67,50.68,6.55,No,Not Placed,0,Poor
101590,Student_101590,Female,20,ECE,5,Satara,Low,,40,44.73,27,12,15,9,9,NLP,26.66,24.66,67.91,70.39,A,6.86,51.71,44.66,55.79,58.13,No,Placed,12.76,Good
101591,Student_101591,Male,19,IT,3,Pune,Lower Middle,62.6,25,17.56,14,3,8,0,2,Big Data,24.13,11.15,56.23,53.65,C,5.81,33.98,51.01,57.55,32.39,No,Not Placed,0,Poor
101592,Student_101592,Female,20,Cyber Security,5,Kolhapur,Upper Middle,60.83,27,41.98,23,8,8,4,4,NLP,12.64,17.45,34.63,38.43,C,3.82,39.41,35.95,56.64,64.43,No,Not Placed,0,Poor
101593,Student_101593,Male,18,AIML,6,Thane,Low,73.82,36,56.62,17,9,14,6,8,Statistics,19.2,15.11,64.11,56.53,B,5.77,,65.96,52.95,63.19,No,Not Placed,0,Average
101594,Student_101594,Female,24,AIML,5,Pune,High,68.96,31,40.48,15,9,10,1,2,Statistics,32.55,28.5,87.29,87.06,A+,8.93,75.8,58.05,47.21,58.54,No,Not Placed,0,Excellent
101595,Student_101595,Female,21,Data Science,3,Pune,Low,70.16,46,53.17,22,7,9,6,5,Statistics,27.86,19.63,57.03,62.5,B,6.57,75.85,35.28,58.3,55.22,No,Not Placed,0,Average
101596,Student_101596,Female,22,Data Science,5,Kolhapur,High,73.17,16,54.86,16,5,9,5,6,Big Data,,19.04,,57.78,B,5.74,56.18,49.92,59.08,47.72,No,Not Placed,0,Average
101597,Student_101597,Male,22,CSE,1,Nashik,Upper Middle,66.93,17,30.74,15,7,8,1,3,NLP,28.92,17.14,47.91,57.07,B,5.88,60.77,36.28,67.52,23.4,No,Not Placed,0,Average
101598,Student_101598,Male,25,Data Science,5,Kolhapur,Middle,64.14,29,21.72,10,5,1,1,3,Machine Learning,17.08,18.39,68.8,59.47,B,6.22,50.5,55.11,38.44,43.86,No,Not Placed,0,Average
101599,Student_101599,Male,23,AIML,3,Nagpur,Low,73.87,34,40.04,28,6,6,7,8,Deep Learning,22.26,28.15,66.07,68.5,B,7.17,57.98,52.24,63.2,32.82,No,Not Placed,0,Average
101600,Student_101600,Male,20,IT,5,Satara,Middle,49.4,3,8.69,2,3,2,0,0,Big Data,28.99,18.48,62.27,65.2,B,6.58,64.24,79.72,,53.03,Yes,Placed,11.33,Average
101601,Student_101601,Other,22,Data Science,1,Satara,Low,66.27,10,34.48,19,8,9,0,0,Big Data,25.7,24.99,59.36,65.62,B,6.83,59.33,73.42,35.87,45.74,Yes,Not Placed,0,Average
101602,Student_101602,Male,22,Cyber Security,2,,Middle,95.19,59,79.1,46,12,18,11,16,NLP,25.54,28.8,89.09,82.9,A,8.52,96.95,67.8,96.53,85.69,No,Placed,11.08,Good
101603,Student_101603,Female,19,ECE,7,Nashik,High,77.45,32,53.02,19,8,10,2,6,NLP,35.08,18.22,68.18,72.55,A,7.12,40.69,67.13,46.06,38.65,Yes,Not Placed,0,Good
101604,Student_101604,Female,25,Data Science,7,Nagpur,Middle,81.18,34,38.86,17,5,13,4,7,Deep Learning,23.94,24.42,58.19,63.32,B,6.02,37.33,34.2,46.18,36.95,No,Not Placed,0,Average
101605,Student_101605,Other,18,IT,7,Kolhapur,Middle,59.91,33,31.22,19,6,9,5,7,NLP,20.14,19.16,52.93,54.34,C,5.42,39.52,23.11,57.9,35.53,No,Not Placed,0,Poor
101606,Student_101606,Male,22,IT,6,Mumbai,Low,80.35,35,45.17,15,5,10,6,8,Machine Learning,26.93,17.55,66.91,65.35,B,6.39,45.56,44.48,43.24,40.87,No,Not Placed,0,Average
101607,Student_101607,Male,18,Data Science,4,Mumbai,Upper Middle,64.2,30,15.17,9,5,8,0,6,Statistics,40,26.08,80.99,87.88,A+,8.36,91.69,87.36,51.41,78.86,Yes,Placed,4.77,Excellent
101608,Student_101608,Other,25,CSE,4,Satara,Upper Middle,50.04,13,13.0,2,4,7,1,0,Machine Learning,15.72,17.56,39.75,43.37,C,4.03,34.02,36.04,12.11,26.37,No,Not Placed,0,Poor
101609,Student_101609,Female,21,CSE,2,Thane,High,48.34,28,5.69,10,5,8,0,0,NLP,14.09,11.46,18.99,27.7,C,2.59,11.77,37.67,47.79,24.82,Yes,Not Placed,0,Poor
101610,Student_101610,Other,25,CSE,8,Nashik,Low,68.55,20,25.42,11,6,10,3,2,Apache Spark,11.98,6.49,38.18,32.4,C,3.27,25.02,40.86,45.75,25.82,No,Not Placed,0,Poor
101611,Student_101611,Male,18,IT,7,Mumbai,Upper Middle,86.76,42,51.45,26,8,11,0,7,Machine Learning,37.5,19.01,72.83,77.21,A,7.57,63.44,62.27,56.7,44.27,No,Not Placed,0,Good
101612,Student_101612,Female,18,CSE,7,Kolhapur,Upper Middle,64.4,3,5.79,6,3,6,2,2,Machine Learning,16.13,21.66,26.93,40.0,C,4.26,40.8,57.0,31.53,37.79,No,Not Placed,0,Poor
101613,Student_101613,Female,21,IT,2,Satara,High,49.24,20,0,15,7,6,2,0,Machine Learning,11.72,6.79,34.25,30.44,C,2.92,7.11,16.74,39.17,9.4,Yes,Not Placed,0,Poor
101614,Student_101614,Female,23,ECE,3,Kolhapur,Lower Middle,56.91,30,0,,6,7,1,6,Apache Spark,11.2,20.92,45.37,45.04,C,4.57,19.57,60.48,17.86,48.07,Yes,Not Placed,0,Poor
101615,Student_101615,Other,22,ECE,7,Nashik,Lower Middle,68.46,28,29.54,12,8,11,7,4,Deep Learning,15.48,2.93,51.43,39.28,C,3.89,25.82,50.23,30.46,31.25,No,Not Placed,0,Poor
101616,Student_101616,,18,Cyber Security,7,Nagpur,Upper Middle,81.84,35,53.02,33,11,10,8,10,Apache Spark,27.31,23.01,63.06,67.35,B,6.63,46.56,52.28,70.77,66.21,Yes,Not Placed,0,Average
101617,Student_101617,Other,18,AIML,2,Pune,High,68.07,26,28.44,13,10,6,1,0,Apache Spark,22.12,17.57,54.76,55.68,B,5.59,34.88,54.6,54.88,37.0,No,Not Placed,0,Average
101618,Student_101618,Female,20,Data Science,1,Nashik,High,59.26,16,32.42,13,6,5,2,2,Machine Learning,16.2,12.87,48.27,44.86,C,4.78,41.83,45.22,32.64,40.48,Yes,Not Placed,0,Poor
101619,Student_101619,Other,22,AIML,4,Mumbai,Middle,65.18,39,76.4,23,9,10,2,5,NLP,31.7,26.96,73.56,78.52,A,7.31,,79.95,77.73,48.86,No,Not Placed,0,Good
101620,Student_101620,,22,AIML,7,Nashik,High,55.18,25,6.93,13,6,3,6,9,Apache Spark,15.67,15.4,41.67,42.85,C,4.16,26.43,,40.95,9.83,No,Not Placed,0,Poor
101621,Student_101621,Female,24,IT,7,Mumbai,Lower Middle,73.91,28,48.34,19,9,11,1,3,Apache Spark,26.3,30,71.39,75.42,A,7.46,64.66,53.23,45.97,68.6,Yes,Placed,6.74,Good
101622,Student_101622,Male,25,IT,1,Nagpur,Lower Middle,93.6,18,74.67,19,7,10,3,8,NLP,33.93,30,100,95.44,A+,9.33,100,,66.25,73.6,Yes,Placed,6.84,Excellent
101623,Student_101623,Female,20,Data Science,5,Mumbai,High,85.33,52,33.59,33,9,13,4,9,NLP,27.96,30,61.04,71.49,A,7.3,59.53,63.92,66.56,94.17,Yes,Not Placed,0,Good
101624,Student_101624,Other,21,Data Science,5,Nashik,High,73.11,27,27.71,,7,10,7,4,Machine Learning,28.7,24.68,77.39,76.67,A,7.4,80.85,72.62,29.13,65.01,No,Placed,8.42,Good
101625,Student_101625,Other,19,ECE,7,Pune,Lower Middle,56.4,7,0,12,3,4,2,1,Machine Learning,26.34,27.83,61.17,68.9,B,6.94,68.89,55.76,21.51,33.46,No,Not Placed,0,Average
101626,Student_101626,Male,21,ECE,5,Mumbai,Low,83.02,39,67.92,19,10,12,7,10,Big Data,27.41,18.5,78.12,71.95,A,7.55,42.24,41.15,81.74,58.19,No,Not Placed,0,Good
101627,Student_101627,Female,24,AIML,3,Satara,High,74.08,39,27.81,18,5,9,8,4,Deep Learning,27.41,17.54,72.56,68.53,B,6.83,63.84,61.94,46.81,65.17,No,Not Placed,0,Average
101628,Student_101628,Male,25,Data Science,1,Kolhapur,High,82.24,47,24.85,23,10,9,7,6,Apache Spark,26.76,22.79,84.19,77.36,A,7.8,,61.17,46.41,65.31,No,Placed,5.02,Good
101629,Student_101629,,19,IT,3,Nagpur,Upper Middle,80.32,42,46.64,25,9,8,7,5,Big Data,15.86,12.45,33.19,36.79,C,3.62,45.59,24.18,45.73,59.54,No,Not Placed,0,Poor
101630,Student_101630,Other,19,AIML,5,Kolhapur,,82.85,39,67.71,22,8,12,7,6,NLP,20.47,12.6,67.25,57.38,B,5.52,41.97,12.8,54.44,56.08,No,Not Placed,0,Average
101631,Student_101631,Female,18,ECE,8,Satara,Upper Middle,83.36,31,56.33,13,7,8,4,4,NLP,37.89,21.65,70.07,77.88,A,8.0,72.87,73.34,56.63,56.31,Yes,Placed,3.03,Good
101632,Student_101632,Female,21,CSE,1,Pune,,62.68,22,0,9,4,4,0,0,Statistics,12.41,1.49,35.99,28.3,C,2.75,29.38,22.38,51.16,0,Yes,Not Placed,0,Poor
101633,Student_101633,Female,23,AIML,2,Thane,Low,72.18,36,42.28,19,7,11,2,3,Apache Spark,15.48,21.8,65.24,58.76,B,5.83,45.78,62.99,48.13,57.44,Yes,Placed,4.97,Average
101634,Student_101634,Other,20,CSE,5,Nashik,High,,13,22.76,8,4,3,1,0,Deep Learning,8.24,10.04,49.44,37.59,C,3.56,60.09,64.26,49.86,19.7,Yes,Not Placed,0,Poor
101635,Student_101635,Other,25,IT,4,Kolhapur,Lower Middle,,34,37.5,21,7,9,3,3,Statistics,17.72,20.42,62.99,58.4,B,5.79,57.75,56.08,53.96,41.44,No,Not Placed,0,Average
101636,Student_101636,Other,18,ECE,4,Nagpur,Low,72.43,12,23.97,5,3,3,0,0,Deep Learning,40,30,78.5,89.25,A+,9.07,90.02,90.71,30.03,79.06,No,Placed,6.84,Excellent
101637,Student_101637,Female,22,ECE,6,Thane,Lower Middle,62.59,22,36.51,15,8,8,1,3,NLP,24.27,18.55,57.46,59.3,B,6.17,37.5,28.06,39.08,0,No,Not Placed,0,Average
101638,Student_101638,Female,20,Cyber Security,5,Kolhapur,Low,70.25,4,32.17,11,7,6,0,0,Big Data,32.72,22.02,63.54,70.99,A,7.36,88.68,72.77,30.42,59.55,No,Not Placed,0,Good
101639,Student_101639,Other,24,ECE,6,Kolhapur,High,5,55,56.1,29,9,19,9,10,Apache Spark,23.93,25.31,56.11,62.88,B,6.36,65.24,27.74,96.79,63.03,Yes,Not Placed,0,Average
101640,Student_101640,Male,18,CSE,7,Pune,Lower Middle,77.81,30,40.2,16,9,7,3,7,Apache Spark,20.26,30,64.71,67.55,B,6.98,39.04,,74.5,62.91,No,Not Placed,0,Average
101641,Student_101641,Female,25,CSE,7,Mumbai,Lower Middle,,59,24.44,23,11,14,5,7,Big Data,30.54,11.24,56.03,58.41,B,6.13,23.6,11.47,65.04,36.54,Yes,Not Placed,0,Average
101642,Student_101642,Female,20,Data Science,2,Mumbai,Lower Middle,86.81,45,38.19,22,10,12,9,8,NLP,24.31,21.33,50.97,57.93,B,6.1,41.46,32.45,74.61,41.26,No,Not Placed,0,Average
101643,Student_101643,Other,20,AIML,7,Thane,Middle,82.39,33,47.29,21,11,14,0,8,Statistics,40,22.21,65.34,77.48,A,8.01,56.87,72.33,63.4,64.63,Yes,Placed,4.69,Good
101644,Student_101644,Female,19,CSE,5,Thane,Upper Middle,,56,76.98,31,12,15,8,9,Big Data,33.17,30,87.53,88.64,A+,8.98,72.81,71.44,58.52,72.63,Yes,Placed,4.95,Excellent
101645,Student_101645,Male,19,Data Science,7,Mumbai,Low,88.07,47,76.52,27,8,13,8,10,Apache Spark,36.5,25.35,76.09,82.32,A,8.38,100,64.03,62.14,,Yes,Placed,11.24,Good
101646,Student_101646,Other,21,ECE,7,Thane,High,89.7,53,63.45,30,11,14,8,9,Statistics,24.28,21.91,64.9,65.27,B,6.3,60.88,39.61,100,49.77,No,Not Placed,0,Average
101647,Student_101647,Other,22,AIML,8,Nashik,Lower Middle,91.84,43,77.49,32,8,8,5,9,Machine Learning,39.47,29.76,84.8,91.84,A+,9.24,85.51,98.81,61.63,100,Yes,Not Placed,0,Excellent
101648,Student_101648,Female,19,IT,2,Pune,High,67.51,24,17.03,8,10,7,0,1,Statistics,13.39,15.66,58.9,49.93,C,4.77,48.51,16.58,36.66,40.38,No,Not Placed,0,Poor
101649,Student_101649,Male,21,Cyber Security,5,Mumbai,High,76.13,9,23.81,14,10,10,1,0,Big Data,36.1,26.3,95.0,92.11,A+,9.2,72.74,52.73,,51.87,No,Not Placed,0,Excellent
101650,Student_101650,Female,18,Data Science,7,Kolhapur,High,57.04,34,14.78,16,10,8,5,4,Deep Learning,3.24,12.01,29.26,25.06,C,2.57,23.11,0,56.48,0,No,Not Placed,0,Poor
101651,Student_101651,Male,22,AIML,6,Nashik,Low,55.3,0,,6,4,3,3,0,Big Data,16.41,12.9,48.08,44.94,C,4.75,38.42,38.42,22.9,39.24,No,Not Placed,0,Poor
101652,Student_101652,Female,23,Data Science,2,Kolhapur,Low,49.64,34,15.54,18,9,10,4,4,Apache Spark,8.06,0.69,22.6,17.8,C,1.95,1.1,1.8,57.44,0.18,Yes,Not Placed,0,Poor
101653,Student_101653,Other,23,CSE,1,Pune,Middle,81.61,48,52.45,31,9,12,7,8,NLP,24.84,25.57,71.08,71.21,A,6.93,61.25,,72.66,78.41,No,Not Placed,0,Good
101654,Student_101654,Other,22,ECE,8,Pune,Upper Middle,57.93,15,0,2,4,4,0,0,Apache Spark,32.8,20.83,57.33,67.15,B,6.55,66.06,75.94,50.36,35.36,No,Not Placed,0,Average
101655,Student_101655,Female,19,CSE,8,Satara,High,60.96,27,21.84,19,8,10,7,3,Deep Learning,23.47,17.37,68.0,63.18,B,6.55,39.24,62.85,42.43,42.22,No,Not Placed,0,Average
101656,Student_101656,Other,25,IT,5,Satara,Lower Middle,74.99,25,39.33,19,7,8,2,6,Machine Learning,20.99,29.73,73.92,72.52,A,6.96,63.29,69.55,49.31,40.68,No,Not Placed,0,Good
101657,Student_101657,Other,23,ECE,5,Thane,Middle,79.09,37,35.06,28,10,12,5,7,Machine Learning,22.35,21.0,69.82,65.68,B,6.76,42.86,50.26,54.68,65.1,Yes,Not Placed,0,Average
101658,Student_101658,Other,19,Data Science,5,Nagpur,Middle,71.34,23,58.21,8,5,10,6,5,Apache Spark,30.06,21.14,52.47,62.87,B,6.87,56.29,73.52,45.78,47.92,No,Not Placed,0,Average
101659,Student_101659,Male,25,ECE,2,Nashik,High,63.3,32,14.46,18,10,11,3,6,Machine Learning,10.71,12.27,46.38,39.4,C,3.87,22.11,14.5,57.9,18.95,Yes,Not Placed,0,Poor
101660,Student_101660,Male,25,Cyber Security,1,Nashik,,83.2,44,52.55,22,9,11,5,9,Machine Learning,33.23,29.3,78.15,83.53,A,8.34,83.5,51.96,64.37,92.76,Yes,Placed,8.44,Good
101661,Student_101661,Female,25,CSE,2,Pune,Upper Middle,87.98,31,66.06,19,11,14,8,9,NLP,15.33,18.93,56.35,52.29,C,5.55,44.76,26.23,53.72,64.79,Yes,Not Placed,0,Poor
101662,Student_101662,Other,60,AIML,7,Mumbai,Upper Middle,70.85,33,21.8,17,10,9,5,9,Apache Spark,5.8,8.1,45.56,32.53,C,3.44,26.56,25.17,78.0,40.63,No,Not Placed,0,Poor
101663,Student_101663,Male,25,ECE,6,Thane,Lower Middle,62.25,23,16.29,21,9,5,8,8,NLP,4.67,6.51,26.24,20.97,C,2.05,0.48,14.42,18.04,0,Yes,Not Placed,0,Poor
101664,Student_101664,Female,25,Data Science,1,Mumbai,Low,57.0,25,6.58,14,5,6,4,3,Machine Learning,17.17,18.17,37.18,43.58,C,4.4,25.04,51.59,40.03,38.12,No,Not Placed,0,Poor
101665,Student_101665,Female,25,ECE,6,Kolhapur,Upper Middle,83.27,20,49.69,25,8,7,5,7,Big Data,28.12,23.33,74.74,74.01,A,7.57,64.74,63.96,46.53,42.08,No,Not Placed,0,Good
101666,Student_101666,Other,24,ECE,1,Nagpur,Lower Middle,78.43,33,48.75,35,11,14,9,10,Big Data,33.22,28.04,98.66,92.94,A+,9.63,61.67,88.48,67.88,82.07,Yes,Not Placed,0,Excellent
101667,Student_101667,Other,20,ECE,6,Satara,Lower Middle,69.4,35,14.05,20,8,12,5,4,NLP,8.25,16.54,48.88,41.65,C,4.15,15.14,39.82,68.64,2.59,No,Not Placed,0,Poor
101668,Student_101668,Male,21,ECE,2,Satara,Lower Middle,75.04,46,41.4,,12,10,7,6,Statistics,26.63,21.91,53.51,61.34,B,5.94,53.27,45.85,59.88,68.31,No,Not Placed,0,Average
101669,Student_101669,Other,24,ECE,2,Kolhapur,Upper Middle,93.02,41,75.84,26,7,13,6,7,Big Data,,27.54,97.19,93.28,A+,9.09,85.37,97.01,58.8,70.04,No,Placed,5.31,Excellent
101670,Student_101670,Male,21,CSE,4,Nagpur,Lower Middle,92.68,51,54.57,28,11,17,9,11,Apache Spark,37.68,29.41,100,97.87,A+,9.76,87.75,60.92,54.32,,No,Placed,9.12,Excellent
101671,Student_101671,Male,22,Cyber Security,4,Thane,Upper Middle,71.91,40,63.64,25,10,10,4,5,Big Data,22.06,26.76,58.27,63.52,B,6.09,50.72,36.44,78.41,89.43,No,Not Placed,0,Average
101672,Student_101672,Male,24,AIML,5,Mumbai,Upper Middle,58.86,41,50.63,7,4,8,0,3,Apache Spark,28.18,17.75,62.26,64.1,B,6.39,60.46,70.96,,40.53,No,Not Placed,0,Average
101673,Student_101673,,24,Data Science,4,Thane,Low,58.73,10,15.01,7,4,7,4,3,Apache Spark,18.67,10.94,60.05,51.32,C,5.73,65.41,53.51,34.33,23.95,Yes,Not Placed,0,Poor
101674,Student_101674,Male,24,AIML,7,Mumbai,Middle,83.09,42,56.87,,9,12,6,5,Big Data,40,18.48,77.75,81.2,A,7.71,79.91,64.18,31.37,86.58,Yes,Placed,5.03,Good
101675,Student_101675,Male,23,AIML,2,Pune,High,73.48,42,59.37,32,9,12,7,12,Deep Learning,22.32,20.4,61.86,61.27,B,6.19,47.82,48.05,92.52,,Yes,Not Placed,0,Average
101676,Student_101676,Female,25,IT,7,Kolhapur,Middle,64.39,24,51.29,18,8,10,3,7,Big Data,16.05,18.7,39.26,44.13,C,4.18,68.55,29.47,59.13,57.03,Yes,Not Placed,0,Poor
101677,Student_101677,Female,24,IT,7,Pune,Low,86.56,52,50.49,28,9,13,7,9,Machine Learning,23.69,16.33,59.42,58.36,B,5.8,28.49,24.81,79.23,61.36,No,Not Placed,0,Average
101678,Student_101678,Other,22,CSE,7,Nagpur,Middle,80.1,56,42.57,29,11,15,5,10,Big Data,25.2,22.09,58.21,62.73,B,6.7,50.51,31.47,74.65,44.65,No,Not Placed,0,Average
101679,Student_101679,Male,25,IT,4,Pune,,79.05,62,56.83,21,10,15,8,9,Deep Learning,33.99,30,,80.03,A,7.84,66.94,37.89,56.67,60.43,Yes,Not Placed,0,Good
101680,Student_101680,Female,25,ECE,2,Nagpur,High,54.92,18,36.23,5,4,5,0,1,Machine Learning,11.24,20.44,44.87,44.49,C,3.9,51.26,58.84,39.69,38.3,No,Not Placed,0,Poor
101681,Student_101681,Female,20,Data Science,3,Nagpur,Upper Middle,56.48,6,24.21,7,6,6,0,3,Machine Learning,24.81,23.72,65.85,67.34,B,6.79,67.26,50.23,18.41,29.72,Yes,Not Placed,0,Average
101682,Student_101682,Other,22,Data Science,1,Pune,Low,73.16,41,63.59,25,6,11,6,5,NLP,40,29.91,78.85,89.37,A+,8.75,92.15,55.37,58.24,70.01,Yes,Placed,10.42,Excellent
101683,Student_101683,Female,24,ECE,4,Kolhapur,High,69.43,35,43.88,10,6,5,3,1,Machine Learning,16.96,15.83,53.93,50.24,C,5.05,48.24,24.52,44.14,29.02,Yes,Not Placed,0,Poor
101684,Student_101684,,23,IT,8,Mumbai,Lower Middle,88.97,34,57.39,26,10,13,9,10,Deep Learning,22.74,16.75,69.09,62.76,B,5.89,61.94,45.05,76.07,61.86,No,Not Placed,0,Average
101685,Student_101685,Other,20,Cyber Security,8,Nagpur,Low,59.86,4,32.64,19,8,5,1,3,Apache Spark,15.49,12.01,31.1,35.17,C,3.24,40.41,52.84,35.32,13.1,Yes,Not Placed,0,Poor
101686,Student_101686,Female,19,Data Science,5,Kolhapur,Low,98,38,83.79,31,11,14,4,5,Statistics,34.69,30,91.85,91.94,A+,9.29,92.68,86.2,77.84,81.22,Yes,Placed,13.64,Excellent
101687,Student_101687,Other,24,ECE,6,Thane,Low,72.63,51,51.87,25,9,9,3,5,Big Data,24.55,18.01,49.48,55.16,B,5.75,32.57,40.23,63.14,24.57,Yes,Not Placed,0,Average
101688,Student_101688,Other,23,AIML,1,Pune,Upper Middle,66.78,34,53.06,17,8,4,0,4,Statistics,31.77,26.99,74.55,79.1,A,8.16,90.14,73.79,48.38,77.14,Yes,Placed,6.84,Good
101689,Student_101689,Other,25,IT,5,Thane,Middle,72.72,31,36.7,25,8,7,1,6,Apache Spark,18.99,11.8,55.48,49.85,C,5.16,50.41,47.63,58.44,29.46,No,Not Placed,0,Poor
101690,Student_101690,Other,24,IT,4,Pune,Low,50.08,27,38.79,19,7,12,6,9,Apache Spark,5.19,11.02,,34.61,C,3.64,30.96,38.95,61.09,16.93,No,Not Placed,0,Poor
101691,Student_101691,Other,25,AIML,3,Nagpur,Middle,95.4,59,84.05,36,11,18,7,12,Big Data,29.27,17.26,72.97,69.94,B,7.09,68.77,45.76,72.0,68.48,Yes,Not Placed,0,Average
101692,Student_101692,Male,23,AIML,2,Mumbai,High,76.74,45,60.73,18,11,9,5,5,Big Data,32.44,23.87,57.34,68.91,B,7.12,64.98,47.25,58.73,40.22,Yes,Placed,13.42,Average
101693,Student_101693,Male,19,AIML,8,,Middle,86.69,24,58.59,18,9,7,3,7,Apache Spark,30.07,14.5,68.54,66.49,B,6.7,41.49,53.23,46.5,27.03,No,Not Placed,0,Average
101694,Student_101694,Female,23,IT,1,Pune,Upper Middle,65.31,25,9.29,16,5,7,1,2,NLP,25.95,5.71,47.8,47.17,C,4.46,25.38,24.47,24.05,21.65,Yes,Not Placed,0,Poor
101695,Student_101695,Other,23,AIML,7,,Upper Middle,,11,16.51,22,7,8,5,4,NLP,9.0,12.41,36.75,33.39,C,2.98,32.49,26.83,49.72,51.16,No,Not Placed,0,Poor
101696,Student_101696,Female,18,CSE,7,Mumbai,Middle,85.73,42,56.0,22,11,16,7,8,Deep Learning,25.62,17.8,65.2,63.68,B,6.42,40.1,26.85,92.02,50.8,Yes,Not Placed,0,Average
101697,Student_101697,Male,25,IT,8,Nashik,Lower Middle,67.14,36,,17,7,10,3,3,Apache Spark,31.84,25.76,68.22,75.16,A,7.28,56.91,53.09,55.72,71.87,No,Not Placed,0,Good
101698,Student_101698,Other,20,AIML,6,Nagpur,Lower Middle,89.76,57,62.7,35,7,15,8,10,Statistics,20.15,16.18,60.28,56.04,B,5.76,41.87,30.31,74.21,42.9,No,Not Placed,0,Average
101699,Student_101699,Other,23,Data Science,1,Mumbai,Lower Middle,70.69,28,40.89,15,8,3,3,6,Apache Spark,11.47,9.74,41.53,35.86,C,3.68,31.41,49.99,51.81,41.21,No,Not Placed,0,Poor
101700,Student_101700,Other,19,ECE,8,Mumbai,Upper Middle,71.89,41,61.33,17,5,12,6,8,Statistics,23.92,27.43,59.11,65.78,B,5.92,62.31,47.1,56.46,19.53,No,Not Placed,0,Average
101701,Student_101701,Male,18,AIML,3,Kolhapur,Upper Middle,73.88,43,47.5,21,10,13,5,3,Big Data,27.27,15.93,53.23,57.69,B,6.0,63.16,54.1,38.79,37.3,No,Not Placed,0,Average
101702,Student_101702,Female,23,AIML,6,Thane,High,77.13,36,42.33,30,9,12,4,6,Big Data,27.61,20.57,64.44,66.64,B,7.15,57.29,47.47,67.58,43.07,No,Not Placed,0,Average
101703,Student_101703,Other,18,Data Science,4,Satara,Low,65.05,28,34.04,23,9,11,4,8,Machine Learning,18.11,10.22,28.38,34.59,C,3.59,39.85,39.44,59.48,24.54,No,Not Placed,0,Poor
101704,Student_101704,Other,25,Cyber Security,6,Nashik,Lower Middle,49.27,6,6.39,8,5,4,1,4,Big Data,17.77,17.28,41.8,45.75,C,3.84,36.52,37.04,48.12,23.25,No,Not Placed,0,Poor
101705,Student_101705,Other,22,CSE,2,Pune,Middle,65.61,40,35.84,18,7,8,3,2,Machine Learning,14.33,17.21,51.07,47.76,C,4.45,51.31,63.92,46.04,26.72,No,Not Placed,0,Poor
101706,Student_101706,Male,25,AIML,6,Thane,Low,90.01,62,60.03,26,12,15,6,9,Machine Learning,25.42,18.91,60.67,62.01,B,6.61,36.89,52.42,86.44,67.16,No,Not Placed,0,Average
101707,Student_101707,Male,18,Data Science,4,Kolhapur,Low,70.54,35,14.92,20,7,11,4,8,Deep Learning,18.5,18.37,47.49,49.87,C,5.03,52.63,46.58,70.33,62.85,Yes,Not Placed,0,Poor
101708,Student_101708,Other,24,CSE,3,Satara,Middle,58.89,9,8.98,,5,7,2,0,Deep Learning,14.24,7.87,,36.45,C,3.95,28.16,48.46,30.16,12.97,No,Not Placed,0,Poor
101709,Student_101709,Female,21,CSE,6,Kolhapur,Upper Middle,65.5,44,81.33,24,7,12,6,7,NLP,40,27.17,91.26,93.75,A+,9.45,81.16,74.36,69.22,57.12,Yes,Placed,7.55,Excellent
101710,Student_101710,Female,18,ECE,3,Nagpur,Lower Middle,71.49,20,40.39,17,7,9,2,4,Statistics,27.55,22.44,69.59,70.41,A,6.97,50.11,68.16,41.92,43.91,Yes,Not Placed,0,Good
101711,Student_101711,Male,19,Data Science,6,Pune,Upper Middle,66.51,23,36.08,14,3,6,1,0,NLP,28.31,23.3,67.56,70.54,A,7.02,60.77,76.7,17.48,45.07,No,Not Placed,0,Good
101712,Student_101712,Male,21,Data Science,8,Pune,High,71.5,47,33.62,24,8,15,10,8,Machine Learning,24.07,15.32,51.86,54.19,C,5.09,47.98,59.02,57.26,57.75,No,Not Placed,0,Poor
101713,Student_101713,Female,21,ECE,4,Satara,Middle,80.97,24,67.11,30,8,8,7,4,Deep Learning,38.69,21.58,76.87,81.84,A,8.4,77.71,63.9,64.51,82.64,Yes,Not Placed,0,Good
101714,Student_101714,Female,22,Cyber Security,3,Mumbai,Middle,72.07,41,16.41,14,8,6,5,4,Statistics,25.64,11.45,54.55,54.13,C,5.51,62.17,67.81,56.81,48.15,No,Not Placed,0,Poor
101715,Student_101715,Female,24,Cyber Security,3,Nagpur,,71.05,22,48.79,13,7,10,0,0,Machine Learning,26.11,12.65,43.58,49.81,C,5.11,47.74,69.83,61.53,40.17,No,Not Placed,0,Poor
101716,Student_101716,Male,21,AIML,2,Pune,Lower Middle,67.83,60,53.1,18,10,11,4,6,Apache Spark,23.09,18.58,65.37,62.39,B,6.15,71.85,,53.48,60.61,No,Placed,7.11,Average
101717,Student_101717,Male,18,Data Science,5,Satara,Upper Middle,79.08,24,56.17,18,7,10,3,6,Deep Learning,39.87,26.06,87.73,91.14,A+,9.56,,53.2,59.19,62.17,Yes,Placed,4.1,Excellent
101718,Student_101718,Female,24,Cyber Security,7,Pune,Lower Middle,68.44,44,73.88,26,10,13,3,7,NLP,35.24,20.22,69.11,74.47,A,7.42,51.69,44.1,95.05,85.13,No,Not Placed,0,Good
101719,Student_101719,Female,19,Data Science,6,Nashik,Lower Middle,61.89,18,0,6,8,3,5,2,NLP,20.66,21.28,33.41,46.39,C,4.86,39.06,48.7,31.72,27.22,No,Not Placed,0,Poor
101720,Student_101720,Other,24,CSE,8,Satara,Upper Middle,76.64,41,48.52,16,9,10,3,5,NLP,21.08,11.96,39.23,43.4,C,4.29,35.86,17.44,60.15,24.45,No,Not Placed,0,Poor
101721,Student_101721,Male,25,Cyber Security,4,Mumbai,High,71.02,37,27.42,22,8,13,3,2,Machine Learning,22.3,11.3,59.37,53.95,C,4.84,41.17,42.68,30.85,47.43,No,Not Placed,0,Poor
101722,Student_101722,Male,18,ECE,8,Thane,Upper Middle,64.21,25,0,15,8,7,4,2,Big Data,6.79,2.19,18.54,15.82,C,1.52,0,8.09,50.84,0,Yes,Not Placed,0,Poor
101723,Student_101723,Male,19,CSE,1,,Lower Middle,84.58,49,49.84,25,12,13,5,9,Statistics,22.96,13.42,63.49,57.91,B,5.79,62.2,59.08,72.15,47.75,Yes,Placed,8.38,Average
101724,Student_101724,Male,19,ECE,5,Kolhapur,Low,81.05,72,68.25,32,11,14,7,13,Machine Learning,38.31,22.96,,89.43,A+,8.73,100,81.83,77.55,90.02,No,Placed,7.01,Excellent
101725,Student_101725,Other,25,AIML,3,Mumbai,High,71.21,48,72.0,27,12,15,5,10,Apache Spark,27.62,28.03,79.2,79.0,A,7.5,51.62,52.49,73.85,58.54,No,Not Placed,0,Good
101726,Student_101726,Male,22,IT,6,Thane,Middle,78.77,35,33.14,19,7,6,5,5,Big Data,9.51,14.98,39.78,37.0,C,4.38,19.94,38.28,54.27,31.72,No,Not Placed,0,Poor
101727,Student_101727,Female,24,ECE,1,Pune,Low,72.54,34,52.81,19,8,6,3,5,Deep Learning,38.15,29.33,76.87,86.6,A+,8.28,94.07,61.78,26.86,53.19,Yes,Placed,6.85,Excellent
101728,Student_101728,Other,18,Cyber Security,2,Nashik,Low,56.79,38,21.29,20,9,7,4,7,Apache Spark,22.21,23.27,52.57,58.46,B,5.77,45.37,56.93,48.24,52.3,Yes,Not Placed,0,Average
101729,Student_101729,Female,19,AIML,8,Mumbai,Middle,83.02,31,52.9,23,6,7,6,7,Big Data,40,30,98.55,99.28,A+,9.97,81.77,92.81,50.75,80.82,Yes,Placed,13.68,Excellent
101730,Student_101730,Other,18,ECE,4,Nagpur,High,74.83,28,23.58,19,7,7,5,6,Deep Learning,22.12,13.01,52.01,51.26,C,5.27,52.27,23.31,73.93,37.31,No,Not Placed,0,Poor
101731,Student_101731,Male,18,Data Science,3,Satara,High,66.6,24,65.25,12,5,8,2,2,Apache Spark,33.12,26.0,83.53,83.93,A,7.9,66.31,81.16,46.51,54.85,Yes,Not Placed,0,Good
101732,Student_101732,Female,20,IT,4,Kolhapur,Upper Middle,67.37,39,44.39,17,8,9,8,4,Apache Spark,28.14,13.21,48.92,54.38,C,5.14,40.02,44.97,45.13,53.03,Yes,Not Placed,0,Poor
101733,Student_101733,Male,19,CSE,8,Satara,Low,83.4,57,85.58,29,8,11,7,7,Machine Learning,37.69,28.81,79.38,87.17,A+,8.29,70.75,66.26,49.63,88.73,Yes,Not Placed,0,Excellent
101734,Student_101734,Male,22,Cyber Security,7,Nagpur,Upper Middle,93.88,67,48.0,38,12,19,10,13,Deep Learning,23.48,15.94,57.78,57.12,B,5.79,65.94,47.49,87.99,,Yes,Placed,13.01,Average
101735,Student_101735,Male,23,Cyber Security,1,Mumbai,Lower Middle,,36,39.13,22,7,11,6,4,Statistics,27.77,20.62,33.08,51.12,C,5.27,40.64,38.04,52.51,52.52,No,Not Placed,0,Poor
101736,Student_101736,Other,24,ECE,4,Kolhapur,Low,73.12,40,33.09,20,10,14,4,11,Deep Learning,27.2,19.39,71.46,69.06,B,7.22,67.16,55.32,62.13,58.47,No,Not Placed,0,Average
101737,Student_101737,Female,20,IT,4,Thane,Upper Middle,,23,40.46,13,7,11,4,3,Machine Learning,25.87,24.28,80.18,75.68,A,7.08,78.56,49.1,38.85,50.94,No,Not Placed,0,Good
101738,Student_101738,Male,21,Data Science,4,Mumbai,Low,81.84,34,38.37,19,9,10,8,5,Machine Learning,27.25,17.69,58.1,61.28,B,6.13,30.2,43.27,48.8,53.55,Yes,Not Placed,0,Average
101739,Student_101739,Other,20,Data Science,7,Nashik,Low,65.64,13,22.84,8,6,8,3,2,NLP,17.28,10.85,49.27,44.83,C,3.93,29.25,41.07,32.86,15.82,No,Not Placed,0,Poor
101740,Student_101740,Other,20,AIML,2,Mumbai,High,69.97,41,29.18,26,9,7,5,4,Deep Learning,16.49,17.61,39.15,43.68,C,4.16,27.9,25.13,41.06,28.22,No,Not Placed,0,Poor
101741,Student_101741,Female,23,CSE,3,Kolhapur,Upper Middle,78.11,28,30.89,20,5,10,0,9,Apache Spark,32.29,28.19,66.26,76.14,A,8.05,75.41,48.52,57.15,81.15,No,Placed,7.52,Good
101742,Student_101742,Other,21,Data Science,3,Pune,Low,60.99,29,2.85,11,6,7,1,0,NLP,26.15,14.77,53.51,56.22,B,5.9,40.83,56.32,55.42,44.29,No,Not Placed,0,Average
101743,Student_101743,Other,24,CSE,7,Satara,High,39.4,22,13.69,18,5,5,2,0,Apache Spark,7.03,0,10.6,10.57,C,1.24,22.75,23.38,59.84,2.54,No,Not Placed,0,Poor
101744,Student_101744,Other,18,ECE,2,Mumbai,Low,80.46,37,66.52,23,9,11,8,9,NLP,27.3,30,74.89,77.92,A,7.6,64.65,77.07,,48.95,No,Placed,6.87,Good
101745,Student_101745,Female,23,Data Science,2,Pune,Lower Middle,84.04,49,71.39,31,12,14,11,9,Big Data,39.4,26.19,89.01,91.51,A+,9.27,93.2,36.89,65.67,76.02,Yes,Placed,4.55,Excellent
101746,Student_101746,Other,20,AIML,6,Kolhapur,Low,70.62,13,34.95,9,3,4,0,0,Statistics,31.22,30,,76.5,A,7.9,77.85,64.78,57.61,36.19,No,Not Placed,0,Good
101747,Student_101747,Male,24,Data Science,4,Satara,Middle,51.97,20,22.43,11,8,9,0,4,Deep Learning,16.08,18.03,53.48,50.81,C,4.89,38.08,45.33,61.86,33.42,No,Not Placed,0,Poor
101748,Student_101748,Female,23,AIML,6,Satara,Upper Middle,92.05,60,62.39,33,9,17,10,12,NLP,,25.51,77.21,77.95,A,7.55,60.32,57.95,95.06,60.9,Yes,Not Placed,0,Good
101749,Student_101749,Female,24,ECE,6,Kolhapur,Low,67.96,42,62.78,29,11,14,4,10,Deep Learning,35.75,22.68,71.0,77.43,A,7.7,75.44,55.95,68.88,54.23,No,Placed,4.59,Good
101750,Student_101750,Male,25,ECE,2,Nagpur,Lower Middle,77.17,34,58.52,25,7,8,5,4,Deep Learning,27.61,19.22,78.56,72.8,A,7.23,61.63,35.27,56.62,57.41,No,Not Placed,0,Good
101751,Student_101751,Male,22,Data Science,3,Pune,Upper Middle,84.54,48,21.79,10,7,9,7,3,NLP,28.02,17.3,78.29,71.7,A,7.15,34.39,41.33,41.78,56.51,No,Not Placed,0,Good
101752,Student_101752,Other,21,AIML,6,Mumbai,High,78.39,43,61.15,17,9,8,3,10,Big Data,34.69,26.86,98.07,92.96,A+,9.32,96.2,92.0,59.77,100,No,Not Placed,0,Excellent
101753,Student_101753,Male,25,Data Science,8,Nagpur,,79.04,41,60.79,28,8,12,5,7,Big Data,37.06,23.03,87.74,87.01,A+,9.06,65.74,62.4,57.31,45.32,Yes,Placed,8.19,Excellent
101754,Student_101754,Female,21,Cyber Security,2,Pune,High,,22,13.97,17,6,6,4,3,NLP,16.24,13.42,27.38,34.82,C,3.54,11.52,44.16,33.74,18.26,No,Not Placed,0,Poor
101755,Student_101755,Female,23,IT,1,Pune,Low,66.12,14,20.51,12,7,4,3,5,Machine Learning,18.69,19.39,,55.25,B,4.99,33.66,43.62,32.67,46.18,No,Not Placed,0,Average
101756,Student_101756,Female,24,Cyber Security,7,Pune,Low,93.69,43,101.24,38,10,15,7,9,Statistics,35.86,22.12,96.83,90.06,A+,9.32,85.58,70.33,66.53,100,Yes,Placed,5.7,Excellent
101757,Student_101757,Female,20,Cyber Security,1,Nashik,Low,76.71,48,41.67,23,10,13,4,4,Deep Learning,21.38,19.1,53.13,55.34,B,5.05,58.93,40.13,60.14,71.58,No,Not Placed,0,Average
101758,Student_101758,Other,25,IT,8,Pune,Lower Middle,67.23,28,41.93,15,5,9,0,5,Apache Spark,32.24,11.97,86.43,75.38,A,7.97,68.41,67.27,60.43,53.97,No,Not Placed,0,Good
101759,Student_101759,Other,24,ECE,1,Pune,Low,79.24,32,51.68,28,11,13,3,10,Big Data,24.78,8.75,62.99,55.92,B,5.47,53.03,13.54,60.48,46.65,No,Not Placed,0,Average
101760,Student_101760,Male,18,Data Science,6,Thane,Lower Middle,70.37,53,38.12,22,8,14,6,9,Deep Learning,8.53,13.33,62.53,46.55,C,4.81,24.14,9.38,73.87,50.9,Yes,Not Placed,0,Poor
101761,Student_101761,Other,19,Data Science,1,Mumbai,Upper Middle,71.69,34,42.25,9,6,8,0,4,Apache Spark,25.92,20.98,53.32,60.08,B,5.8,40.74,59.22,23.62,63.7,No,Not Placed,0,Average
101762,Student_101762,Other,19,AIML,3,Mumbai,Lower Middle,68.75,20,27.51,14,8,9,2,2,Statistics,26.42,22.23,63.83,66.55,B,6.59,71.76,58.08,61.16,44.39,No,Not Placed,0,Average
101763,Student_101763,Other,23,CSE,3,Mumbai,Middle,73.23,46,75.21,25,8,14,6,6,Deep Learning,31.7,26.41,63.88,73.32,A,7.07,61.49,42.22,86.41,,No,Placed,6.73,Good
101764,Student_101764,Female,22,Cyber Security,8,Pune,Upper Middle,82.47,25,4.79,18,10,11,4,6,Big Data,13.56,10.96,56.09,45.52,C,4.66,36.64,33.27,56.38,39.02,No,Not Placed,0,Poor
101765,Student_101765,Female,19,AIML,3,Nagpur,Upper Middle,73.71,28,49.21,21,7,8,2,4,Statistics,17.9,14.93,59.04,52.9,C,5.65,49.83,53.39,61.09,28.81,No,Not Placed,0,Poor
101766,Student_101766,Female,19,CSE,4,Nagpur,Upper Middle,61.08,14,34.67,13,6,6,1,5,NLP,19.48,18.53,63.38,58.65,B,5.7,38.7,49.53,,29.91,No,Not Placed,0,Average
101767,Student_101767,Male,22,IT,1,Kolhapur,High,62.45,27,22.76,28,6,14,7,9,Apache Spark,7.67,10.16,26.78,25.92,C,3.22,8.73,25.26,40.71,,No,Not Placed,0,Poor
101768,Student_101768,Other,21,Cyber Security,3,Pune,Low,63.89,26,20.85,15,6,5,2,0,Statistics,23.02,26.74,44.53,57.36,B,5.56,51.59,50.91,40.44,38.15,No,Not Placed,0,Average
101769,Student_101769,Other,24,IT,4,Pune,Low,68.91,32,4.37,13,3,6,3,2,NLP,10.69,18.19,44.76,42.53,C,4.23,52.46,52.25,45.39,32.35,No,Not Placed,0,Poor
101770,Student_101770,Male,23,AIML,8,Nagpur,Upper Middle,63.17,21,55.8,22,8,8,0,8,NLP,23.36,25.42,59.88,64.41,B,6.19,65.92,78.55,81.25,71.98,Yes,Placed,8.2,Average
101771,Student_101771,Male,24,ECE,8,Nagpur,Low,63.2,17,,12,4,8,0,3,NLP,33.8,30,56.71,73.71,A,7.63,79.95,94.12,28.77,44.63,Yes,Placed,13.3,Good
101772,Student_101772,Male,23,Cyber Security,6,Nashik,Middle,59.39,26,9.46,14,4,6,0,0,Apache Spark,18.24,7.72,22.0,29.83,C,3.16,0,21.77,35.6,7.67,Yes,Not Placed,0,Poor
101773,Student_101773,Other,20,AIML,2,,Middle,67.59,28,0,6,5,9,1,2,NLP,11.44,12.32,49.34,41.46,C,4.22,26.21,27.63,42.63,6.48,No,Not Placed,0,Poor
101774,Student_101774,Other,24,CSE,5,Kolhapur,Middle,61.22,13,,13,5,5,0,2,NLP,22.67,14.0,59.06,55.87,B,5.64,36.84,51.18,39.85,,No,Not Placed,0,Average
101775,Student_101775,Other,19,ECE,5,Pune,High,65.95,30,38.46,21,11,15,6,7,Big Data,19.28,11.92,34.4,39.61,C,3.71,33.5,27.47,49.22,28.63,No,Not Placed,0,Poor
101776,Student_101776,Other,20,CSE,4,Nagpur,Lower Middle,77.9,37,51.65,31,7,11,4,7,Deep Learning,25.52,21.18,71.98,69.25,B,7.08,63.28,75.25,58.89,28.99,No,Not Placed,0,Average
101777,Student_101777,Female,18,AIML,5,Mumbai,High,76.49,20,29.47,10,7,6,2,4,Machine Learning,23.5,25.92,48.73,59.27,B,5.76,62.36,61.83,,54.23,Yes,Placed,11.66,Average
101778,Student_101778,Male,24,AIML,3,Satara,Low,77.15,26,55.81,20,10,10,6,3,Deep Learning,25.18,24.73,72.7,71.72,A,7.45,53.62,58.57,,64.8,Yes,Placed,3.03,Good
101779,Student_101779,Female,23,CSE,8,Nashik,Middle,77.63,32,49.5,22,9,9,6,9,Big Data,27.82,19.75,70.79,69.43,B,6.98,59.98,45.5,51.73,68.84,Yes,Placed,3.86,Average
101780,Student_101780,Male,20,CSE,7,Mumbai,Lower Middle,73.7,28,53.78,23,12,12,7,7,Big Data,26.46,24.68,71.59,72.1,A,7.17,58.04,,62.0,82.71,Yes,Placed,7.05,Good
101781,Student_101781,Female,21,CSE,5,Nagpur,Upper Middle,61.11,29,22.46,25,7,10,1,3,Machine Learning,5.36,15.36,44.57,36.55,C,3.35,,41.56,64.05,29.21,Yes,Not Placed,0,Poor
101782,Student_101782,Female,19,AIML,4,Nashik,High,77.84,44,27.4,24,8,10,5,9,Apache Spark,12.99,10.64,55.76,44.71,C,4.42,40.37,33.41,46.11,40.48,No,Not Placed,0,Poor
101783,Student_101783,Male,19,CSE,7,Satara,High,66.31,27,27.35,14,8,12,1,4,NLP,21.52,7.19,49.67,45.77,C,4.64,47.58,32.61,47.88,14.64,Yes,Not Placed,0,Poor
101784,Student_101784,Male,22,AIML,1,Pune,Upper Middle,70.5,23,39.37,8,6,7,1,0,Statistics,19.43,27.88,64.49,65.4,B,6.27,58.52,42.71,48.09,38.78,No,Not Placed,0,Average
101785,Student_101785,Other,22,Cyber Security,5,Nagpur,Lower Middle,59.67,12,27.61,16,4,0,3,4,NLP,40,26.52,87.54,91.45,A+,9.41,77.56,83.83,23.21,62.58,Yes,Not Placed,0,Excellent
101786,Student_101786,Other,22,CSE,5,Nagpur,Upper Middle,,23,49.24,21,9,10,2,6,Statistics,23.91,16.55,56.77,57.35,B,5.73,60.74,47.53,19.18,57.52,No,Not Placed,0,Average
101787,Student_101787,,24,AIML,8,Nashik,High,98,40,52.04,23,8,14,5,7,Apache Spark,37.36,24.93,69.49,79.38,A,8.42,,62.96,69.46,57.92,No,Placed,3.43,Good
101788,Student_101788,Other,19,Data Science,4,Thane,Lower Middle,67.24,35,11.42,13,7,9,5,8,Statistics,24.1,16.36,60.35,59.16,B,6.13,26.06,48.96,63.03,51.05,No,Not Placed,0,Average
101789,Student_101789,Female,24,Cyber Security,7,Pune,Middle,89.31,46,66.12,23,6,9,7,6,Apache Spark,24.33,26.83,64.92,68.59,B,6.46,69.49,58.09,72.92,64.93,No,Not Placed,0,Average
101790,Student_101790,Other,25,IT,1,Nagpur,High,89.36,42,57.16,20,9,9,7,9,Apache Spark,37.03,27.24,77.07,84.47,A,8.54,78.69,81.31,57.11,43.54,No,Not Placed,0,Good
101791,Student_101791,Other,22,CSE,1,Pune,Low,87.26,43,79.87,33,10,10,7,10,Deep Learning,36.99,23.47,61.25,74.01,A,7.29,72.34,73.94,57.74,57.4,Yes,Placed,5.91,Good
101792,Student_101792,Female,24,Data Science,4,Kolhapur,Low,63.92,35,12.18,12,4,8,0,3,Apache Spark,8.81,7.59,35.07,29.21,C,2.92,14.09,19.55,58.31,22.07,No,Not Placed,0,Poor
101793,Student_101793,Female,22,Data Science,1,Pune,Lower Middle,71.48,39,49.47,25,6,11,4,7,Statistics,39.57,18.63,81.15,82.67,A,7.86,55.98,77.17,,45.79,No,Placed,9.42,Good
101794,Student_101794,Male,21,IT,2,Mumbai,High,77.75,37,61.69,36,11,13,8,10,Statistics,23.13,25.44,65.78,67.2,B,6.69,53.92,26.99,66.63,61.5,No,Not Placed,0,Average
101795,Student_101795,Female,18,AIML,5,Mumbai,Middle,73.21,45,25.5,19,8,11,4,6,Machine Learning,18.74,21.41,59.88,58.27,B,5.71,31.32,32.52,47.45,23.36,No,Not Placed,0,Average
101796,Student_101796,,24,ECE,1,Thane,Middle,87.19,68,,25,10,16,6,8,Statistics,20.43,17.46,69.11,61.51,B,5.9,48.58,25.53,75.93,53.44,Yes,Not Placed,0,Average
101797,Student_101797,Female,25,Cyber Security,3,Nagpur,Low,67.96,18,26.24,7,4,6,1,3,Machine Learning,28.16,19.45,59.93,64.05,B,6.51,65.58,54.33,25.31,38.9,No,Not Placed,0,Average
101798,Student_101798,Male,21,CSE,6,Nashik,,85.97,45,77.87,25,10,17,5,8,Statistics,36.0,20.36,75.37,78.25,A,8.08,42.38,37.22,67.79,74.34,No,Not Placed,0,Good
101799,Student_101799,Other,24,Cyber Security,5,Mumbai,Lower Middle,56.52,19,15.47,8,6,7,2,5,Deep Learning,18.53,7.04,39.35,38.27,C,3.53,29.94,45.0,37.04,11.69,No,Not Placed,0,Poor
101800,Student_101800,Female,24,ECE,6,Nagpur,Middle,86.17,66,48.56,28,12,17,9,12,Big Data,22.36,16.26,60.88,58.05,B,6.15,25.87,43.67,75.29,37.84,No,Not Placed,0,Average
101801,Student_101801,Female,19,Data Science,3,Mumbai,Middle,65.35,34,33.81,10,6,10,0,5,Deep Learning,36.47,30,78.6,86.65,A+,8.63,95.24,70.51,40.31,72.58,No,Placed,10.33,Excellent
101802,Student_101802,Female,19,AIML,4,Satara,Low,62.02,42,44.73,23,12,8,3,7,NLP,11.75,17.12,52.38,46.42,C,4.48,29.05,36.73,56.82,32.21,Yes,Not Placed,0,Poor
101803,Student_101803,Male,22,IT,5,Pune,High,76.27,36,420,21,6,7,0,7,NLP,13.7,23.99,59.92,56.23,B,5.62,59.76,49.08,63.36,25.77,No,Not Placed,0,Average
101804,Student_101804,Female,25,AIML,6,Nagpur,Middle,80.93,47,57.28,26,12,11,6,6,Machine Learning,15.69,14.38,,46.71,C,4.45,49.08,51.54,82.07,33.88,Yes,Not Placed,0,Poor
101805,Student_101805,Other,19,ECE,1,Satara,Upper Middle,79.4,36,25.7,26,10,9,9,6,NLP,5.48,19.28,55.85,44.89,C,4.16,26.22,55.37,57.09,28.52,No,Not Placed,0,Poor
101806,Student_101806,Male,21,Data Science,6,Nagpur,High,72.57,27,21.46,12,8,8,4,2,Machine Learning,23.26,22.12,74.31,69.34,B,6.68,60.94,75.96,58.4,42.78,No,Not Placed,0,Average
101807,Student_101807,Other,22,Cyber Security,1,,Low,77.81,31,44.17,22,6,12,2,7,NLP,20.05,15.97,28.88,40.12,C,4.56,45.88,32.84,49.65,47.92,No,Not Placed,0,Poor
101808,Student_101808,Male,21,AIML,2,Kolhapur,Upper Middle,56.7,8,0,6,3,5,3,1,NLP,19.26,16.25,57.28,53.92,C,5.49,58.51,61.99,53.9,38.78,Yes,Not Placed,0,Poor
101809,Student_101809,Male,22,Data Science,4,Nagpur,Middle,82.14,50,49.39,17,11,9,5,7,Deep Learning,24.58,21.9,66.35,66.2,B,6.9,55.37,59.16,68.29,32.66,No,Not Placed,0,Average
101810,Student_101810,Male,25,CSE,4,Mumbai,Upper Middle,71.55,27,40.75,8,5,7,4,0,Machine Learning,28.03,27.62,94.73,86.8,A+,8.6,55.73,67.81,33.43,60.73,Yes,Placed,8.07,Excellent
101811,Student_101811,Other,20,CSE,4,Mumbai,Lower Middle,65.19,36,46.78,18,6,6,3,6,Machine Learning,26.71,19.01,43.34,54.37,C,5.4,58.57,54.67,51.45,44.17,Yes,Not Placed,0,Poor
101812,Student_101812,Male,25,ECE,6,Thane,Low,69.23,22,35.05,16,7,11,6,7,Machine Learning,28.66,19.66,55.34,62.28,B,6.28,55.91,43.49,43.87,50.51,No,Not Placed,0,Average
101813,Student_101813,Female,22,Data Science,6,Nagpur,Middle,69.28,28,47.03,12,8,4,2,5,Statistics,22.61,12.47,56.86,53.7,C,5.46,47.89,41.41,52.42,40.69,No,Not Placed,0,Poor
101814,Student_101814,Female,19,Cyber Security,6,Kolhapur,Upper Middle,62.56,34,35.12,15,9,15,4,5,Deep Learning,19.37,16.72,37.09,44.22,C,4.28,25.11,34.16,42.68,8.64,No,Not Placed,0,Poor
101815,Student_101815,Other,18,CSE,5,Satara,High,78.09,26,52.1,24,8,13,4,5,Statistics,24.36,14.65,56.61,56.35,B,5.21,20.14,42.18,49.17,46.9,No,Not Placed,0,Average
101816,Student_101816,Female,19,Data Science,1,Nashik,Middle,77.41,24,64.67,22,9,7,3,3,Apache Spark,37.22,28.82,72.7,83.48,A,8.09,82.43,79.52,61.13,45.66,Yes,Not Placed,0,Good
101817,Student_101817,Female,21,ECE,3,Thane,Upper Middle,90.05,52,41.8,26,10,18,8,11,Big Data,30.14,24.08,77.62,77.47,A,7.26,55.01,42.87,79.08,57.62,No,Not Placed,0,Good
101818,Student_101818,Female,22,Data Science,8,Satara,Lower Middle,80.01,38,45.88,19,10,12,1,6,Big Data,25.17,12.95,89.53,72.28,A,6.89,66.23,77.93,52.76,50.77,No,Not Placed,0,Good
101819,Student_101819,Other,18,CSE,4,Nagpur,Low,68.83,30,17.43,18,9,9,5,7,Apache Spark,8.79,6.29,37.72,29.64,C,3.31,0,14.13,46.2,23.67,No,Not Placed,0,Poor
101820,Student_101820,Other,25,Data Science,6,Satara,Upper Middle,85.71,63,60.23,28,10,12,7,11,Deep Learning,36.02,18.69,83.22,81.09,A,8.31,62.71,47.43,74.84,56.79,No,Placed,12.58,Good
101821,Student_101821,Male,23,AIML,1,Mumbai,Lower Middle,74.5,32,23.93,25,6,13,5,7,NLP,28.46,19.48,54.86,61.76,B,6.32,39.3,56.93,43.81,15.85,No,Not Placed,0,Average
101822,Student_101822,Male,18,Cyber Security,2,Kolhapur,Middle,71.13,35,36.19,26,8,11,4,6,NLP,34.74,15.93,76.82,75.08,A,7.41,41.22,45.71,51.54,,No,Not Placed,0,Good
101823,Student_101823,Other,18,CSE,1,Nashik,Middle,83.33,39,88.64,29,9,16,9,7,Deep Learning,29.53,24.03,74.97,75.65,A,7.28,63.76,71.92,74.38,48.26,No,Not Placed,0,Good
101824,Student_101824,Other,21,ECE,5,Pune,Upper Middle,79.46,34,46.29,20,9,11,2,7,Machine Learning,18.28,24.25,61.36,60.56,B,5.33,50.89,56.61,64.66,70.41,Yes,Not Placed,0,Average
101825,Student_101825,Female,19,ECE,1,Satara,Middle,72.84,16,57.53,23,7,7,2,2,Statistics,35.86,30,77.15,85.47,A+,8.35,92.55,83.81,41.29,98.33,No,Placed,13.42,Excellent
101826,Student_101826,Other,25,Cyber Security,5,Satara,Middle,65.71,33,28.32,28,6,8,7,10,Machine Learning,23.94,22.57,64.87,65.44,B,6.45,51.01,28.7,51.73,66.36,No,Not Placed,0,Average
101827,Student_101827,Other,25,AIML,8,Satara,Low,75.01,24,48.56,17,7,14,0,4,Apache Spark,29.53,20.39,55.3,63.39,B,6.37,69.74,56.64,32.53,75.7,No,Not Placed,0,Average
101828,Student_101828,Female,22,ECE,7,Nagpur,Middle,55.97,0,14.12,0,5,4,0,0,NLP,25.95,15.61,61.1,60.42,B,6.0,41.92,72.27,24.46,53.04,No,Not Placed,0,Average
101829,Student_101829,Other,24,CSE,6,Satara,Lower Middle,54.37,34,2.51,22,7,7,1,4,Big Data,7.03,12.65,42.92,35.17,C,3.35,3.24,28.49,52.02,36.44,Yes,Not Placed,0,Poor
101830,Student_101830,Female,25,ECE,2,Mumbai,Middle,5,29,35.63,21,9,7,1,7,Machine Learning,31.85,26.39,75.53,79.25,A,8.02,72.53,83.53,42.56,,Yes,Placed,4.88,Good
101831,Student_101831,Male,18,Cyber Security,7,Thane,Lower Middle,65.17,28,20.47,17,8,9,5,6,Big Data,3.95,11.81,34.64,28.16,C,2.63,33.77,29.42,50.2,24.26,No,Not Placed,0,Poor
101832,Student_101832,Male,19,IT,5,Thane,Middle,80.58,39,72.67,31,11,10,8,9,Big Data,33.08,25.37,75.46,79.45,A,7.76,67.51,57.88,86.62,66.72,Yes,Placed,6.63,Good
101833,Student_101833,Male,25,AIML,6,Mumbai,High,72.65,36,18.53,17,4,10,2,7,Deep Learning,23.09,7.11,32.94,38.53,C,3.83,13.46,32.66,53.91,26.5,Yes,Not Placed,0,Poor
101834,Student_101834,Female,20,CSE,8,Kolhapur,Middle,62.09,18,19.46,5,5,6,2,2,Statistics,21.8,13.9,67.95,59.59,B,5.94,67.76,42.0,22.1,59.99,No,Not Placed,0,Average
101835,Student_101835,Female,19,Cyber Security,7,Nashik,Upper Middle,84.05,65,91.26,27,12,10,9,10,Statistics,40,30,85.31,92.65,A+,9.38,73.55,84.05,62.19,90.69,No,Placed,7.38,Excellent
101836,Student_101836,Male,23,Cyber Security,3,Satara,Low,66.93,19,0,10,1,4,0,0,Deep Learning,19.93,5.93,56.64,47.22,C,4.91,44.67,54.19,26.79,0,Yes,Not Placed,0,Poor
101837,Student_101837,Female,20,Data Science,1,Thane,Low,69.46,31,33.48,19,8,9,3,3,Machine Learning,34.07,17.25,57.74,65.92,B,6.28,49.74,59.43,33.63,59.5,Yes,Not Placed,0,Average
101838,Student_101838,Female,19,Data Science,2,Mumbai,,98,61,99.72,41,12,18,9,13,NLP,40,30,94.27,97.14,A+,9.49,94.9,80.18,74.83,95.01,Yes,Placed,4.61,Excellent
101839,Student_101839,Female,22,Cyber Security,1,Mumbai,Upper Middle,88.55,44,69.27,34,10,14,9,11,Statistics,29.69,30,82.34,83.44,A,8.56,72.0,56.05,53.58,84.97,No,Placed,3.78,Good
101840,Student_101840,Other,20,IT,7,Thane,Upper Middle,56.25,18,7.98,13,6,7,3,4,Statistics,18.0,15.25,60.13,53.73,C,5.39,16.39,61.11,32.51,38.68,No,Not Placed,0,Poor
101841,Student_101841,Male,21,AIML,2,Satara,Lower Middle,76.13,24,42.53,24,8,7,0,6,Big Data,23.96,16.71,61.24,59.74,B,6.13,57.06,56.38,56.84,58.02,No,Not Placed,0,Average
101842,Student_101842,Male,21,IT,4,Mumbai,High,68.26,57,,18,6,9,3,6,Machine Learning,17.04,21.23,55.92,54.9,C,5.33,68.0,41.56,54.48,25.9,No,Not Placed,0,Poor
101843,Student_101843,Male,24,Cyber Security,3,Thane,Low,72.72,53,37.52,20,9,11,5,7,NLP,19.73,12.72,41.32,43.94,C,4.16,32.43,44.0,36.94,53.72,No,Not Placed,0,Poor
101844,Student_101844,Female,23,ECE,6,Satara,Middle,64.6,34,28.93,15,8,8,3,6,Apache Spark,20.22,20.16,54.87,56.04,B,5.95,24.68,47.06,48.07,49.47,No,Not Placed,0,Average
101845,Student_101845,Other,24,Data Science,7,Thane,Low,90.49,54,50.54,28,11,12,7,12,Deep Learning,21.83,13.09,42.71,46.46,C,4.93,26.43,17.62,57.65,35.1,No,Not Placed,0,Poor
101846,Student_101846,Male,25,Cyber Security,1,Mumbai,Middle,80.18,39,64.24,28,12,13,5,8,Machine Learning,17.63,16.33,61.6,54.91,C,5.92,47.39,28.6,69.14,59.76,No,Not Placed,0,Poor
101847,Student_101847,Male,20,Data Science,5,Nagpur,Upper Middle,64.74,25,14.87,3,6,4,0,2,Statistics,24.78,17.1,51.86,55.91,B,5.62,43.79,30.78,36.04,33.12,Yes,Not Placed,0,Average
101848,Student_101848,Other,21,Data Science,1,Pune,High,,19,29.45,5,6,3,2,4,Deep Learning,27.32,21.86,53.9,62.01,B,6.08,46.25,46.14,29.33,51.81,No,Not Placed,0,Average
101849,Student_101849,Other,21,IT,3,Mumbai,High,96.77,44,63.9,30,8,15,8,11,Deep Learning,26.23,23.69,60.37,65.65,B,6.22,50.77,69.73,71.04,47.78,Yes,Not Placed,0,Average
101850,Student_101850,Other,20,Cyber Security,6,Pune,High,72.96,14,22.86,18,7,4,3,3,Machine Learning,10.6,18.75,53.05,46.97,C,4.86,31.59,24.17,15.32,22.59,Yes,Not Placed,0,Poor
101851,Student_101851,Female,20,Cyber Security,3,Mumbai,Lower Middle,66.79,29,18.4,22,9,7,3,3,Statistics,19.57,14.39,60.4,54.47,C,5.8,40.49,41.12,57.23,22.56,Yes,Not Placed,0,Poor
101852,Student_101852,Male,21,CSE,7,Mumbai,Lower Middle,75.88,49,36.21,26,10,14,2,11,Apache Spark,20.86,18.09,67.46,61.43,B,5.85,47.04,,50.13,25.78,No,Not Placed,0,Average
101853,Student_101853,Male,23,CSE,1,Thane,Middle,65.3,24,26.72,15,8,10,3,3,Statistics,15.58,11.29,37.67,38.05,C,4.05,22.27,44.12,44.56,27.82,No,Not Placed,0,Poor
101854,Student_101854,Other,22,Data Science,7,Nagpur,Middle,84.73,45,46.56,20,9,9,3,2,NLP,31.06,19.95,75.06,74.13,A,7.1,85.92,62.33,67.07,79.41,No,Placed,10.77,Good
101855,Student_101855,Male,25,ECE,2,,High,76.75,43,35.05,35,9,13,8,11,Big Data,8.98,12.38,45.06,37.52,C,4.08,32.79,24.17,60.24,30.42,No,Not Placed,35,Poor
101856,Student_101856,Female,21,CSE,4,Thane,Middle,51.79,8,2.86,6,7,9,3,5,NLP,4.48,5.47,28.1,21.05,C,2.02,20.95,27.47,34.33,22.43,No,Not Placed,0,Poor
101857,Student_101857,Other,18,Data Science,5,Nagpur,Low,72.31,28,20.77,17,7,10,7,5,Big Data,20.63,21.91,68.7,64.43,B,6.71,64.18,,44.28,28.0,No,Not Placed,0,Average
101858,Student_101858,Male,24,Data Science,4,Satara,Middle,67.08,21,18.09,19,5,8,1,4,Statistics,17.31,23.6,62.31,59.87,B,6.31,40.4,,51.1,32.19,No,Not Placed,0,Average
101859,Student_101859,Other,21,Cyber Security,4,Nashik,Low,80.49,44,77.02,23,9,9,4,6,Deep Learning,40,30,93.45,96.73,A+,9.15,97.74,100,63.26,95.68,No,Placed,3.73,Excellent
101860,Student_101860,Male,21,CSE,4,Nashik,Upper Middle,61.56,42,35.62,8,6,8,3,2,Machine Learning,16.79,16.96,63.17,55.49,B,5.41,38.74,,46.46,49.47,No,Not Placed,0,Average
101861,Student_101861,Male,19,ECE,8,Kolhapur,High,78.77,35,29.13,16,7,10,3,5,Deep Learning,9.84,12.62,60.26,45.92,C,4.71,12.12,32.04,51.74,31.57,No,Not Placed,0,Poor
101862,Student_101862,Male,23,AIML,7,Nashik,Lower Middle,84.74,41,66.58,22,12,9,3,9,Machine Learning,27.81,30,80.51,81.11,A,8.53,65.83,74.36,72.4,54.9,Yes,Placed,3.0,Good
101863,Student_101863,Male,23,Cyber Security,8,Satara,,86.66,50,86.45,37,11,14,10,12,Deep Learning,35.24,27.09,91.43,90.21,A+,8.65,100,73.86,73.54,66.63,Yes,Placed,12.49,Excellent
101864,Student_101864,Other,19,ECE,7,Nashik,Middle,78.68,31,65.58,20,7,10,9,8,NLP,38.47,25.53,80.57,86.16,A+,8.66,91.78,61.73,56.73,89.88,Yes,Placed,5.2,Excellent
101865,Student_101865,Female,18,ECE,4,Thane,Lower Middle,87.19,49,37.3,31,9,13,5,10,Big Data,23.65,27.32,83.14,77.52,A,7.85,61.97,45.75,73.59,60.89,Yes,Not Placed,0,Good
101866,Student_101866,Female,19,Cyber Security,6,Pune,High,76.64,30,18.74,21,7,8,3,7,Statistics,20.22,15.15,21.39,35.96,C,3.7,29.0,34.08,73.7,34.39,No,Not Placed,0,Poor
101867,Student_101867,Female,24,AIML,4,Mumbai,,90.75,57,60.77,33,12,7,9,12,Big Data,34.11,26.91,71.46,79.26,A,8.25,64.95,49.94,35.86,74.05,No,Not Placed,0,Good
101868,Student_101868,Male,25,IT,4,Nagpur,Middle,71.68,27,0,19,7,5,5,5,Big Data,29.97,18.42,55.07,62.29,B,5.69,51.71,61.09,42.63,67.39,No,Not Placed,0,Average
101869,Student_101869,Male,22,CSE,4,Satara,Middle,60.35,29,17.73,8,7,10,6,5,Apache Spark,26.08,21.84,74.64,71.44,A,6.94,49.13,59.1,51.57,56.66,No,Not Placed,0,Good
101870,Student_101870,Other,21,AIML,8,Nagpur,Lower Middle,65.74,25,9.87,9,4,3,4,1,Apache Spark,15.16,7.34,26.44,29.49,C,2.91,22.11,20.21,15.72,41.15,Yes,Not Placed,0,Poor
101871,Student_101871,Other,22,Data Science,5,Kolhapur,Upper Middle,125,37,55.07,14,7,11,0,8,Deep Learning,31.89,21.75,50.4,63.61,B,6.23,64.43,,61.61,,Yes,Not Placed,0,Average
101872,Student_101872,Female,23,IT,4,Thane,Middle,72.49,31,27.16,21,9,11,4,6,Big Data,22.37,22.3,74.33,68.81,B,7.14,60.84,47.6,50.37,36.92,No,Not Placed,0,Average
101873,Student_101873,Female,21,Cyber Security,8,Thane,Middle,71.71,41,47.33,21,8,12,1,7,Statistics,30.37,20.9,55.4,64.41,B,7.04,73.52,75.42,40.12,70.06,No,Placed,13.05,Average
101874,Student_101874,Other,21,Data Science,5,Satara,Upper Middle,76.92,49,39.03,23,10,9,3,5,Machine Learning,12.68,21.93,46.5,47.38,C,4.77,52.27,43.08,84.15,36.7,No,Not Placed,0,Poor
101875,Student_101875,Other,22,Cyber Security,8,Mumbai,Lower Middle,69.05,27,36.5,11,6,5,2,3,Apache Spark,25.84,17.47,52.6,57.32,B,5.79,58.5,48.27,39.0,43.69,No,Not Placed,0,Average
101876,Student_101876,Female,25,ECE,5,Nagpur,Low,71.83,23,420,18,6,10,5,7,Big Data,33.86,30,83.75,87.27,A+,8.78,96.43,89.54,30.09,84.82,Yes,Not Placed,0,Excellent
101877,Student_101877,Male,23,Cyber Security,6,Mumbai,Low,63.54,12,9.96,18,5,10,3,3,Big Data,19.28,12.76,48.88,47.4,C,4.46,53.28,29.08,37.82,51.15,No,Not Placed,0,Poor
101878,Student_101878,Female,21,Cyber Security,6,Nagpur,Lower Middle,85.6,52,87.94,26,10,12,9,10,Big Data,40,30,83.96,91.98,A+,9.3,100,76.97,62.13,77.99,Yes,Placed,6.43,Excellent
101879,Student_101879,Other,22,IT,2,Nagpur,Middle,125,15,8.64,15,6,5,0,3,NLP,19.33,7.82,52.71,46.07,C,4.97,27.14,33.99,46.26,8.7,No,Not Placed,0,Poor
101880,Student_101880,Female,25,Cyber Security,6,Mumbai,Middle,63.87,22,11.08,16,4,8,0,1,Statistics,21.74,16.97,56.35,55.79,B,5.44,58.29,32.34,60.3,10.22,No,Not Placed,0,Average
101881,Student_101881,Female,20,Data Science,6,Pune,Low,93.74,53,51.86,25,9,10,4,7,Apache Spark,40,30,,100.0,A+,10,78.79,77.63,50.73,88.29,No,Placed,12.56,Excellent
101882,Student_101882,Male,19,CSE,3,Mumbai,Middle,,37,44.36,20,10,14,6,7,Big Data,31.95,28.13,89.41,87.42,A+,8.88,97.34,48.52,35.95,79.52,Yes,Placed,4.54,Excellent
101883,Student_101883,Female,21,CSE,1,Pune,Upper Middle,56.35,28,0,11,4,6,2,1,Deep Learning,7.59,9.16,49.91,36.75,C,3.22,2.39,16.74,35.64,5.03,No,Not Placed,0,Poor
101884,Student_101884,Male,20,CSE,8,Kolhapur,Lower Middle,64.96,28,23.13,8,4,11,6,6,Big Data,10.23,12.79,57.66,45.03,C,4.94,32.45,56.28,43.26,19.9,Yes,Not Placed,0,Poor
101885,Student_101885,Male,22,Data Science,5,Satara,Middle,76.81,20,78.44,17,8,9,2,5,Deep Learning,32.32,23.39,65.75,72.7,A,7.91,72.62,85.62,60.35,61.61,No,Not Placed,0,Good
101886,Student_101886,Male,22,AIML,5,Pune,High,49.44,18,23.69,,7,7,0,5,Machine Learning,15.5,18.74,31.65,39.94,C,3.82,33.76,24.28,31.96,35.5,No,Not Placed,0,Poor
101887,Student_101887,Female,25,CSE,2,Satara,Upper Middle,60.05,11,18.82,5,7,8,4,4,NLP,19.6,16.31,,55.45,B,5.67,28.42,47.17,36.09,9.88,No,Not Placed,0,Average
101888,Student_101888,Other,25,CSE,4,Nashik,High,97.93,68,67.69,32,12,15,6,12,Machine Learning,30.11,24.39,67.62,72.65,A,7.3,86.36,36.26,65.06,85.86,No,Not Placed,0,Good
101889,Student_101889,Other,20,AIML,3,Pune,Upper Middle,67.11,35,41.5,24,6,8,3,7,NLP,30.46,27.97,77.28,80.14,A,7.97,80.33,73.49,54.57,70.56,Yes,Placed,8.67,Good
101890,Student_101890,Female,20,CSE,4,Thane,Lower Middle,71.02,5,49.87,24,7,10,5,4,NLP,18.55,20.0,58.81,56.65,B,5.92,49.84,41.77,44.79,57.1,No,Not Placed,0,Average
101891,Student_101891,Female,21,AIML,6,Pune,Lower Middle,63.91,39,22.5,29,8,9,9,6,Statistics,10.31,4.76,18.89,20.35,C,2.08,3.47,20.14,46.52,33.84,Yes,Not Placed,0,Poor
101892,Student_101892,Other,18,Cyber Security,7,Thane,High,87.29,59,94.9,35,12,14,10,10,Statistics,29.98,27.96,67.13,74.69,A,7.66,92.74,,91.13,93.58,Yes,Placed,3.03,Good
101893,Student_101893,Female,19,CSE,3,Kolhapur,High,67.76,19,29.12,18,9,9,2,7,Apache Spark,33.84,30,57.19,73.98,A,7.17,57.11,29.78,41.04,80.86,No,Not Placed,0,Good
101894,Student_101894,Male,20,Cyber Security,1,Satara,Low,76.62,45,41.32,18,9,8,1,5,Machine Learning,22.94,19.17,67.74,63.86,B,6.36,63.97,53.19,39.78,36.08,No,Not Placed,0,Average
101895,Student_101895,Other,19,Cyber Security,2,Nashik,Middle,62.16,37,22.22,20,6,6,6,2,Apache Spark,16.84,12.04,,51.52,C,5.43,35.36,37.04,38.28,56.25,No,Not Placed,0,Poor
101896,Student_101896,Male,22,Data Science,2,Pune,High,70.6,43,19.32,20,8,6,4,7,Apache Spark,23.0,5.61,51.98,46.98,C,5.14,28.79,,38.96,37.69,No,Not Placed,0,Poor
101897,Student_101897,Male,21,IT,7,Nashik,High,71.42,33,43.68,19,9,9,6,5,Machine Learning,24.12,7.27,33.01,39.44,C,4.29,44.77,36.92,43.31,37.6,No,Not Placed,0,Poor
101898,Student_101898,Male,19,ECE,4,,Middle,76.2,36,58.93,19,11,15,5,4,NLP,28.42,21.15,59.86,65.35,B,6.46,73.33,45.51,66.86,58.34,No,Not Placed,0,Average
101899,Student_101899,Other,25,AIML,5,Kolhapur,Upper Middle,73.52,15,40.59,19,9,7,4,5,Apache Spark,26.35,15.58,52.94,56.62,B,5.24,46.56,60.12,38.31,35.7,No,Not Placed,0,Average
101900,Student_101900,Other,18,CSE,2,Kolhapur,Low,73.41,57,64.29,26,12,15,7,10,NLP,18.07,12.78,40.71,42.42,C,4.12,43.62,0,54.61,61.27,Yes,Not Placed,0,Poor
101901,Student_101901,Female,25,AIML,8,Thane,Low,73.51,42,49.66,19,8,8,6,7,Machine Learning,20.76,22.12,70.59,65.61,B,6.49,71.41,50.97,60.48,43.62,No,Not Placed,0,Average
101902,Student_101902,Other,18,IT,7,Nashik,Upper Middle,87.09,61,92.1,30,12,15,9,15,Deep Learning,31.36,27.15,86.04,84.64,A,8.44,67.19,55.7,83.04,81.79,Yes,Placed,13.2,Good
101903,Student_101903,Female,24,AIML,2,Nagpur,Middle,80.46,47,71.84,32,10,14,5,10,Machine Learning,22.42,20.0,44.71,52.5,C,5.41,32.77,31.76,56.19,38.83,No,Not Placed,0,Poor
101904,Student_101904,Male,18,CSE,8,Mumbai,Low,88.22,47,83.14,34,12,17,6,15,Deep Learning,,9.8,54.83,47.72,C,4.9,45.23,33.26,63.76,59.3,No,Not Placed,0,Poor
101905,Student_101905,Other,19,ECE,6,Nashik,Lower Middle,69.73,43,47.08,17,12,9,6,5,Machine Learning,32.27,23.78,98.94,89.52,A+,8.75,80.61,100,66.45,61.9,No,Placed,10.35,Excellent
101906,Student_101906,,23,IT,7,Mumbai,High,77.76,38,89.24,25,10,11,5,5,Machine Learning,40,30,97.55,98.78,A+,9.95,76.74,80.96,62.0,91.03,No,Placed,3.9,Excellent
101907,Student_101907,Female,21,Data Science,3,Satara,Lower Middle,85.69,65,27.39,30,10,15,3,11,Machine Learning,29.51,15.26,,63.06,B,6.32,46.15,48.71,46.57,39.13,No,Not Placed,0,Average
101908,Student_101908,Other,18,Cyber Security,6,Pune,,60.28,17,4.87,15,7,1,2,0,Apache Spark,21.63,11.11,32.31,39.78,C,3.85,36.5,47.6,45.07,36.17,No,Not Placed,0,Poor
101909,Student_101909,Other,19,IT,5,Satara,Middle,72.5,33,46.49,13,7,9,3,4,Statistics,20.83,21.72,68.0,64.11,B,6.35,70.3,74.53,57.63,78.01,No,Placed,10.18,Average
101910,Student_101910,Other,21,ECE,8,Mumbai,Low,66.59,59,24.93,21,10,12,4,10,NLP,25.5,16.64,,67.32,B,6.93,49.22,52.32,43.35,57.14,Yes,Not Placed,0,Average
101911,Student_101911,Male,18,IT,1,Nagpur,High,53.28,0,3.61,10,3,2,0,0,NLP,19.01,16.8,51.03,50.97,C,5.33,45.83,60.57,4.12,20.1,No,Not Placed,0,Poor
101912,Student_101912,Other,20,AIML,5,Satara,Upper Middle,74.91,26,18.55,22,6,9,6,7,Deep Learning,12.43,26.27,34.84,44.26,C,4.3,40.64,39.89,69.65,47.05,No,Not Placed,0,Poor
101913,Student_101913,Female,23,CSE,6,Pune,High,57.29,11,500,10,3,10,1,1,Apache Spark,15.59,10.46,56.55,46.94,C,4.94,29.38,46.64,32.04,25.08,No,Not Placed,0,Poor
101914,Student_101914,Other,22,AIML,6,Mumbai,Middle,79.92,68,57.68,35,8,10,7,6,Machine Learning,27.08,22.62,59.34,65.06,B,6.44,62.77,62.59,54.36,74.22,Yes,Not Placed,0,Average
101915,Student_101915,Male,20,IT,2,Pune,Middle,74.93,31,47.02,18,4,7,6,6,Apache Spark,40,29.51,81.59,90.47,A+,9.12,91.42,67.5,54.02,77.79,Yes,Placed,10.02,Excellent
101916,Student_101916,Male,21,AIML,2,Satara,Middle,67.27,26,18.63,16,9,6,0,3,Big Data,24.86,17.55,69.61,65.15,B,6.78,49.87,63.66,52.53,42.96,No,Not Placed,0,Average
101917,Student_101917,Other,23,Cyber Security,2,Nashik,Upper Middle,70.82,3,6.4,6,3,8,0,3,NLP,10.29,21.42,57.39,50.69,C,5.05,40.52,52.94,25.65,19.75,No,Not Placed,0,Poor
101918,Student_101918,Male,20,Data Science,2,Kolhapur,Upper Middle,72.38,25,30.56,21,8,10,5,3,Deep Learning,21.87,29.4,74.57,73.28,A,7.41,50.18,48.64,44.67,53.22,No,Not Placed,0,Good
101919,Student_101919,Female,20,CSE,5,Kolhapur,Lower Middle,77.8,45,,26,11,11,6,9,Statistics,27.6,22.3,82.17,76.65,A,7.59,76.92,70.37,68.08,78.61,No,Placed,4.91,Good
101920,Student_101920,Other,23,Cyber Security,2,Nashik,High,91.71,54,86.77,33,12,16,6,13,Big Data,32.9,30,72.22,80.79,A,7.85,100,66.45,89.17,88.22,Yes,Placed,13.3,Good
101921,Student_101921,Female,19,IT,4,Nagpur,Upper Middle,57.86,13,29.76,9,6,4,5,3,NLP,18.36,14.04,45.42,45.84,C,4.28,,57.42,59.85,26.55,No,Not Placed,0,Poor
101922,Student_101922,Male,18,AIML,8,Mumbai,Lower Middle,59.12,24,38.13,15,6,7,2,3,Apache Spark,20.91,17.18,49.96,52.12,C,5.37,36.68,62.84,43.38,,No,Not Placed,0,Poor
101923,Student_101923,Male,19,Cyber Security,5,Kolhapur,Middle,64.34,27,42.46,14,5,3,1,8,Big Data,23.81,27.65,61.86,67.23,B,6.65,53.62,63.38,57.05,20.69,No,Not Placed,0,Average
101924,Student_101924,Other,23,Data Science,2,Kolhapur,Upper Middle,72.54,40,44.47,21,9,8,3,8,Statistics,16.29,16.78,36.96,41.88,C,4.41,48.16,34.62,39.28,35.49,No,Not Placed,0,Poor
101925,Student_101925,Male,18,Data Science,4,Pune,Lower Middle,64.27,21,28.21,13,5,6,1,4,Deep Learning,29.66,20.09,66.37,68.82,B,6.41,79.95,65.05,60.17,44.69,No,Not Placed,0,Average
101926,Student_101926,Male,24,ECE,4,Pune,,81.51,30,46.12,21,8,10,5,7,Deep Learning,32.9,22.71,57.44,68.54,B,6.28,66.78,53.64,49.2,55.54,Yes,Not Placed,0,Average
101927,Student_101927,Male,18,CSE,2,Nashik,High,94.3,45,56.3,18,8,12,7,4,NLP,23.72,21.39,60.04,62.06,B,6.27,95.47,54.27,58.51,60.39,No,Not Placed,0,Average
101928,Student_101928,Female,25,IT,6,Mumbai,Upper Middle,74.86,49,54.33,19,6,8,8,7,Apache Spark,25.79,9.02,71.53,61.12,B,6.01,49.04,48.52,51.57,50.74,No,Not Placed,0,Average
101929,Student_101929,Other,21,IT,6,Kolhapur,Middle,73.11,35,57.75,26,10,13,6,5,Apache Spark,21.81,20.96,52.26,56.46,B,5.47,,50.38,59.0,,No,Not Placed,0,Average
101930,Student_101930,Female,19,Cyber Security,3,Nagpur,Upper Middle,91.19,40,54.55,29,8,14,6,7,Deep Learning,21.17,7.27,46.45,43.95,C,4.18,38.53,34.69,78.58,19.99,No,Not Placed,0,Poor
101931,Student_101931,Female,21,AIML,7,Kolhapur,Middle,65.94,30,25.46,21,6,3,4,4,Statistics,7.26,10.15,38.61,31.52,C,2.83,34.42,40.81,39.28,28.18,No,Not Placed,0,Poor
101932,Student_101932,Other,19,CSE,1,Mumbai,High,71.96,26,55.56,23,7,9,5,8,Apache Spark,37.1,20.28,91.36,87.02,A+,9.13,66.94,59.96,47.82,60.0,No,Not Placed,0,Excellent
101933,Student_101933,Female,25,AIML,7,Satara,Middle,60.31,13,0,,5,4,0,0,NLP,13.9,7.36,31.92,31.3,C,3.48,10.78,34.45,23.11,21.02,No,Not Placed,0,Poor
101934,Student_101934,Female,23,AIML,8,Kolhapur,Low,56.47,15,28.16,11,6,8,1,0,Apache Spark,21.41,16.73,60.22,57.32,B,5.51,53.93,55.72,61.28,25.18,No,Not Placed,0,Average
101935,Student_101935,Male,24,IT,2,Nagpur,High,49.62,10,0,0,4,0,0,0,Machine Learning,2.53,4.62,30.76,20.36,C,1.24,39.16,7.54,21.93,0,No,Not Placed,0,Poor
101936,Student_101936,Female,23,IT,5,Nashik,Upper Middle,53.98,19,16.06,3,2,4,3,0,Deep Learning,22.46,15.09,46.11,49.97,C,5.08,51.29,61.08,13.82,25.62,No,Not Placed,0,Poor
101937,Student_101937,Female,20,Data Science,7,Satara,Lower Middle,65.59,27,9.5,21,6,6,5,5,Machine Learning,17.74,12.61,42.07,42.74,C,4.04,26.11,41.87,73.18,12.65,Yes,Not Placed,0,Poor
101938,Student_101938,Male,18,CSE,2,Pune,Middle,64.88,28,36.74,24,9,8,8,7,Big Data,20.53,9.89,46.93,45.45,C,4.14,42.94,19.81,49.23,42.74,No,Not Placed,0,Poor
101939,Student_101939,Male,24,CSE,5,Satara,Low,89.23,59,68.25,39,12,16,5,13,Statistics,34.5,22.95,72.15,77.25,A,7.45,40.87,48.31,96.77,85.18,No,Not Placed,0,Good
101940,Student_101940,Other,18,CSE,1,Mumbai,Upper Middle,58.45,31,13.32,9,7,5,0,2,Apache Spark,18.45,12.8,44.47,44.61,C,4.61,33.54,62.03,43.35,24.73,No,Not Placed,0,Poor
101941,Student_101941,Female,18,ECE,5,Pune,Low,87.25,54,32.51,33,10,17,7,11,Deep Learning,27.92,18.52,63.01,64.79,B,6.22,29.63,20.44,76.88,44.5,No,Not Placed,0,Average
101942,Student_101942,Male,20,IT,1,Pune,Lower Middle,81.88,32,43.71,17,9,13,9,8,Deep Learning,17.99,19.91,47.63,50.58,C,5.35,24.0,17.21,74.53,,No,Not Placed,0,Poor
101943,Student_101943,Other,23,Cyber Security,7,Pune,Middle,68.46,45,66.75,16,7,8,6,5,Big Data,38.07,30,88.94,93.03,A+,9.57,83.79,87.36,69.27,79.49,No,Not Placed,0,Excellent
101944,Student_101944,Female,22,IT,2,Satara,High,62.85,44,19.44,15,8,6,4,1,NLP,19.09,17.55,63.75,57.89,B,5.55,48.57,48.48,65.99,38.85,No,Not Placed,0,Average
101945,Student_101945,Other,18,Cyber Security,2,Pune,High,67.08,46,48.23,27,6,14,5,5,Statistics,40,26.14,78.42,86.64,A+,8.57,62.75,67.78,79.92,69.24,No,Placed,6.04,Excellent
101946,Student_101946,Other,25,ECE,3,Nashik,Low,76.5,55,57.7,25,11,10,7,9,NLP,24.02,20.49,67.63,65.49,B,6.59,54.33,53.94,74.72,62.17,No,Not Placed,0,Average
101947,Student_101947,Female,20,IT,1,Satara,Middle,76.43,45,66.6,25,6,14,4,8,Big Data,35.38,27.15,66.54,77.91,A,8.26,79.2,64.49,75.8,85.21,Yes,Placed,12.06,Good
101948,Student_101948,Female,19,Data Science,2,Nashik,Low,85.13,48,47.43,30,12,12,4,9,Statistics,39.14,21.53,81.47,84.44,A,8.63,67.12,51.79,56.79,100,No,Placed,9.25,Good
101949,Student_101949,Other,19,Data Science,8,Pune,Lower Middle,77.47,23,17.29,18,9,10,5,1,Statistics,22.09,14.09,,53.21,C,5.44,33.89,32.16,27.5,62.69,No,Not Placed,0,Poor
101950,Student_101950,Female,24,Cyber Security,7,Thane,,72.55,37,59.09,6,3,5,4,6,Apache Spark,22.21,22.69,59.66,61.62,B,6.45,,79.43,42.59,61.3,Yes,Placed,13.11,Average
101951,Student_101951,Male,24,AIML,2,Mumbai,Lower Middle,74.46,39,53.27,27,10,12,3,10,Deep Learning,24.0,27.52,58.74,65.72,B,6.76,40.63,54.84,48.43,39.52,No,Not Placed,0,Average
101952,Student_101952,Male,22,Data Science,2,Satara,Middle,76.38,51,48.62,28,12,17,8,9,Apache Spark,25.53,14.45,55.91,56.73,B,5.74,30.09,49.95,72.62,43.02,No,Not Placed,0,Average
101953,Student_101953,Other,21,AIML,7,Pune,Lower Middle,77.41,47,42.24,24,5,12,4,9,NLP,22.7,9.37,53.38,49.96,C,5.14,29.22,49.17,71.1,28.3,No,Not Placed,0,Poor
101954,Student_101954,Female,18,Cyber Security,8,Satara,Low,73.93,31,31.68,15,8,11,5,8,Deep Learning,10.75,15.86,38.24,37.76,C,3.7,38.92,26.07,49.73,53.85,No,Not Placed,0,Poor
101955,Student_101955,Female,24,Data Science,8,Thane,High,54.94,10,13.92,15,6,6,0,0,Statistics,25.19,17.95,64.77,63.24,B,6.46,37.09,57.97,23.14,55.01,No,Not Placed,0,Average
101956,Student_101956,Other,18,Cyber Security,4,Nagpur,Upper Middle,89.58,59,40.1,34,9,11,7,7,Deep Learning,19.07,16.99,64.66,57.96,B,6.01,47.76,63.19,78.56,53.82,No,Not Placed,0,Average
101957,Student_101957,Other,20,AIML,2,Mumbai,Upper Middle,80.34,52,47.18,23,8,13,7,8,Machine Learning,14.28,19.49,50.82,49.11,C,5.54,28.58,27.34,58.91,28.72,Yes,Not Placed,0,Poor
101958,Student_101958,Male,21,AIML,8,Pune,Lower Middle,72.04,46,49.16,23,8,12,4,8,Machine Learning,19.88,23.18,62.32,61.52,B,6.0,54.6,40.16,57.97,18.5,Yes,Not Placed,0,Average
101959,Student_101959,Male,18,Cyber Security,5,Nagpur,Low,83.71,36,35.88,19,7,12,6,4,Deep Learning,30.17,18.29,82.06,75.85,A,7.34,80.71,74.35,67.76,83.75,No,Placed,6.03,Good
101960,Student_101960,Other,25,Cyber Security,4,Nashik,High,78.77,34,47.76,,6,7,2,3,Statistics,18.96,26.67,56.74,60.37,B,5.8,40.48,71.13,34.32,,No,Not Placed,0,Average
101961,Student_101961,Other,20,Data Science,8,Kolhapur,Middle,89.59,70,66.72,43,10,19,10,12,Big Data,25.17,18.21,68.55,65.3,B,6.8,60.38,16.22,84.2,44.76,No,Not Placed,0,Average
101962,Student_101962,Other,21,ECE,8,Kolhapur,Lower Middle,83.45,42,44.07,24,9,13,7,9,Deep Learning,24.9,21.16,49.7,57.63,B,5.95,36.56,13.24,32.77,51.76,No,Not Placed,0,Average
101963,Student_101963,Other,25,Cyber Security,6,Nagpur,Middle,75.09,18,27.98,23,8,8,4,4,Deep Learning,25.75,25.0,43.84,57.9,B,6.14,36.79,73.5,40.23,29.08,No,Not Placed,0,Average
101964,Student_101964,Female,22,CSE,7,Thane,Lower Middle,69.36,12,32.44,6,3,6,0,6,Big Data,23.34,15.26,56.36,55.86,B,5.88,39.32,36.64,60.27,32.16,No,Not Placed,0,Average
101965,Student_101965,Male,19,CSE,7,Mumbai,Upper Middle,70.94,42,,19,9,9,9,9,Deep Learning,31.03,23.72,68.3,73.23,A,7.42,67.58,66.0,44.84,53.08,Yes,Placed,6.2,Good
101966,Student_101966,Female,19,AIML,6,Nashik,Middle,72.38,19,30.23,19,8,10,4,6,Deep Learning,32.93,24.16,77.86,79.73,A,7.97,78.4,55.33,,58.9,Yes,Placed,11.51,Good
101967,Student_101967,Male,18,CSE,5,Nashik,Middle,76.87,44,73.19,30,9,14,6,10,Big Data,36.93,24.05,70.3,78.88,A,8.03,60.68,68.23,55.24,75.06,No,Placed,6.76,Good
101968,Student_101968,Female,22,ECE,3,Thane,High,57.29,6,26.24,10,7,5,0,3,Big Data,21.15,23.48,51.76,57.4,B,5.75,49.55,38.26,35.57,41.72,Yes,Not Placed,0,Average
101969,Student_101969,Other,19,Data Science,4,Thane,Lower Middle,75.14,28,51.77,21,8,12,3,9,Statistics,39.16,30,73.81,86.28,A+,8.47,89.79,81.1,55.93,57.32,No,Not Placed,0,Excellent
101970,Student_101970,Male,18,CSE,6,Thane,Lower Middle,60.35,28,24.84,19,6,11,0,0,NLP,20.47,5.97,30.17,34.42,C,3.73,38.84,39.27,63.2,19.79,Yes,Not Placed,0,Poor
101971,Student_101971,Other,20,Cyber Security,1,Mumbai,Upper Middle,59.39,39,31.0,18,4,10,3,3,Deep Learning,18.44,13.53,42.5,44.1,C,4.6,42.24,51.94,61.81,21.69,Yes,Not Placed,0,Poor
101972,Student_101972,Other,22,Data Science,4,Kolhapur,Middle,76.77,63,58.59,30,12,15,8,11,NLP,29.57,25.71,79.18,78.91,A,7.98,85.6,49.99,74.56,74.08,Yes,Placed,13.24,Good
101973,Student_101973,Male,21,Cyber Security,6,,Upper Middle,79.81,50,76.95,16,10,12,5,11,Deep Learning,38.5,27.29,85.87,90.0,A+,9.36,86.84,63.99,63.18,72.59,No,Not Placed,0,Excellent
101974,Student_101974,Male,21,Cyber Security,4,Nagpur,Low,69.29,28,26.14,22,10,9,1,8,Big Data,25.12,20.33,67.26,66.02,B,6.7,,42.46,57.28,43.79,Yes,Placed,10.83,Average
101975,Student_101975,Other,23,ECE,7,Nashik,High,80.91,33,53.81,34,12,12,10,8,Deep Learning,24.44,13.16,44.73,49.47,C,5.03,41.9,29.68,68.61,60.69,Yes,Not Placed,0,Poor
101976,Student_101976,Male,21,ECE,3,Satara,Low,84.54,26,80.71,13,6,8,2,5,Statistics,34.28,30,91.38,91.4,A+,9.25,,100,24.4,89.53,Yes,Placed,13.64,Excellent
101977,Student_101977,Female,24,AIML,6,Satara,Low,63.93,43,37.78,19,9,14,4,5,NLP,19.03,9.48,54.2,47.69,C,4.68,28.2,21.0,63.74,24.69,No,Not Placed,0,Poor
101978,Student_101978,Female,21,IT,3,Kolhapur,High,74.13,25,36.81,21,4,6,5,5,NLP,22.36,23.19,60.43,62.44,B,6.16,64.61,66.19,67.33,,Yes,Not Placed,0,Average
101979,Student_101979,Male,19,AIML,3,Pune,Upper Middle,83.07,48,53.5,22,8,12,5,9,Statistics,32.13,30,76.89,82.54,A,8.24,85.43,54.61,88.58,52.71,No,Not Placed,0,Good
101980,Student_101980,Other,21,Data Science,1,Nagpur,Middle,72.1,31,49.83,16,8,11,0,6,Apache Spark,33.82,27.97,56.95,72.49,A,7.27,57.79,78.75,94.19,53.61,No,Placed,9.01,Good
101981,Student_101981,Female,25,CSE,8,Nashik,Upper Middle,84.47,46,75.8,32,8,14,3,8,Big Data,33.5,29.59,88.3,89.01,A+,8.85,81.29,85.5,69.26,79.82,Yes,Placed,3.63,Excellent
101982,Student_101982,Female,18,IT,6,Nashik,Upper Middle,84.86,56,51.5,32,12,15,7,8,Machine Learning,26.64,29.59,79.5,79.45,A,7.94,54.01,55.62,68.13,72.14,No,Placed,7.94,Good
101983,Student_101983,Male,22,Cyber Security,3,Thane,Low,70.5,23,53.54,24,9,10,1,4,Apache Spark,28.68,23.15,58.81,66.35,B,6.63,55.35,33.05,52.71,44.02,No,Not Placed,0,Average
101984,Student_101984,Other,20,Cyber Security,3,Mumbai,Low,79.49,54,50.17,26,10,12,4,7,Statistics,21.83,23.25,70.29,67.02,B,6.87,71.8,55.56,64.72,64.34,Yes,Not Placed,0,Average
101985,Student_101985,Other,22,IT,5,Satara,Upper Middle,,30,20.2,31,6,7,1,7,Big Data,29.49,21.32,46.71,59.69,B,6.04,47.37,40.81,58.6,47.16,Yes,Not Placed,0,Average
101986,Student_101986,Female,20,AIML,3,Mumbai,Low,72.63,41,55.27,16,9,7,0,7,Deep Learning,31.86,19.2,72.14,72.76,A,7.6,66.46,61.97,50.76,60.81,No,Not Placed,0,Good
101987,Student_101987,Male,19,ECE,4,Mumbai,Upper Middle,65.53,42,32.57,17,7,9,3,4,Deep Learning,20.53,16.56,57.12,55.0,B,5.36,45.77,46.74,47.7,48.7,No,Not Placed,0,Average
101988,Student_101988,Female,20,IT,1,Thane,Upper Middle,80.96,35,51.47,28,9,11,3,5,NLP,20.48,21.01,60.05,59.39,B,5.78,61.64,48.66,69.81,48.99,No,Not Placed,0,Average
101989,Student_101989,Male,21,CSE,3,Pune,Upper Middle,79.6,35,67.27,27,9,14,4,6,Apache Spark,36.33,27.52,83.98,87.58,A+,8.36,65.85,82.42,69.25,,Yes,Placed,9.57,Excellent
101990,Student_101990,Other,22,ECE,4,Kolhapur,Low,72.75,25,36.82,13,5,9,2,4,Machine Learning,28.9,25.87,70.28,74.06,A,7.44,40.31,53.18,49.33,36.69,Yes,Not Placed,0,Good
101991,Student_101991,Female,23,ECE,2,Pune,Low,54.65,16,3.83,4,4,4,0,1,NLP,6.41,12.72,38.37,32.47,C,2.95,21.98,28.11,27.56,6.66,No,Not Placed,0,Poor
101992,Student_101992,Other,22,AIML,3,Thane,Low,71.2,31,34.61,19,5,7,2,4,Machine Learning,26.8,8.64,62.03,56.87,B,5.68,54.14,59.55,30.31,34.72,No,Not Placed,0,Average
101993,Student_101993,Female,22,IT,4,Mumbai,Lower Middle,74.07,41,62.83,25,10,12,6,8,NLP,24.75,25.18,79.18,74.94,A,7.53,73.09,63.88,69.25,52.59,Yes,Placed,6.6,Good
101994,Student_101994,Female,21,IT,3,Thane,High,71.98,42,56.82,27,7,11,7,7,Statistics,19.43,22.42,46.99,53.02,C,5.27,34.69,37.75,54.13,57.23,No,Not Placed,0,Poor
101995,Student_101995,Other,21,Data Science,4,Nagpur,Middle,77.35,41,52.65,20,9,7,4,5,Statistics,21.55,25.37,36.77,51.46,C,5.54,58.88,61.73,33.28,86.82,No,Not Placed,0,Poor
101996,Student_101996,Female,20,IT,6,Mumbai,,86.48,29,43.81,20,7,11,7,4,Deep Learning,40,25.91,,91.03,A+,9.42,94.27,98.34,72.22,70.82,No,Placed,8.9,Excellent
101997,Student_101997,Male,18,Cyber Security,7,Nashik,Lower Middle,98,72,420,38,12,17,11,14,Big Data,37.28,25.48,80.03,84.96,A,8.73,85.71,37.35,84.35,93.16,Yes,Placed,10.25,Good
101998,Student_101998,Male,20,Data Science,4,Pune,Low,65.11,18,41.33,3,3,7,2,2,Deep Learning,18.34,20.35,46.7,50.67,C,5.14,36.6,62.45,0,46.84,Yes,Not Placed,0,Poor
101999,Student_101999,Female,25,CSE,3,Kolhapur,Lower Middle,64.71,24,43.71,18,7,8,1,6,Apache Spark,16.06,15.58,50.01,47.43,C,4.75,45.1,61.16,63.74,47.16,No,Not Placed,0,Poor
102000,Student_102000,Other,24,ECE,7,Thane,Low,54.89,30,13.13,12,4,3,0,1,Statistics,27.59,16.72,54.12,58.9,B,5.62,39.45,58.73,47.16,44.21,No,Not Placed,0,Average
102001,Student_102001,Other,18,AIML,7,Nagpur,High,91.54,56,81.37,38,12,16,5,13,Apache Spark,9.84,14.03,38.06,35.76,C,3.5,27.18,6.34,54.85,37.16,No,Not Placed,0,Poor
102002,Student_102002,Female,24,Cyber Security,5,Nashik,Lower Middle,62.13,21,25.35,20,8,5,4,3,Big Data,32.29,21.4,90.52,83.74,A,8.22,71.21,84.17,50.73,70.75,Yes,Placed,11.28,Good
102003,Student_102003,Male,24,CSE,2,Satara,Middle,59.77,14,19.04,3,6,4,0,4,Deep Learning,25.65,22.38,67.03,67.68,B,6.56,75.28,81.53,37.55,29.73,Yes,Not Placed,0,Average
102004,Student_102004,Female,18,Data Science,2,Nagpur,Upper Middle,67.09,31,45.57,20,8,7,4,4,Apache Spark,31.39,13.13,69.65,67.13,B,6.99,45.18,61.16,47.5,,No,Not Placed,0,Average
102005,Student_102005,Female,19,Cyber Security,6,Satara,,77.89,25,56.67,12,8,14,4,3,Apache Spark,28.34,27.59,87.24,83.27,A,8.6,73.57,71.56,41.14,65.15,Yes,Placed,6.07,Good
102006,Student_102006,Female,24,CSE,7,Mumbai,Lower Middle,60.16,38,420,11,7,10,2,5,NLP,23.71,6.94,39.46,42.14,C,4.17,26.28,45.91,44.86,24.07,No,Not Placed,0,Poor
102007,Student_102007,Male,24,CSE,7,Mumbai,Upper Middle,75.5,13,500,20,6,7,0,6,Big Data,17.21,13.25,,51.36,C,5.5,53.84,74.45,35.34,33.82,No,Not Placed,0,Poor
102008,Student_102008,Other,19,IT,7,,High,71.99,52,57.36,19,8,13,3,9,Big Data,32.54,22.46,64.1,71.43,A,7.01,60.64,56.36,76.3,57.44,No,Not Placed,0,Good
102009,Student_102009,Female,19,CSE,4,Satara,Upper Middle,75.95,22,50.15,15,9,5,4,6,Statistics,26.58,20.57,72.51,69.91,B,7.31,78.32,54.58,47.1,50.98,No,Not Placed,0,Average
102010,Student_102010,Female,20,CSE,7,Thane,Low,69.84,21,16.37,24,10,9,5,5,Apache Spark,10.92,12.0,51.83,42.1,C,4.09,37.2,36.2,20.02,40.01,No,Not Placed,0,Poor
102011,Student_102011,Female,23,CSE,8,Satara,Upper Middle,68.34,40,8.48,25,10,12,6,6,Statistics,0.39,4.38,55.65,31.04,C,2.77,19.43,10.75,61.95,33.55,No,Not Placed,0,Poor
102012,Student_102012,Male,22,ECE,2,Nashik,Lower Middle,65.76,30,52.18,22,9,5,2,1,NLP,21.0,11.87,49.58,48.45,C,4.99,49.11,45.5,66.09,39.73,No,Not Placed,0,Poor
102013,Student_102013,Female,19,IT,6,Thane,High,72.76,10,31.32,9,3,10,2,5,Big Data,23.11,15.65,64.51,60.02,B,5.85,48.35,49.65,50.49,22.81,No,Not Placed,0,Average
102014,Student_102014,Female,22,CSE,6,Mumbai,Middle,73.83,32,41.58,21,11,10,4,10,Statistics,25.43,16.62,59.78,60.04,B,5.69,64.91,45.52,45.6,61.95,No,Not Placed,0,Average
102015,Student_102015,Male,25,AIML,1,Nagpur,Lower Middle,57.58,26,17.15,12,7,8,4,8,Statistics,13.4,8.83,52.21,42.05,C,4.2,28.68,34.66,43.37,17.26,No,Not Placed,0,Poor
102016,Student_102016,Male,22,AIML,7,Nagpur,Middle,68.28,47,65.63,11,5,12,7,10,NLP,38.47,27.83,94.45,94.63,A+,9.5,88.15,84.79,48.09,80.84,Yes,Placed,11.73,Excellent
102017,Student_102017,Male,25,AIML,4,Mumbai,Low,91.67,52,68.53,30,12,12,8,12,Deep Learning,31.54,27.06,83.12,83.25,A,7.78,90.4,78.33,67.07,73.71,No,Placed,7.25,Good
102018,Student_102018,Other,21,Data Science,4,Satara,Lower Middle,62.15,31,65.0,21,8,10,6,6,Apache Spark,29.39,14.77,43.87,53.82,C,5.64,41.41,,38.48,56.65,No,Not Placed,0,Poor
102019,Student_102019,Female,60,IT,4,Thane,Lower Middle,71.6,28,,17,8,10,4,3,NLP,37.26,24.71,77.57,83.2,A,8.07,63.31,34.56,56.33,40.47,No,Not Placed,0,Good
102020,Student_102020,Other,25,IT,2,Nashik,Lower Middle,72.9,16,15.69,10,10,7,0,2,Machine Learning,14.11,11.76,43.49,40.16,C,4.01,43.5,33.06,49.68,42.5,No,Not Placed,0,Poor
102021,Student_102021,Male,20,ECE,8,Pune,Lower Middle,77.99,27,39.71,10,7,4,0,4,Machine Learning,34.46,22.99,62.98,72.66,A,7.0,47.07,58.49,43.16,51.64,No,Not Placed,0,Good
102022,Student_102022,Other,24,AIML,2,Nashik,Middle,73.3,34,54.62,18,9,12,1,9,Apache Spark,29.12,23.57,63.25,69.18,B,7.16,61.4,69.9,56.56,58.83,Yes,Placed,5.76,Average
102023,Student_102023,Other,21,Cyber Security,3,Mumbai,Lower Middle,62.15,17,20.08,15,4,5,0,2,Big Data,25.05,13.19,59.08,57.13,B,5.87,42.25,48.04,32.16,32.53,Yes,Not Placed,0,Average
102024,Student_102024,Female,19,Data Science,3,Nashik,Lower Middle,67.05,25,18.1,11,6,4,3,2,Apache Spark,33.12,30,59.76,74.72,A,7.48,62.54,65.82,19.59,61.09,No,Not Placed,0,Good
102025,Student_102025,Other,23,CSE,7,Satara,High,62.73,15,25.69,14,6,6,2,1,Statistics,15.13,19.23,72.03,60.18,B,6.14,64.34,41.9,41.68,42.91,No,Not Placed,0,Average
102026,Student_102026,Male,19,Cyber Security,7,Nagpur,Middle,49.52,16,,5,2,2,1,2,Statistics,16.85,10.46,23.92,31.57,C,2.96,35.3,34.24,17.96,14.81,No,Not Placed,0,Poor
102027,Student_102027,Other,20,Data Science,6,Nagpur,Middle,62.33,21,27.12,9,8,6,1,2,Statistics,,22.88,60.03,58.48,B,6.1,42.17,49.82,39.8,67.33,No,Not Placed,0,Average
102028,Student_102028,Female,20,Data Science,8,Nagpur,Middle,50.9,22,7.63,11,7,3,1,2,Apache Spark,10.61,18.61,33.9,37.32,C,3.68,20.02,38.31,29.59,32.18,No,Not Placed,0,Poor
102029,Student_102029,Other,25,Cyber Security,3,Thane,High,77.79,56,56.98,35,11,13,4,11,NLP,17.71,21.94,67.74,61.78,B,6.38,40.84,37.24,94.54,44.47,No,Not Placed,0,Average
102030,Student_102030,Male,60,ECE,4,Satara,,60.52,37,56.09,24,11,10,5,2,Machine Learning,23.14,23.97,54.21,60.43,B,5.75,48.08,56.49,53.67,38.53,No,Not Placed,0,Average
102031,Student_102031,Male,24,CSE,5,Mumbai,High,70.4,24,28.29,14,4,7,0,0,Machine Learning,26.34,30,80.97,80.24,A,8.47,91.6,100,23.2,71.52,Yes,Placed,6.29,Good
102032,Student_102032,Female,23,Cyber Security,1,Kolhapur,High,73.4,37,18.49,16,10,9,2,8,Machine Learning,17.43,21.74,72.82,63.98,B,6.28,57.5,82.97,66.0,32.97,No,Not Placed,0,Average
102033,Student_102033,Other,25,AIML,4,Nashik,High,71.24,49,44.02,23,8,12,7,7,Statistics,25.73,24.68,49.71,60.61,B,6.1,57.59,56.39,77.24,58.66,No,Not Placed,0,Average
102034,Student_102034,Female,23,IT,8,,Low,67.32,20,38.22,14,9,5,5,4,Statistics,30.68,23.24,67.68,72.34,A,7.08,100,82.56,38.2,63.54,No,Not Placed,0,Good
102035,Student_102035,Female,22,Data Science,1,Kolhapur,Middle,82.12,34,56.25,21,7,6,2,5,Statistics,22.88,25.58,79.25,73.84,A,7.52,41.28,77.89,50.77,64.25,No,Not Placed,0,Good
102036,Student_102036,Other,22,Cyber Security,6,Nashik,Lower Middle,67.48,16,15.41,16,6,7,0,2,Apache Spark,25.22,25.24,81.09,76.29,A,7.87,88.54,58.73,56.33,62.24,No,Not Placed,0,Good
102037,Student_102037,Female,25,Data Science,5,,Low,74.28,10,30.12,10,9,9,3,1,Big Data,33.32,23.63,81.16,81.32,A,8.3,77.39,100,55.51,44.33,Yes,Placed,4.26,Good
102038,Student_102038,Male,23,AIML,8,Nashik,Upper Middle,76.14,27,36.96,17,6,12,5,9,Big Data,31.08,30,69.99,78.3,A,7.81,84.75,52.97,64.89,66.12,No,Not Placed,0,Good
102039,Student_102039,Male,18,AIML,6,Nagpur,Middle,,7,20.75,15,6,6,0,2,Machine Learning,27.58,17.98,60.92,63.13,B,6.46,56.93,75.18,42.56,33.99,No,Not Placed,0,Average
102040,Student_102040,Male,21,AIML,6,Mumbai,Lower Middle,72.89,49,34.31,21,9,12,6,12,Statistics,22.93,19.17,62.25,61.1,B,6.4,44.48,47.0,69.95,43.79,No,Not Placed,0,Average
102041,Student_102041,Male,19,Cyber Security,7,Satara,Lower Middle,59.33,31,44.91,15,6,8,2,4,Apache Spark,34.18,24.6,76.59,80.33,A,7.89,68.48,61.62,61.07,68.03,No,Not Placed,0,Good
102042,Student_102042,Male,22,CSE,4,Kolhapur,High,61.18,2,13.62,0,3,3,2,0,Machine Learning,22.0,24.13,63.86,64.52,B,6.04,,56.08,38.87,54.4,No,Not Placed,0,Average
102043,Student_102043,Male,20,CSE,1,Mumbai,High,77.92,41,60.52,18,7,7,4,8,Big Data,27.93,24.33,84.51,79.42,A,8.01,100,80.92,60.88,,No,Placed,4.4,Good
102044,Student_102044,Female,24,IT,7,Nagpur,Low,69.78,24,36.64,15,8,9,5,7,Machine Learning,35.3,24.38,75.69,80.57,A,8.33,79.24,81.85,43.44,65.78,No,Not Placed,0,Good
102045,Student_102045,Male,22,ECE,4,Nashik,High,76.64,11,57.11,17,8,8,5,6,Big Data,37.49,23.72,73.66,80.76,A,8.45,79.13,84.79,56.63,57.71,No,Not Placed,0,Good
102046,Student_102046,Female,19,Cyber Security,1,Nagpur,Upper Middle,71.9,40,45.51,27,8,11,3,7,Deep Learning,22.94,25.11,57.28,62.59,B,6.41,46.59,49.88,54.73,43.89,No,Not Placed,0,Average
102047,Student_102047,Female,24,Data Science,8,Nashik,High,65.84,34,35.5,,7,10,5,3,Deep Learning,15.08,11.62,35.49,36.8,C,4.16,51.02,57.4,47.9,10.29,No,Not Placed,0,Poor
102048,Student_102048,Other,23,AIML,3,Mumbai,Upper Middle,73.93,52,57.91,27,9,11,5,7,Big Data,25.72,24.7,89.25,80.38,A,8.08,70.56,70.17,59.06,66.91,Yes,Placed,8.55,Good
102049,Student_102049,Female,19,Cyber Security,7,Kolhapur,,80.59,32,48.72,23,8,9,5,7,Deep Learning,38.92,29.05,62.17,79.64,A,7.9,67.37,,58.67,55.94,No,Placed,5.81,Good
102050,Student_102050,Other,24,AIML,6,Nagpur,High,78.76,45,67.25,33,9,14,6,12,NLP,24.06,18.82,67.82,64.5,B,6.35,56.04,71.04,47.57,61.58,Yes,Not Placed,0,Average
102051,Student_102051,Other,22,ECE,3,Satara,Lower Middle,63.16,43,40.54,20,12,15,1,10,Apache Spark,6.54,8.02,33.77,27.14,C,2.88,0,12.26,55.46,23.36,No,Not Placed,0,Poor
102052,Student_102052,Other,21,Cyber Security,2,Thane,Low,97.27,68,102.79,37,12,20,8,15,Machine Learning,40,30,81.72,90.86,A+,9.1,94.27,69.11,82.02,88.72,Yes,Placed,12.24,Excellent
102053,Student_102053,Female,12,ECE,3,Nagpur,High,83.58,58,51.22,29,10,12,6,9,Big Data,24.97,26.21,60.27,66.34,B,6.52,61.15,68.79,80.7,65.36,No,Placed,7.68,Average
102054,Student_102054,Male,25,ECE,7,Mumbai,Low,98,35,72.78,40,10,16,8,13,Machine Learning,33.56,24.24,79.11,80.88,A,7.66,,74.32,63.04,88.22,Yes,Placed,7.84,Good
102055,Student_102055,Female,24,IT,4,Mumbai,Lower Middle,74.72,40,40.3,30,10,8,3,7,Deep Learning,19.26,18.91,,57.27,B,5.94,49.94,73.8,37.5,,No,Not Placed,0,Average
102056,Student_102056,Female,25,Data Science,1,Nashik,Lower Middle,70.73,31,59.26,15,8,11,4,5,NLP,23.93,18.96,62.59,61.89,B,6.44,31.71,33.02,59.89,53.75,No,Not Placed,0,Average
102057,Student_102057,Male,20,ECE,6,Thane,Upper Middle,73.74,14,19.26,14,9,9,3,2,Machine Learning,29.4,16.67,67.53,66.92,B,6.33,47.96,37.62,54.92,29.71,Yes,Not Placed,0,Average
102058,Student_102058,Other,22,Cyber Security,5,Thane,Lower Middle,96.78,62,92.94,31,12,16,7,14,NLP,40,30,90.14,95.07,A+,9.41,65.62,59.88,67.27,100,No,Not Placed,0,Excellent
102059,Student_102059,Other,24,Data Science,4,Thane,Low,85.33,40,77.67,33,10,16,9,10,Statistics,40,30,87.2,93.6,A+,9.4,96.58,87.18,75.63,84.69,No,Placed,6.73,Excellent
102060,Student_102060,Male,19,IT,2,Nagpur,Middle,76.81,26,48.3,23,9,13,5,3,Machine Learning,26.68,26.58,58.37,66.92,B,7.07,53.95,77.88,40.85,43.05,No,Not Placed,0,Average
102061,Student_102061,Male,18,CSE,3,Satara,Low,61.0,11,0.9,10,4,8,2,1,NLP,17.87,8.3,34.41,36.14,C,3.7,17.16,28.55,69.91,21.07,No,Not Placed,0,Poor
102062,Student_102062,Other,20,Data Science,4,Nashik,Low,88.44,40,64.46,23,9,10,2,6,NLP,30.83,28.6,66.62,75.5,A,7.25,65.79,64.16,53.93,69.29,No,Placed,11.96,Good
102063,Student_102063,Female,24,AIML,2,Thane,High,79.59,34,50.2,26,7,12,7,5,Apache Spark,18.37,22.89,69.05,63.56,B,6.44,74.48,76.05,68.79,27.43,No,Not Placed,0,Average
102064,Student_102064,Female,19,Data Science,2,Kolhapur,High,75.14,24,29.32,19,6,10,3,4,Big Data,35.99,22.4,68.96,76.41,A,7.93,67.44,66.67,45.99,62.68,Yes,Not Placed,0,Good
102065,Student_102065,Male,24,IT,2,Pune,Middle,79.32,39,44.43,26,11,15,7,12,Machine Learning,37.96,24.7,92.93,91.4,A+,9.16,88.32,66.47,67.71,100,Yes,Placed,12.94,Excellent
102066,Student_102066,Other,18,ECE,7,Nashik,Upper Middle,80.78,42,48.02,24,12,17,8,9,Machine Learning,33.92,21.66,57.01,68.38,B,7.2,67.64,57.3,59.13,63.14,No,Placed,8.47,Average
102067,Student_102067,Male,20,Cyber Security,5,Thane,High,89.3,63,65.98,33,12,16,8,15,NLP,32.17,29.16,77.18,82.16,A,8.1,63.88,60.03,95.94,61.51,Yes,Placed,8.93,Good
102068,Student_102068,Male,19,AIML,4,Nashik,Middle,49.13,8,0,13,4,3,1,0,Big Data,8.35,12.18,31.52,30.15,C,3.38,24.86,29.17,17.86,12.66,No,Not Placed,0,Poor
102069,Student_102069,Female,20,IT,1,Thane,Middle,74.38,45,41.94,29,7,19,7,10,Big Data,8.7,21.24,34.2,37.79,C,3.52,41.57,27.86,73.46,36.91,No,Not Placed,0,Poor
102070,Student_102070,Male,22,ECE,6,Nashik,Lower Middle,75.56,32,60.58,15,7,9,6,5,Big Data,30.27,25.03,82.47,80.62,A,7.88,64.44,74.16,45.22,64.35,Yes,Not Placed,0,Good
102071,Student_102071,Other,20,CSE,6,Pune,Lower Middle,71.24,24,5.0,21,9,11,6,4,Big Data,0,1.3,4.61,3.17,C,0.08,0,28.06,52.06,0,Yes,Not Placed,0,Poor
102072,Student_102072,Male,20,Cyber Security,4,Pune,Lower Middle,82.88,45,47.56,19,9,13,4,8,Deep Learning,33.28,19.21,52.06,63.79,B,6.14,58.87,39.88,63.54,,Yes,Not Placed,0,Average
102073,Student_102073,Other,20,Cyber Security,8,Satara,Middle,74.2,23,24.62,16,8,6,1,3,Apache Spark,24.79,19.98,57.6,60.71,B,5.63,44.57,35.86,52.54,60.38,No,Not Placed,0,Average
102074,Student_102074,Female,22,IT,8,Thane,High,75.46,32,58.31,11,9,9,4,3,Deep Learning,38.2,30,96.41,96.86,A+,10,95.97,81.17,56.86,77.34,Yes,Placed,7.74,Excellent
102075,Student_102075,Male,18,IT,8,Satara,Middle,72.03,35,7.26,19,8,7,1,5,Deep Learning,15.44,14.98,54.55,48.84,C,4.62,39.17,46.12,62.16,39.95,Yes,Not Placed,0,Poor
102076,Student_102076,Female,20,Data Science,4,Mumbai,Lower Middle,77.38,56,52.84,31,11,13,5,9,Deep Learning,35.76,24.52,100,93.17,A+,9.65,62.18,50.49,59.3,45.67,Yes,Placed,7.01,Excellent
102077,Student_102077,Other,23,AIML,6,Thane,Middle,79.42,42,40.7,18,10,14,5,10,Machine Learning,13.08,10.48,32.47,33.04,C,3.04,35.38,45.55,66.88,22.54,No,Not Placed,0,Poor
102078,Student_102078,Other,21,Data Science,5,Nashik,Upper Middle,71.72,47,64.94,23,10,12,3,5,Apache Spark,30.59,19.79,47.44,59.85,B,5.86,77.0,79.93,64.38,,Yes,Not Placed,0,Average
102079,Student_102079,Female,19,AIML,5,Mumbai,High,73.92,20,21.34,14,7,6,1,2,NLP,25.93,10.65,47.8,50.44,C,4.61,42.56,37.21,40.46,21.67,No,Not Placed,0,Poor
102080,Student_102080,Other,20,AIML,5,Nashik,Middle,78.9,40,,22,7,8,4,5,Statistics,25.16,22.19,75.73,71.53,A,7.07,63.22,40.67,70.53,55.01,Yes,Not Placed,0,Good
102081,Student_102081,Male,24,CSE,2,Satara,Upper Middle,74.28,41,43.72,31,9,11,3,7,Big Data,25.14,12.01,41.64,47.68,C,4.9,14.44,14.09,59.2,27.72,No,Not Placed,0,Poor
102082,Student_102082,Female,22,Cyber Security,3,Pune,Middle,75.33,41,23.3,23,7,13,5,5,NLP,27.2,14.98,75.27,68.02,B,6.82,58.1,48.08,61.11,81.2,No,Placed,4.08,Average
102083,Student_102083,Other,24,AIML,6,Satara,Lower Middle,61.96,22,14.09,8,1,2,1,2,Statistics,16.05,9.67,49.46,43.22,C,4.32,36.29,57.61,33.09,39.47,No,Not Placed,0,Poor
102084,Student_102084,Male,24,IT,6,Mumbai,Lower Middle,82.81,46,64.35,25,10,10,7,9,Statistics,32.96,30,78.06,83.75,A,8.55,74.74,63.9,54.06,73.06,No,Not Placed,0,Good
102085,Student_102085,Male,23,CSE,6,Pune,Upper Middle,50.01,15,0,11,4,4,2,1,Machine Learning,,3.77,26.3,22.85,C,2.33,9.8,23.32,36.08,39.23,Yes,Not Placed,0,Poor
102086,Student_102086,Female,18,Cyber Security,8,Satara,Upper Middle,70.93,30,28.93,,7,12,0,7,Deep Learning,27.19,20.51,73.96,71.05,A,6.99,75.92,,58.07,52.36,No,Not Placed,0,Good
102087,Student_102087,Other,24,CSE,3,Nashik,Lower Middle,69.98,35,13.98,16,7,6,7,4,Apache Spark,30.71,16.47,56.11,62.07,B,6.53,56.54,60.32,53.93,45.3,Yes,Not Placed,0,Average
102088,Student_102088,Other,20,ECE,2,Pune,Lower Middle,79.71,41,60.95,23,11,15,4,10,Deep Learning,26.66,25.48,56.19,65.07,B,6.34,36.1,42.5,79.58,80.51,No,Not Placed,0,Average
102089,Student_102089,Female,18,CSE,1,Satara,Lower Middle,83.72,64,78.52,27,11,14,10,12,Statistics,36.94,26.0,89.76,89.92,A+,8.77,74.66,57.92,60.8,84.77,Yes,Placed,7.49,Excellent
102090,Student_102090,Female,25,Data Science,1,Nagpur,Upper Middle,58.32,33,42.3,19,7,7,0,4,NLP,31.25,27.56,55.87,69.75,B,7.03,53.27,53.57,50.25,59.28,Yes,Not Placed,0,Average
102091,Student_102091,Male,18,CSE,3,Kolhapur,High,70.06,15,48.82,12,5,8,3,3,Statistics,27.98,17.26,62.27,63.63,B,5.89,55.39,55.0,49.79,46.82,No,Not Placed,0,Average
102092,Student_102092,,19,AIML,8,Mumbai,Lower Middle,64.34,27,37.03,14,5,10,3,6,Statistics,18.93,23.47,53.76,56.73,B,5.46,51.22,57.93,60.81,40.34,No,Not Placed,0,Average
102093,Student_102093,Other,20,AIML,3,Mumbai,Lower Middle,71.17,25,58.59,18,7,12,2,6,Big Data,29.46,21.09,77.17,74.74,A,7.46,66.26,64.82,53.21,43.82,Yes,Not Placed,0,Good
102094,Student_102094,Male,18,CSE,5,Satara,Low,71.81,25,33.0,15,8,6,2,4,Big Data,22.15,19.34,67.62,63.31,B,6.44,71.31,70.53,52.58,51.58,No,Placed,12.15,Average
102095,Student_102095,Female,19,Data Science,7,Nagpur,Upper Middle,79.42,47,18.5,29,11,12,9,10,Deep Learning,28.51,16.7,68.21,66.62,B,6.44,43.65,39.99,67.98,53.99,Yes,Not Placed,0,Average
102096,Student_102096,Other,20,Data Science,8,Nagpur,,53.92,33,13.14,6,4,7,0,1,Statistics,20.18,23.15,51.8,56.47,B,5.53,51.09,38.04,56.07,38.7,No,Not Placed,0,Average
102097,Student_102097,Other,23,CSE,1,Thane,Upper Middle,74.35,52,41.3,21,8,14,8,10,NLP,24.58,17.72,63.84,62.17,B,5.99,65.44,56.76,44.68,46.64,Yes,Not Placed,0,Average
102098,Student_102098,Other,21,ECE,3,Mumbai,High,65.8,27,21.29,13,8,12,1,4,Big Data,26.47,11.67,,54.83,C,5.06,34.36,57.08,46.24,49.75,No,Not Placed,0,Poor
102099,Student_102099,Other,21,ECE,5,Nagpur,,78.19,44,38.72,21,5,9,2,3,Deep Learning,35.22,28.78,81.55,86.38,A+,8.5,68.08,80.05,44.68,76.75,Yes,Placed,9.72,Excellent
102100,Student_102100,Other,20,Data Science,7,Nagpur,High,61.22,24,39.17,15,3,6,1,4,Statistics,31.39,14.23,65.73,65.9,B,6.76,53.02,46.38,45.88,53.83,No,Not Placed,0,Average
102101,Student_102101,Male,19,ECE,3,Mumbai,High,93.52,47,69.45,33,11,16,5,7,Apache Spark,26.39,26.77,65.19,70.24,A,7.12,67.04,70.13,67.65,64.3,No,Placed,6.15,Good
102102,Student_102102,Male,19,ECE,1,Kolhapur,Upper Middle,88.44,39,75.48,35,12,19,6,11,Deep Learning,34.68,23.0,80.48,81.58,A,8.14,82.02,62.09,94.34,,Yes,Placed,8.66,Good
102103,Student_102103,Female,22,ECE,6,Thane,Lower Middle,79.39,41,47.96,20,10,12,8,10,Apache Spark,23.48,24.71,65.36,66.76,B,6.7,53.04,44.63,55.94,61.54,No,Not Placed,0,Average
102104,Student_102104,Female,25,AIML,5,Nagpur,High,62.26,9,27.97,13,4,7,5,3,NLP,29.63,21.65,57.15,65.23,B,6.39,64.74,77.67,59.32,61.75,No,Not Placed,0,Average
102105,Student_102105,Female,19,CSE,2,Satara,Middle,,13,0,15,7,9,2,4,Big Data,19.95,17.82,52.51,53.1,C,5.54,58.44,51.62,49.49,42.54,No,Not Placed,0,Poor
102106,Student_102106,Other,22,Data Science,6,Nashik,Upper Middle,65.02,18,40.74,12,6,8,0,4,Statistics,28.05,23.51,60.03,66.73,B,6.8,64.86,71.03,52.87,59.67,Yes,Placed,10.46,Average
102107,Student_102107,Male,24,Cyber Security,2,Nashik,Lower Middle,68.08,30,,15,6,7,3,3,Apache Spark,27.89,26.95,74.15,75.96,A,7.14,,74.16,55.5,60.09,No,Not Placed,0,Good
102108,Student_102108,Female,24,AIML,5,Nagpur,High,63.53,26,39.55,23,8,10,5,7,NLP,19.91,25.73,82.59,73.38,A,7.24,51.95,70.67,53.48,54.02,No,Not Placed,0,Good
102109,Student_102109,Male,25,CSE,3,Pune,Lower Middle,75.12,63,83.08,41,12,16,8,12,Statistics,23.9,14.89,55.17,55.43,B,5.12,46.08,32.43,84.7,29.9,No,Not Placed,0,Average
102110,Student_102110,Other,23,Cyber Security,3,Mumbai,Upper Middle,85.7,36,44.86,22,6,13,6,6,Deep Learning,28.7,22.49,59.64,66.34,B,6.98,58.53,59.11,79.25,57.09,Yes,Placed,9.42,Average
102111,Student_102111,Male,22,IT,2,Pune,High,57.65,35,17.47,,7,10,4,5,Statistics,21.67,17.0,56.2,55.68,B,5.31,22.65,38.72,56.82,32.07,No,Not Placed,0,Average
102112,Student_102112,Female,18,Data Science,2,Nagpur,Lower Middle,77.89,51,43.74,20,8,14,4,5,Statistics,16.17,17.53,71.74,59.68,B,6.0,81.45,58.64,56.62,47.84,No,Not Placed,0,Average
102113,Student_102113,Female,22,CSE,3,Kolhapur,Middle,85.25,55,64.21,25,9,16,6,9,Machine Learning,25.79,27.31,60.61,67.86,B,6.74,,53.1,75.03,59.18,No,Not Placed,0,Average
102114,Student_102114,Male,25,Cyber Security,5,Pune,Lower Middle,83.74,39,45.19,20,12,13,3,6,Big Data,27.3,16.83,42.83,53.1,C,5.07,,42.72,71.21,37.03,No,Not Placed,0,Poor
102115,Student_102115,Female,20,Cyber Security,6,Mumbai,Middle,63.88,31,33.86,21,9,7,0,2,Apache Spark,15.52,13.51,34.38,37.84,C,3.58,42.11,2.58,51.91,34.21,No,Not Placed,0,Poor
102116,Student_102116,Other,24,Cyber Security,1,Satara,,72.24,24,39.83,14,5,10,4,5,Statistics,36.0,23.39,69.47,77.33,A,7.59,87.17,78.98,48.77,52.88,No,Not Placed,0,Good
102117,Student_102117,Other,23,Cyber Security,2,Nagpur,Middle,76.38,11,16.24,14,9,9,0,1,NLP,28.83,24.56,56.01,66.0,B,6.79,48.62,22.6,24.41,44.04,No,Not Placed,0,Average
102118,Student_102118,Male,20,ECE,8,Kolhapur,Low,60.01,13,26.05,16,8,9,4,1,Machine Learning,21.63,20.81,56.34,58.26,B,6.19,51.75,34.89,30.64,67.83,No,Not Placed,0,Average
102119,Student_102119,Other,21,Cyber Security,1,Thane,High,81.28,43,60.31,,8,12,6,11,Machine Learning,32.64,28.83,73.3,80.35,A,7.73,66.08,63.15,,58.59,Yes,Placed,13.94,Good
102120,Student_102120,Other,20,CSE,3,Thane,Lower Middle,69.04,53,42.44,11,7,12,4,3,Machine Learning,17.91,9.46,70.1,54.79,C,5.4,39.12,62.06,43.52,20.25,No,Not Placed,0,Poor
102121,Student_102121,Male,21,Cyber Security,4,Nagpur,Lower Middle,69.98,36,13.54,18,5,10,6,1,Machine Learning,,24.98,,54.68,C,5.4,59.0,53.28,19.12,,Yes,Not Placed,0,Poor
102122,Student_102122,Female,22,CSE,2,Nashik,Low,82.14,34,88.25,20,6,11,3,5,Apache Spark,40,30,98.94,99.47,A+,10,88.95,74.45,31.61,49.66,Yes,Placed,8.57,Excellent
102123,Student_102123,Female,25,AIML,7,Kolhapur,High,69.73,22,31.82,16,7,3,6,5,Big Data,34.87,14.44,71.53,71.55,A,7.22,67.93,76.3,36.07,67.3,Yes,Not Placed,0,Good
102124,Student_102124,Female,22,Cyber Security,6,Kolhapur,High,65.37,29,35.61,13,5,9,4,3,Statistics,24.72,17.86,53.39,57.14,B,5.58,41.67,72.45,44.82,43.48,No,Not Placed,0,Average
102125,Student_102125,Female,25,IT,6,Thane,Lower Middle,81.89,23,55.47,28,9,10,6,8,Apache Spark,39.44,23.14,74.7,82.36,A,8.07,71.15,58.13,39.35,86.28,No,Placed,10.7,Good
102126,Student_102126,Female,22,Data Science,2,Mumbai,Middle,66.85,34,56.86,20,6,11,1,5,Statistics,32.02,20.26,87.22,81.13,A,7.86,70.22,63.49,60.67,76.67,No,Not Placed,0,Good
102127,Student_102127,Other,24,Cyber Security,4,Satara,Lower Middle,69.38,21,27.38,14,10,10,2,5,Big Data,,28.32,72.65,77.1,A,7.37,70.93,65.61,52.3,35.62,No,Not Placed,0,Good
102128,Student_102128,Female,18,AIML,3,Mumbai,Lower Middle,67.2,18,41.85,19,7,8,4,3,NLP,24.09,16.75,25.63,42.05,C,4.16,9.82,36.38,54.4,43.07,No,Not Placed,0,Poor
102129,Student_102129,Other,18,AIML,1,Kolhapur,Lower Middle,73.48,38,44.32,24,11,14,6,8,Deep Learning,23.05,9.13,49.94,48.34,C,4.77,40.48,32.32,43.0,40.35,No,Not Placed,0,Poor
102130,Student_102130,Male,18,IT,5,Nagpur,Middle,72.87,51,78.51,24,10,16,6,8,Machine Learning,29.33,30,70.58,77.28,A,7.73,60.3,75.16,88.22,94.93,No,Not Placed,0,Good
102131,Student_102131,Male,18,ECE,8,Pune,High,88.07,58,66.97,34,10,16,8,12,NLP,35.81,30,89.68,91.7,A+,9.63,67.62,59.35,52.73,71.63,No,Placed,3.34,Excellent
102132,Student_102132,Other,19,CSE,1,Pune,Lower Middle,75.49,36,55.04,28,8,10,5,8,NLP,32.07,26.15,79.78,81.37,A,8.17,56.73,77.33,53.6,84.65,Yes,Placed,7.86,Good
102133,Student_102133,Male,22,Data Science,3,Satara,Lower Middle,85.47,77,68.29,30,11,15,11,7,Machine Learning,26.47,12.95,54.1,55.53,B,5.48,36.85,34.35,70.2,43.51,Yes,Not Placed,0,Average
102134,Student_102134,Female,24,Data Science,7,Kolhapur,Low,74.63,44,49.85,21,8,12,1,5,Statistics,28.53,28.48,71.13,75.95,A,7.5,67.85,46.72,56.35,53.94,No,Placed,9.07,Good
102135,Student_102135,Other,18,ECE,5,Nashik,Middle,71.62,41,59.84,25,7,15,8,7,Deep Learning,30.78,18.4,87.86,79.29,A,7.7,56.56,74.19,67.0,50.79,No,Not Placed,0,Good
102136,Student_102136,Other,25,IT,8,Satara,High,78.59,53,40.02,23,9,8,6,9,Apache Spark,29.63,10.18,55.26,56.64,B,5.74,49.79,69.5,74.8,51.84,No,Not Placed,0,Average
102137,Student_102137,Male,18,CSE,8,Thane,Upper Middle,81.79,32,55.11,,10,7,2,6,Apache Spark,37.84,30,72.44,84.6,A,8.73,92.8,89.29,48.59,71.29,No,Not Placed,0,Good
102138,Student_102138,Male,20,IT,4,Nagpur,Lower Middle,65.12,24,23.25,8,4,9,4,6,Big Data,14.75,14.39,38.59,39.95,C,4.07,9.98,43.14,46.97,0.11,No,Not Placed,0,Poor
102139,Student_102139,Male,24,Data Science,4,Mumbai,Lower Middle,96.98,61,58.86,33,12,15,9,9,Apache Spark,20.0,23.94,69.93,65.92,B,6.83,42.56,46.49,65.88,61.47,No,Not Placed,0,Average
102140,Student_102140,Male,23,AIML,3,Pune,Upper Middle,84.09,30,48.4,24,9,8,6,7,Apache Spark,30.47,25.41,65.29,72.43,A,6.98,67.77,42.55,54.91,57.48,No,Not Placed,0,Good
102141,Student_102141,Female,18,Cyber Security,6,Pune,Upper Middle,65.38,28,300,11,5,8,2,2,Machine Learning,29.81,14.9,49.09,56.83,B,5.55,52.39,51.04,51.09,25.3,Yes,Not Placed,0,Average
102142,Student_102142,Male,22,Data Science,7,Pune,Lower Middle,64.9,11,25.52,11,4,6,3,7,Deep Learning,24.58,22.89,64.68,66.03,B,6.85,45.69,78.7,30.07,57.5,Yes,Not Placed,0,Average
102143,Student_102143,Male,18,CSE,7,Mumbai,High,64.28,30,42.4,19,8,7,4,7,NLP,16.27,4.74,15.14,22.93,C,2.7,20.59,12.75,55.37,0,No,Not Placed,0,Poor
102144,Student_102144,Male,20,CSE,2,Kolhapur,High,78.23,61,70.57,30,11,17,10,11,Big Data,35.3,22.41,93.33,88.09,A+,9.28,58.01,69.81,71.96,72.43,No,Not Placed,0,Excellent
102145,Student_102145,Other,18,IT,6,Kolhapur,Upper Middle,,13,41.62,,7,10,1,6,Deep Learning,13.66,16.96,65.56,54.33,C,5.89,48.09,59.22,55.74,53.22,Yes,Not Placed,0,Poor
102146,Student_102146,Female,23,Cyber Security,8,Nagpur,Lower Middle,84.37,36,32.94,23,12,7,1,5,NLP,28.05,29.34,77.32,79.26,A,7.86,77.19,75.59,75.16,92.71,Yes,Placed,3.07,Good
102147,Student_102147,Other,21,AIML,2,,Middle,92.0,54,81.55,33,12,20,10,13,Statistics,27.89,22.51,52.29,62.07,B,6.15,72.94,59.06,100,78.08,No,Not Placed,0,Average
102148,Student_102148,Female,19,IT,7,Nagpur,Upper Middle,68.51,44,37.6,16,9,12,0,7,Big Data,25.43,23.83,56.25,63.08,B,6.14,,67.21,63.37,46.49,No,Not Placed,0,Average
102149,Student_102149,Other,19,ECE,3,Mumbai,Middle,76.97,48,36.57,24,10,11,6,7,Big Data,19.02,16.1,58.93,54.46,C,5.71,35.28,44.36,54.3,43.24,Yes,Not Placed,0,Poor
102150,Student_102150,Male,22,Cyber Security,7,Nagpur,High,63.18,18,12.87,10,5,8,6,5,Statistics,17.52,17.9,45.41,47.78,C,4.74,23.8,44.05,30.01,34.7,No,Not Placed,0,Poor
102151,Student_102151,Male,19,Data Science,4,Thane,High,74.53,28,24.68,15,8,10,0,6,Apache Spark,16.71,14.05,72.6,58.19,B,5.76,27.69,50.2,52.37,57.23,No,Not Placed,0,Average
102152,Student_102152,Other,21,CSE,2,Mumbai,Middle,75.05,51,52.54,23,12,15,8,11,Statistics,32.87,23.31,72.51,76.45,A,7.88,66.98,49.67,56.98,66.84,Yes,Placed,13.44,Good
102153,Student_102153,Male,25,AIML,6,Pune,Middle,85.11,57,,33,10,12,8,12,Deep Learning,26.07,30,85.61,82.36,A,8.02,83.11,75.4,72.13,86.23,Yes,Placed,13.89,Good
102154,Student_102154,Male,22,AIML,6,Pune,Lower Middle,98,64,77.38,35,12,16,11,14,Big Data,23.44,26.06,71.49,70.69,A,6.95,75.0,46.36,90.84,72.89,No,Placed,4.69,Good
102155,Student_102155,Other,19,CSE,4,Mumbai,Middle,71.58,27,,20,8,9,1,6,Machine Learning,32.56,25.0,84.01,83.09,A,8.4,74.0,100,63.61,74.04,No,Placed,13.1,Good
102156,Student_102156,Male,19,AIML,6,Mumbai,High,66.29,21,27.66,24,6,8,5,3,Big Data,31.75,20.94,56.75,66.15,B,6.61,76.29,67.14,60.16,64.12,No,Not Placed,0,Average
102157,Student_102157,Male,21,ECE,6,Satara,Middle,64.35,21,19.19,14,7,7,2,6,Deep Learning,29.9,22.75,63.76,69.48,B,7.12,66.46,48.78,21.42,42.93,Yes,Not Placed,0,Average
102158,Student_102158,Male,24,ECE,3,Nashik,Lower Middle,92.3,48,62.93,23,10,16,5,7,Apache Spark,39.82,30,75.51,87.62,A+,8.41,84.95,74.29,93.56,56.95,Yes,Placed,4.1,Excellent
102159,Student_102159,Other,24,Data Science,3,Mumbai,High,68.79,22,47.83,22,8,10,5,7,Apache Spark,30.86,21.01,71.55,72.93,A,7.58,80.67,63.37,43.91,48.19,No,Placed,11.3,Good
102160,Student_102160,Male,24,Cyber Security,3,Pune,Upper Middle,66.67,24,4.52,11,2,11,2,5,Big Data,16.3,16.84,46.6,46.75,C,4.75,32.02,54.17,37.08,4.42,No,Not Placed,0,Poor
102161,Student_102161,Male,25,CSE,2,Satara,Lower Middle,5,50,29.51,20,6,10,2,9,Machine Learning,24.66,10.12,51.4,50.94,C,4.84,45.4,24.46,48.78,44.56,No,Not Placed,0,Poor
102162,Student_102162,Male,21,IT,1,Nagpur,Lower Middle,63.17,15,32.74,13,3,6,0,4,Apache Spark,27.27,30,65.34,73.13,A,7.74,70.48,49.2,36.48,49.77,No,Not Placed,0,Good
102163,Student_102163,Other,24,Cyber Security,8,Satara,,74.64,58,60.81,30,12,12,6,13,Machine Learning,27.99,18.3,66.37,66.38,B,6.56,62.71,51.34,75.04,65.67,No,Not Placed,0,Average
102164,Student_102164,Other,23,CSE,5,Nagpur,Lower Middle,76.98,30,35.2,25,8,9,5,8,Big Data,37.79,21.84,68.14,76.97,A,7.78,39.95,46.59,66.67,59.26,No,Not Placed,0,Good
102165,Student_102165,Other,23,ECE,2,Thane,Lower Middle,82.36,38,71.37,26,10,16,6,10,Big Data,35.01,19.96,73.89,76.51,A,7.94,49.02,57.82,63.23,52.43,Yes,Not Placed,0,Good
102166,Student_102166,Other,21,Data Science,3,Satara,High,70.81,69,37.67,27,12,15,6,12,Deep Learning,10.8,15.11,34.38,35.36,C,3.6,14.49,13.98,61.17,19.11,No,Not Placed,0,Poor
102167,Student_102167,Male,25,ECE,6,Kolhapur,Middle,78.91,32,71.62,26,10,10,7,11,Apache Spark,36.52,30,85.63,90.21,A+,9.21,86.63,63.87,76.49,69.04,No,Placed,3.17,Excellent
102168,Student_102168,Male,21,CSE,8,Kolhapur,Lower Middle,94.33,60,70.6,25,9,16,6,9,NLP,34.41,26.57,,93.52,A+,9.2,91.67,71.27,53.78,88.45,Yes,Placed,5.53,Excellent
102169,Student_102169,Male,24,ECE,2,Mumbai,Upper Middle,60.91,30,31.5,12,7,12,3,5,Big Data,19.78,12.31,45.94,46.02,C,4.77,29.08,18.61,72.3,28.5,No,Not Placed,0,Poor
102170,Student_102170,Male,20,Cyber Security,4,Satara,Middle,75.71,29,40.5,16,5,9,1,3,Machine Learning,18.0,14.54,36.42,41.41,C,4.4,35.93,47.29,46.82,64.91,No,Not Placed,0,Poor
102171,Student_102171,Other,20,ECE,5,Kolhapur,High,86.64,27,24.7,22,10,10,5,8,Statistics,27.87,13.2,65.99,62.7,B,5.93,70.91,56.68,48.71,34.72,No,Not Placed,0,Average
102172,Student_102172,Male,19,Cyber Security,1,Nashik,Upper Middle,77.9,36,36.07,,6,10,3,5,Machine Learning,30.11,17.75,50.25,59.54,B,5.42,52.84,32.91,41.38,40.51,No,Not Placed,0,Average
102173,Student_102173,Male,20,Data Science,8,Kolhapur,High,59.58,32,28.56,22,6,7,1,7,Machine Learning,23.36,19.96,62.71,62.19,B,6.33,57.62,52.91,45.39,33.29,No,Not Placed,0,Average
102174,Student_102174,Male,20,IT,5,Pune,Low,78.94,32,46.42,,8,8,5,7,Statistics,36.69,27.39,76.02,83.79,A,8.26,71.82,62.39,61.27,76.68,Yes,Placed,8.8,Good
102175,Student_102175,Other,23,CSE,5,Nashik,Lower Middle,71.25,32,45.78,19,6,12,1,7,Statistics,32.12,19.3,55.68,64.79,B,6.72,37.82,59.18,52.47,18.09,Yes,Not Placed,0,Average
102176,Student_102176,Male,23,Cyber Security,4,Nagpur,Upper Middle,79.89,44,40.1,23,7,11,2,8,Machine Learning,29.73,18.61,60.11,64.76,B,6.6,55.21,45.69,,48.08,Yes,Placed,8.82,Average
102177,Student_102177,Female,18,Data Science,8,Pune,High,84.29,45,84.45,28,7,9,4,10,Apache Spark,,29.18,99.06,97.28,A+,9.93,81.35,88.77,61.33,80.14,Yes,Placed,11.37,Excellent
102178,Student_102178,Other,23,ECE,7,Nagpur,High,73.99,33,23.25,19,9,8,6,6,Statistics,13.13,8.5,37.25,34.14,C,3.17,20.6,16.04,51.54,18.71,No,Not Placed,0,Poor
102179,Student_102179,Other,21,AIML,5,Nagpur,Upper Middle,71.27,42,68.85,24,11,16,4,11,Big Data,28.57,19.97,85.45,77.47,A,7.95,59.01,62.76,61.61,49.99,No,Not Placed,0,Good
102180,Student_102180,Male,25,CSE,1,Pune,Lower Middle,66.53,16,28.16,12,6,9,5,0,NLP,19.8,21.1,57.39,57.61,B,5.93,64.02,37.09,19.92,74.23,No,Not Placed,0,Average
102181,Student_102181,Female,22,IT,4,Kolhapur,,66.79,26,13.6,13,6,6,2,4,Machine Learning,24.84,23.18,55.31,61.74,B,6.6,77.19,83.87,43.12,46.9,No,Not Placed,0,Average
102182,Student_102182,Other,23,IT,5,Kolhapur,High,86.0,44,66.0,22,9,13,6,8,Deep Learning,31.34,21.18,76.58,75.91,A,7.71,57.89,77.24,52.08,79.64,No,Not Placed,0,Good
102183,Student_102183,Male,19,CSE,6,Nashik,Low,52.72,16,13.84,11,4,4,0,4,Machine Learning,3.64,3.42,33.28,21.65,C,2.18,27.57,17.66,39.09,34.13,No,Not Placed,0,Poor
102184,Student_102184,Other,21,ECE,7,Pune,Low,73.79,29,25.26,18,11,14,4,5,Machine Learning,22.35,21.24,64.31,63.08,B,5.88,58.68,42.13,26.87,69.32,Yes,Not Placed,0,Average
102185,Student_102185,Male,24,CSE,6,Kolhapur,High,72.0,37,,22,8,12,3,8,Statistics,25.49,27.47,70.69,72.78,A,7.24,54.88,47.92,50.13,84.44,No,Not Placed,0,Good
102186,Student_102186,Female,25,Cyber Security,2,,Middle,,44,27.25,13,9,9,4,7,Statistics,31.46,27.79,75.25,79.75,A,7.47,69.38,71.55,67.52,53.37,Yes,Not Placed,0,Good
102187,Student_102187,Female,24,AIML,1,Nagpur,Middle,80.0,30,32.18,16,8,7,5,4,Statistics,22.94,17.5,59.95,58.85,B,5.86,65.26,81.12,63.74,42.11,No,Not Placed,0,Average
102188,Student_102188,Female,24,IT,1,Mumbai,Low,85.54,52,54.9,30,12,15,10,9,Big Data,40,25.65,88.04,91.12,A+,9.01,68.33,53.55,85.84,61.27,Yes,Placed,6.01,Excellent
102189,Student_102189,Female,20,ECE,2,Pune,Low,66.68,16,37.11,12,5,11,1,5,Apache Spark,21.72,20.08,58.77,59.06,B,6.41,53.05,55.33,64.53,44.64,No,Not Placed,0,Average
102190,Student_102190,Other,18,AIML,1,Nagpur,Middle,62.37,50,25.27,17,9,12,8,4,Statistics,23.33,7.56,45.16,45.12,C,4.52,58.11,47.37,70.79,54.06,No,Not Placed,0,Poor
102191,Student_102191,Male,25,CSE,6,Nagpur,Upper Middle,86.24,59,64.38,31,11,8,6,9,Apache Spark,33.34,30,76.08,83.05,A,7.77,65.72,51.09,57.84,44.55,Yes,Placed,13.4,Good
102192,Student_102192,Female,22,ECE,1,Satara,Middle,82.83,34,72.74,21,9,12,7,10,Deep Learning,28.26,27.84,72.53,76.02,A,7.69,55.91,60.17,53.41,46.64,Yes,Placed,7.46,Good
102193,Student_102193,Other,22,ECE,5,Satara,Middle,85.28,24,60.54,19,9,10,3,3,NLP,40,30,95.57,97.79,A+,9.54,69.18,98.33,66.15,69.48,Yes,Placed,7.66,Excellent
102194,Student_102194,Male,19,IT,5,Satara,Upper Middle,70.8,33,32.95,19,5,8,1,3,NLP,24.9,24.86,,72.87,A,6.9,83.14,100,54.61,50.31,Yes,Placed,9.13,Good
102195,Student_102195,Female,24,CSE,1,Pune,Middle,83.22,33,47.8,15,6,5,0,7,Deep Learning,25.89,25.92,69.3,71.35,A,7.48,52.51,59.08,35.68,36.9,No,Not Placed,0,Good
102196,Student_102196,Female,19,CSE,6,Kolhapur,Lower Middle,72.59,45,26.96,16,8,8,3,4,Big Data,24.76,25.77,75.49,73.49,A,7.35,81.51,72.5,67.6,39.16,No,Not Placed,0,Good
102197,Student_102197,Female,25,AIML,3,Nagpur,High,80.21,27,25.07,29,8,12,3,10,Big Data,28.21,26.56,56.02,66.88,B,6.64,69.98,59.06,79.13,53.65,No,Not Placed,35,Average
102198,Student_102198,Other,18,Cyber Security,5,Kolhapur,Low,64.94,46,,13,5,7,3,5,Apache Spark,14.09,8.71,38.89,35.82,C,3.22,10.28,42.05,61.44,29.41,Yes,Not Placed,0,Poor
102199,Student_102199,,20,IT,1,Mumbai,Upper Middle,85.76,48,80.83,34,9,14,8,6,Deep Learning,40,30,92.2,96.1,A+,10,100,75.46,68.81,79.55,No,Placed,6.61,Excellent
102200,Student_102200,Female,22,CSE,7,Mumbai,Middle,76.5,48,42.7,31,10,13,5,5,Big Data,24.69,18.02,47.87,54.47,C,5.95,33.62,18.95,82.16,38.54,No,Not Placed,0,Poor
102201,Student_102201,Male,25,AIML,8,Nashik,Upper Middle,90.71,61,53.22,26,10,14,8,14,Machine Learning,39.65,23.04,72.93,81.56,A,8.29,81.54,55.08,65.29,60.05,No,Placed,6.1,Good
102202,Student_102202,Other,21,CSE,7,Pune,Upper Middle,84.88,40,46.62,22,12,11,6,3,Machine Learning,24.72,23.37,61.73,64.98,B,6.78,52.3,49.61,40.37,39.66,Yes,Not Placed,0,Average
102203,Student_102203,Female,24,Data Science,5,Pune,Upper Middle,87.21,72,82.34,41,11,15,8,9,Statistics,34.21,20.05,82.48,80.27,A,8.18,61.62,63.25,73.87,64.47,No,Not Placed,0,Good
102204,Student_102204,Other,22,IT,8,Nashik,High,87.02,64,72.14,30,12,16,10,8,Big Data,40,26.27,76.36,85.7,A+,8.17,88.63,53.64,65.44,83.29,No,Placed,8.75,Excellent
102205,Student_102205,Female,19,Data Science,1,Thane,High,61.02,29,46.99,15,9,2,1,6,Apache Spark,19.46,19.76,52.52,54.02,C,5.43,56.46,47.88,54.13,42.12,No,Not Placed,0,Poor
102206,Student_102206,Male,19,IT,5,Pune,Upper Middle,98,53,78.43,31,12,16,7,15,Statistics,40,30,61.62,80.81,A,8.14,82.19,52.32,67.78,73.69,Yes,Placed,5.73,Good
102207,Student_102207,Female,19,IT,4,Pune,Low,83.69,45,52.03,17,8,11,6,7,Statistics,27.18,21.47,58.04,63.72,B,6.52,38.44,68.04,68.12,70.68,No,Not Placed,0,Average
102208,Student_102208,Female,23,IT,3,Nashik,Middle,88.07,52,51.25,26,10,13,5,7,Statistics,32.77,23.82,70.0,75.46,A,7.17,72.77,83.43,78.69,56.87,No,Placed,9.93,Good
102209,Student_102209,Other,22,IT,4,Mumbai,Low,61.51,12,21.77,10,6,5,2,1,Deep Learning,22.17,15.39,46.34,50.05,C,5.38,58.83,70.87,23.92,51.07,No,Not Placed,0,Poor
102210,Student_102210,Male,21,CSE,7,Mumbai,Low,74.87,38,23.48,9,9,11,2,3,Apache Spark,24.93,14.99,64.21,60.8,B,6.05,39.8,45.27,48.29,44.59,No,Not Placed,0,Average
102211,Student_102211,Other,23,ECE,2,Nashik,Middle,82.32,46,65.52,15,10,9,6,10,Machine Learning,32.42,26.74,80.5,82.39,A,7.86,76.0,74.81,73.57,68.19,Yes,Not Placed,0,Good
102212,Student_102212,Female,20,IT,7,Thane,Low,53.94,23,13.49,9,2,3,0,0,Machine Learning,22.99,13.35,57.45,54.87,C,5.21,67.04,52.66,38.47,42.77,No,Not Placed,0,Poor
102213,Student_102213,Male,19,Cyber Security,8,Kolhapur,High,61.54,21,16.14,17,10,7,2,6,Apache Spark,17.98,11.09,47.84,44.8,C,4.49,37.46,41.97,31.66,41.89,Yes,Not Placed,0,Poor
102214,Student_102214,Male,20,AIML,1,Thane,Middle,63.63,41,13.38,16,8,10,0,3,Machine Learning,21.25,13.29,58.09,53.84,C,5.79,59.12,56.48,44.13,45.27,Yes,Not Placed,0,Poor
102215,Student_102215,Female,20,AIML,3,Mumbai,Upper Middle,49.46,6,9.12,9,2,5,3,0,Statistics,14.7,8.63,33.54,33.55,C,3.85,25.59,47.73,37.92,19.02,No,Not Placed,0,Poor
102216,Student_102216,Other,21,CSE,3,Pune,Low,86.35,53,67.68,29,11,16,7,10,Apache Spark,34.91,30,65.38,78.87,A,7.72,73.39,72.16,69.2,83.17,No,Placed,11.52,Good
102217,Student_102217,Male,19,Data Science,4,Nashik,High,71.46,28,49.23,22,8,9,3,7,Big Data,20.63,16.63,57.57,55.34,B,5.83,34.87,60.37,58.75,47.97,No,Not Placed,0,Average
102218,Student_102218,Female,18,ECE,2,Pune,Middle,74.57,49,28.57,17,9,7,4,11,Deep Learning,6.59,7.98,35.54,28.03,C,2.61,0,13.14,76.17,10.87,No,Not Placed,0,Poor
102219,Student_102219,Male,22,Cyber Security,1,Pune,Lower Middle,98,63,73.26,34,12,13,8,11,Statistics,40,30,96.31,98.16,A+,10.0,100,91.91,56.68,100,No,Placed,3.84,Excellent
102220,Student_102220,Male,20,CSE,5,Satara,Low,73.63,28,48.74,27,8,9,4,9,NLP,27.32,26.87,84.71,80.76,A,8.01,100,77.03,67.98,70.93,Yes,Placed,9.63,Good
102221,Student_102221,Other,19,IT,1,Satara,Upper Middle,72.46,40,53.89,31,8,12,7,8,Big Data,24.21,17.2,66.12,62.69,B,5.95,47.49,36.42,82.87,66.71,No,Not Placed,0,Average
102222,Student_102222,Female,24,CSE,6,Mumbai,Lower Middle,76.35,29,41.86,18,9,12,1,6,NLP,22.14,20.45,49.85,55.16,B,5.49,40.78,66.58,51.25,62.09,No,Not Placed,0,Average
102223,Student_102223,Other,18,AIML,4,Mumbai,High,63.55,17,9.6,21,7,7,0,4,Machine Learning,11.52,10.52,29.18,30.24,C,3.25,8.27,0,46.6,3.88,No,Not Placed,0,Poor
102224,Student_102224,Female,24,Cyber Security,3,Nagpur,Middle,98,36,77.78,22,7,11,5,6,Machine Learning,40,26.13,100,97.42,A+,9.14,98.4,92.61,79.52,86.57,No,Placed,6.66,Excellent
102225,Student_102225,Other,18,Data Science,1,Satara,Middle,125,8,26.82,4,4,4,0,0,Statistics,18.74,15.72,59.14,54.11,C,5.16,55.92,41.14,28.21,30.2,No,Not Placed,0,Poor
102226,Student_102226,Male,20,AIML,2,Pune,Low,58.53,18,33.23,13,3,10,2,3,Machine Learning,34.93,23.39,72.43,78.0,A,7.68,62.87,63.5,28.11,57.72,No,Not Placed,0,Good
102227,Student_102227,Female,19,IT,7,Kolhapur,Lower Middle,72.87,43,45.56,29,10,11,4,12,Deep Learning,8.59,9.77,38.33,32.12,C,3.72,43.37,2.75,62.36,22.65,Yes,Not Placed,0,Poor
102228,Student_102228,Female,23,AIML,1,Kolhapur,Middle,79.12,35,54.91,28,9,12,5,3,Big Data,35.01,30,86.82,89.67,A+,8.92,64.65,44.59,76.19,66.13,Yes,Not Placed,0,Excellent
102229,Student_102229,,20,Cyber Security,3,Kolhapur,Middle,75.06,35,29.0,27,8,11,2,5,Machine Learning,18.62,13.91,51.54,49.01,C,4.95,44.68,34.28,43.46,61.24,No,Not Placed,0,Poor
102230,Student_102230,Other,23,CSE,5,Pune,Middle,87.67,48,85.26,33,11,14,6,11,Machine Learning,34.31,28.08,73.9,81.41,A,8.17,68.96,67.67,92.47,63.99,Yes,Placed,11.51,Good
102231,Student_102231,Other,21,Cyber Security,6,Nagpur,High,92.18,35,40.61,20,8,12,6,9,Deep Learning,40,30,83.34,91.67,A+,9.33,83.09,74.6,81.92,76.75,No,Placed,8.69,Excellent
102232,Student_102232,,25,Cyber Security,2,Thane,Lower Middle,88.55,51,68.34,29,7,14,6,9,Statistics,32.93,30,69.26,79.33,A,7.9,72.64,35.27,73.84,53.2,Yes,Placed,7.35,Good
102233,Student_102233,Male,22,IT,3,Thane,Lower Middle,91.23,66,121.7,41,12,18,11,8,Machine Learning,29.98,29.83,87.46,86.1,A+,9.28,76.91,53.83,83.71,90.96,Yes,Placed,6.03,Excellent
102234,Student_102234,Female,21,CSE,5,Pune,Low,58.83,35,23.83,12,6,10,7,4,Statistics,20.72,18.31,42.92,49.21,C,5.1,36.24,32.02,44.43,48.66,Yes,Not Placed,0,Poor
102235,Student_102235,Other,23,Cyber Security,3,Satara,Lower Middle,73.93,24,41.64,24,8,9,4,5,Deep Learning,27.45,23.66,77.69,75.2,A,7.82,74.42,53.54,58.8,63.4,No,Not Placed,0,Good
102236,Student_102236,Female,18,ECE,8,Thane,Upper Middle,83.47,44,42.24,25,9,13,8,8,Statistics,21.26,12.82,49.71,49.35,C,4.64,35.06,19.91,70.95,55.05,No,Not Placed,0,Poor
102237,Student_102237,Male,21,IT,8,Nagpur,Lower Middle,64.05,30,26.68,12,9,11,3,6,Big Data,19.34,21.44,38.72,48.16,C,4.83,17.17,40.9,68.38,20.31,No,Not Placed,0,Poor
102238,Student_102238,Female,24,AIML,4,Mumbai,Lower Middle,89.05,59,74.14,35,12,16,10,13,Statistics,32.1,20.13,73.31,74.14,A,7.61,63.18,31.7,58.83,68.86,No,Not Placed,0,Good
102239,Student_102239,Other,20,Cyber Security,6,Pune,High,75.9,22,69.74,14,8,8,5,8,Statistics,33.33,30,80.06,85.03,A+,8.7,87.71,76.93,49.24,69.4,Yes,Placed,10.08,Excellent
102240,Student_102240,Other,20,AIML,3,Satara,Low,74.77,53,44.65,27,11,13,11,17,Apache Spark,14.83,15.19,47.38,44.94,C,4.18,37.31,47.57,60.97,22.16,No,Not Placed,0,Poor
102241,Student_102241,Female,21,Cyber Security,1,Pune,High,73.58,33,36.98,24,7,12,4,3,Machine Learning,16.79,20.59,71.83,62.24,B,6.65,54.84,59.06,48.07,40.37,Yes,Not Placed,0,Average
102242,Student_102242,Female,24,CSE,8,Kolhapur,Low,75.77,35,28.03,,8,9,6,10,Deep Learning,20.93,17.12,50.55,52.38,C,4.8,48.38,60.14,78.46,34.42,No,Not Placed,0,Poor
102243,Student_102243,Male,18,ECE,2,Satara,Lower Middle,80.1,32,46.53,14,10,7,3,6,Big Data,40,30,97.88,98.94,A+,9.78,78.18,97.29,59.53,89.16,No,Placed,12.98,Excellent
102244,Student_102244,Male,19,Cyber Security,2,Thane,Low,59.56,32,9.81,11,7,10,0,1,Big Data,26.01,18.66,57.69,60.79,B,6.12,52.6,53.02,31.42,30.24,No,Not Placed,0,Average
102245,Student_102245,Male,24,IT,8,Satara,Low,98,67,94.09,39,12,16,8,11,Big Data,40,30,100,100.0,A+,9.75,100,95.43,69.76,96.41,Yes,Placed,9.38,Excellent
102246,Student_102246,Female,25,ECE,4,Nashik,Upper Middle,80.37,34,51.42,27,12,11,4,4,Machine Learning,25.53,19.33,60.75,62.41,B,5.89,39.98,39.19,83.99,76.07,No,Not Placed,0,Average
102247,Student_102247,Female,21,AIML,6,Kolhapur,Middle,71.58,34,29.07,15,6,9,4,4,NLP,19.42,17.63,59.04,55.84,B,6.23,49.75,72.88,45.77,22.43,Yes,Placed,9.76,Average
102248,Student_102248,Female,21,CSE,6,Nashik,Upper Middle,79.27,31,61.78,17,5,10,6,9,NLP,34.37,24.74,71.54,78.05,A,8.17,75.34,72.01,52.98,53.35,No,Not Placed,0,Good
102249,Student_102249,Male,20,Cyber Security,7,Pune,Middle,93.95,42,69.05,34,11,19,12,12,Apache Spark,30.27,17.49,81.82,75.27,A,7.61,50.19,66.86,70.48,62.88,Yes,Placed,11.36,Good
102250,Student_102250,Female,22,CSE,6,Satara,Upper Middle,64.57,16,32.54,8,4,4,2,0,Apache Spark,11.1,15.92,44.17,41.02,C,4.24,40.05,56.69,57.32,29.87,No,Not Placed,0,Poor
102251,Student_102251,Female,19,ECE,7,,Low,68.69,26,36.91,11,7,11,4,9,Apache Spark,28.29,17.83,62.59,64.4,B,6.62,59.04,45.94,65.31,40.58,No,Not Placed,0,Average
102252,Student_102252,Male,19,CSE,5,Thane,Middle,69.84,30,58.08,13,7,8,5,6,NLP,27.95,27.93,70.7,74.93,A,7.78,78.31,67.22,49.16,88.28,Yes,Placed,3.72,Good
102253,Student_102253,Female,20,CSE,4,Mumbai,Middle,83.74,31,48.79,21,6,9,5,8,Big Data,31.72,30,,84.19,A,8.21,90.38,70.55,66.27,79.92,No,Not Placed,0,Good
102254,Student_102254,Female,23,Data Science,7,Satara,Low,90.84,58,64.14,30,12,18,2,12,Deep Learning,16.47,21.21,65.58,59.28,B,5.92,56.7,50.16,76.9,72.2,No,Not Placed,0,Average
102255,Student_102255,,21,CSE,3,Nashik,Lower Middle,64.61,15,4.53,13,5,7,0,4,Machine Learning,24.68,28.31,65.17,69.97,B,6.82,41.66,58.86,29.16,42.77,No,Not Placed,0,Average
102256,Student_102256,Male,19,IT,4,Kolhapur,Lower Middle,75.76,25,40.65,20,11,12,3,5,NLP,26.44,17.88,51.37,57.43,B,5.96,70.24,62.41,44.83,36.28,No,Not Placed,0,Average
102257,Student_102257,Male,25,AIML,5,Pune,Low,65.69,30,42.97,19,7,9,4,2,Deep Learning,13.09,8.03,23.14,26.74,C,2.84,20.68,39.21,49.41,39.51,No,Not Placed,0,Poor
102258,Student_102258,Other,21,AIML,7,Pune,Low,77.06,35,68.9,21,10,10,2,7,Statistics,31.39,22.66,79.49,78.39,A,7.98,87.98,68.25,73.04,65.69,No,Placed,11.18,Good
102259,Student_102259,Male,20,CSE,3,Nagpur,Low,66.78,32,59.37,,10,10,5,7,Deep Learning,21.9,25.37,45.36,56.02,B,5.06,36.75,55.64,57.51,30.83,Yes,Not Placed,0,Average
102260,Student_102260,Other,24,Cyber Security,4,Satara,High,62.18,30,48.16,,6,7,4,6,Deep Learning,20.83,19.85,53.18,55.44,B,4.95,25.93,58.96,53.24,23.14,No,Not Placed,0,Average
102261,Student_102261,Male,19,Data Science,3,Thane,Lower Middle,70.69,35,58.86,19,11,8,5,8,Big Data,18.21,19.67,63.28,58.41,B,5.77,64.25,37.61,65.69,34.39,No,Not Placed,0,Average
102262,Student_102262,Other,20,IT,6,Mumbai,Lower Middle,,31,44.75,12,6,10,2,1,NLP,30.97,16.58,74.11,71.33,A,7.26,58.85,62.2,58.34,41.11,Yes,Placed,7.32,Good
102263,Student_102263,Male,20,Cyber Security,2,Pune,Low,78.08,26,69.19,21,7,12,2,8,NLP,37.2,28.45,73.52,83.63,A,8.92,100,100,57.84,86.37,Yes,Placed,4.12,Good
102264,Student_102264,Other,20,Cyber Security,2,Thane,Upper Middle,61.75,12,35.66,17,7,9,0,7,Apache Spark,22.04,24.47,62.19,63.94,B,6.33,60.65,51.3,59.43,61.49,No,Not Placed,0,Average
102265,Student_102265,Other,25,IT,7,Nagpur,Upper Middle,69.8,24,13.59,26,5,13,5,8,Statistics,24.76,18.39,44.67,53.16,C,5.46,65.0,42.7,40.91,49.96,No,Not Placed,0,Poor
102266,Student_102266,Female,21,Data Science,3,Nashik,Upper Middle,70.44,25,19.75,16,5,4,6,2,Deep Learning,33.77,27.05,69.72,78.22,A,7.81,58.42,71.68,60.0,35.72,No,Not Placed,0,Good
102267,Student_102267,Other,21,AIML,4,Mumbai,Lower Middle,80.93,53,46.72,29,8,11,5,8,Statistics,17.73,16.48,43.43,46.0,C,4.87,50.49,46.76,53.01,18.97,No,Not Placed,0,Poor
102268,Student_102268,Female,45,AIML,3,Satara,Upper Middle,84.81,31,56.91,23,10,10,1,7,Machine Learning,25.62,20.54,67.62,66.72,B,6.45,53.16,59.08,55.2,54.49,Yes,Not Placed,0,Average
102269,Student_102269,Male,25,CSE,7,Satara,Lower Middle,80.19,29,42.63,18,9,8,5,5,NLP,28.24,27.98,71.98,75.82,A,8.07,48.49,50.55,59.39,59.17,Yes,Not Placed,0,Good
102270,Student_102270,Male,20,Data Science,3,Satara,Middle,86.97,38,68.78,17,10,11,3,12,Statistics,24.15,15.43,61.77,59.28,B,5.79,65.85,41.38,62.68,56.42,No,Not Placed,0,Average
102271,Student_102271,Female,25,Cyber Security,2,Nagpur,Middle,69.2,30,30.09,13,5,8,4,2,Statistics,28.93,22.41,63.13,68.2,B,6.68,68.04,73.03,55.38,49.06,No,Not Placed,0,Average
102272,Student_102272,Male,24,ECE,3,Mumbai,High,62.92,14,50.25,10,6,7,0,8,Statistics,20.28,18.06,70.28,62.39,B,6.33,63.23,46.26,41.09,41.51,Yes,Placed,13.9,Average
102273,Student_102273,Other,24,CSE,6,Thane,Middle,79.88,32,55.67,28,9,12,7,6,Apache Spark,31.43,24.34,84.01,81.81,A,7.94,90.57,91.19,44.65,62.58,Yes,Placed,11.12,Good
102274,Student_102274,Other,18,Data Science,3,Mumbai,Lower Middle,74.83,35,22.79,14,6,5,5,5,Apache Spark,25.82,17.92,45.84,54.23,C,5.49,31.81,51.14,52.08,23.36,No,Not Placed,0,Poor
102275,Student_102275,Male,20,CSE,1,Nashik,Upper Middle,70.43,51,41.04,24,10,14,5,6,Deep Learning,,15.01,46.98,52.0,C,5.57,43.57,36.73,75.12,31.28,No,Not Placed,0,Poor
102276,Student_102276,Other,20,ECE,3,Mumbai,Upper Middle,63.05,16,19.76,15,8,12,2,6,Machine Learning,21.07,19.15,68.04,62.59,B,6.34,52.75,45.06,46.93,53.54,Yes,Not Placed,0,Average
102277,Student_102277,Other,20,Data Science,1,Kolhapur,Middle,75.97,28,30.9,,6,7,2,3,Deep Learning,34.28,23.35,86.15,84.35,A,8.75,71.89,68.67,53.88,43.69,No,Not Placed,0,Good
102278,Student_102278,Other,22,Data Science,6,Thane,Lower Middle,79.97,39,52.03,27,11,14,5,9,Deep Learning,17.12,20.67,55.28,54.26,C,4.93,38.82,29.33,67.68,61.01,No,Not Placed,0,Poor
102279,Student_102279,Female,18,CSE,7,Kolhapur,Middle,81.37,29,28.01,29,9,11,7,5,Machine Learning,14.38,13.7,,50.35,C,4.75,42.71,36.58,70.09,39.41,No,Not Placed,0,Poor
102280,Student_102280,Female,25,CSE,3,Mumbai,Lower Middle,77.74,34,36.73,20,10,11,3,7,NLP,21.08,27.66,55.41,61.96,B,6.56,51.96,24.61,43.52,49.06,Yes,Not Placed,0,Average
102281,Student_102281,Other,20,CSE,8,Thane,Middle,72.38,27,26.21,28,9,12,6,5,Statistics,14.65,6.12,57.48,43.81,C,4.71,41.5,39.03,47.49,12.28,No,Not Placed,0,Poor
102282,Student_102282,Other,23,Cyber Security,7,Thane,Lower Middle,68.14,11,,11,4,3,0,1,Big Data,13.89,10.96,31.54,33.49,C,3.08,16.41,18.7,38.24,32.89,No,Not Placed,0,Poor
102283,Student_102283,Female,19,ECE,2,Thane,High,65.09,35,37.89,17,9,12,3,4,Machine Learning,29.04,18.7,74.7,71.6,A,7.38,57.34,41.51,54.57,31.45,No,Not Placed,0,Good
102284,Student_102284,Other,23,IT,6,Nashik,Low,61.08,3,0,6,3,3,2,0,Deep Learning,23.35,19.81,48.47,54.95,C,5.42,39.73,39.46,11.96,34.31,No,Not Placed,0,Poor
102285,Student_102285,Female,19,ECE,4,Mumbai,High,92.36,51,68.89,30,11,14,8,12,Apache Spark,26.78,21.6,65.34,67.16,B,6.57,59.1,38.76,47.99,45.48,Yes,Not Placed,0,Average
102286,Student_102286,Male,24,ECE,7,Satara,High,64.84,29,50.94,23,8,11,7,5,Big Data,25.34,15.8,60.38,59.73,B,6.25,57.67,31.61,75.25,52.15,No,Not Placed,0,Average
102287,Student_102287,Other,19,CSE,4,,Low,87.29,28,63.97,18,10,10,9,3,Deep Learning,40,29.35,74.47,86.8,A+,8.55,92.16,86.72,67.25,87.83,Yes,Placed,12.34,Excellent
102288,Student_102288,Male,18,Cyber Security,7,Kolhapur,High,56.27,16,23.82,15,4,6,4,4,Apache Spark,34.0,24.02,47.97,65.5,B,6.54,78.88,60.36,41.62,28.03,Yes,Placed,12.86,Average
102289,Student_102289,Female,24,AIML,3,Mumbai,Upper Middle,72.62,25,42.61,18,9,10,4,5,Statistics,36.35,24.42,89.34,88.21,A+,8.51,75.46,62.62,47.23,75.54,Yes,Placed,6.3,Excellent
102290,Student_102290,Other,22,CSE,6,Thane,High,72.72,20,27.92,21,7,6,0,4,Deep Learning,35.26,25.51,68.46,77.68,A,8.36,71.21,82.36,49.65,50.3,Yes,Placed,8.37,Good
102291,Student_102291,Other,19,ECE,6,Nagpur,Middle,70.81,37,12.89,9,8,10,4,4,Apache Spark,18.13,10.41,34.79,37.93,C,3.62,29.86,52.22,,7.3,Yes,Not Placed,0,Poor
102292,Student_102292,Other,25,AIML,6,Nashik,Upper Middle,71.36,28,69.35,22,9,14,3,5,Statistics,34.78,20.1,88.95,83.96,A,8.17,96.73,87.65,60.0,73.21,No,Not Placed,0,Good
102293,Student_102293,Other,20,CSE,4,Nashik,Middle,68.76,39,5.78,14,8,5,0,6,Machine Learning,29.09,27.59,93.47,86.95,A+,8.63,83.82,69.21,43.75,44.4,Yes,Placed,8.1,Excellent
102294,Student_102294,Other,20,Cyber Security,8,Mumbai,Upper Middle,70.93,44,27.94,24,8,12,8,8,Deep Learning,12.65,12.44,53.1,44.33,C,4.78,37.4,27.62,85.61,26.92,No,Not Placed,0,Poor
102295,Student_102295,Male,25,IT,5,Thane,Low,78.1,19,15.31,10,4,5,3,2,Big Data,16.41,14.72,57.4,50.82,C,4.79,52.85,61.82,46.78,30.21,Yes,Not Placed,0,Poor
102296,Student_102296,Male,22,ECE,4,Mumbai,Middle,61.66,11,31.47,2,7,6,1,1,Apache Spark,26.47,29.71,75.34,77.33,A,7.8,44.98,70.56,27.5,53.34,No,Not Placed,0,Good
102297,Student_102297,Female,19,IT,8,Nagpur,Middle,67.95,33,17.55,11,6,8,5,3,Big Data,22.25,13.17,59.41,55.17,B,5.72,36.08,39.15,51.6,45.81,No,Not Placed,0,Average
102298,Student_102298,Male,19,Data Science,1,Nashik,Upper Middle,55.98,24,15.88,13,7,7,4,1,Apache Spark,9.01,15.12,38.68,36.18,C,3.82,12.8,31.24,43.13,21.02,No,Not Placed,0,Poor
102299,Student_102299,Other,21,ECE,2,Thane,Low,81.2,34,35.02,,9,9,5,10,Apache Spark,20.29,13.49,38.19,43.3,C,4.09,31.89,42.01,50.91,53.45,No,Not Placed,0,Poor
102300,Student_102300,Other,25,ECE,7,Kolhapur,High,63.32,34,35.16,22,7,10,4,7,Statistics,21.85,15.55,62.87,58.18,B,5.89,47.01,59.78,46.67,69.85,No,Not Placed,0,Average
102301,Student_102301,Female,18,IT,7,Pune,High,90.7,39,54.35,18,6,8,3,7,Deep Learning,32.81,24.06,72.64,76.97,A,7.34,60.71,63.6,59.22,64.02,No,Not Placed,0,Good
102302,Student_102302,Male,18,Data Science,1,Thane,High,84.66,44,62.24,18,11,8,6,5,Apache Spark,40,30,96.04,98.02,A+,10,100,70.66,43.47,67.39,No,Placed,7.09,Excellent
102303,Student_102303,Other,21,IT,6,Nagpur,Lower Middle,79.21,47,43.37,20,8,12,2,8,Apache Spark,32.86,21.88,68.14,73.3,A,7.5,81.41,62.51,61.36,62.46,Yes,Placed,13.27,Good
102304,Student_102304,Other,23,CSE,5,Pune,Low,56.46,29,11.08,9,7,4,5,5,Machine Learning,20.1,13.52,53.51,50.84,C,5.33,29.99,58.8,53.14,13.0,No,Not Placed,0,Poor
102305,Student_102305,Female,24,Cyber Security,7,Nagpur,High,68.59,38,39.99,16,7,10,3,6,Statistics,17.14,19.98,48.02,50.18,C,4.93,34.15,43.81,55.61,41.4,No,Not Placed,0,Poor
102306,Student_102306,Other,18,CSE,3,Thane,Low,72.49,53,11.31,17,7,9,3,7,Deep Learning,20.39,22.86,62.99,62.02,B,6.05,58.92,73.91,41.74,56.08,No,Not Placed,0,Average
102307,Student_102307,Female,24,IT,5,Nashik,High,89.99,40,62.9,25,9,9,3,6,NLP,40,23.85,88.45,90.12,A+,9.18,89.44,68.41,44.85,95.65,No,Not Placed,0,Excellent
102308,Student_102308,Other,24,CSE,4,Satara,Middle,63.54,26,55.7,10,8,8,3,2,Machine Learning,30.52,30,76.54,81.16,A,8.0,99.55,98.71,36.94,73.12,No,Not Placed,0,Good
102309,Student_102309,Female,25,AIML,4,Thane,Upper Middle,71.38,35,79.64,15,10,11,7,7,Statistics,40,30,97.09,98.54,A+,9.69,100,94.86,55.22,96.28,No,Placed,7.12,Excellent
102310,Student_102310,Female,23,Data Science,7,Pune,Low,77.07,31,59.53,19,9,10,3,7,NLP,34.1,19.5,78.24,77.7,A,7.11,90.15,70.3,61.47,69.28,Yes,Placed,9.7,Good
102311,Student_102311,Male,23,ECE,8,Nagpur,Middle,68.71,43,46.84,20,6,11,4,11,Machine Learning,17.69,11.45,41.82,41.81,C,4.14,44.56,41.45,68.71,20.1,No,Not Placed,0,Poor
102312,Student_102312,Other,23,Cyber Security,4,Nashik,Low,77.37,41,20.79,12,7,6,6,4,Deep Learning,8.82,19.93,50.81,45.31,C,4.79,65.21,35.49,27.27,32.5,No,Not Placed,0,Poor
102313,Student_102313,Other,21,Data Science,8,Nagpur,Upper Middle,61.22,29,55.29,25,6,10,7,10,Deep Learning,19.93,27.29,46.39,56.34,B,5.29,21.66,38.35,65.82,35.81,No,Not Placed,0,Average
102314,Student_102314,Female,19,Data Science,5,Pune,Middle,77.36,49,49.84,24,9,14,7,7,Big Data,28.78,21.71,56.6,64.36,B,5.75,43.55,34.19,61.78,52.6,Yes,Not Placed,0,Average
102315,Student_102315,Other,19,Data Science,3,Mumbai,High,79.83,52,56.23,25,11,12,7,9,Big Data,31.02,30,77.8,82.16,A,8.07,59.18,71.82,55.45,80.15,No,Placed,3.11,Good
102316,Student_102316,Female,21,IT,5,Satara,Upper Middle,95.65,44,46.63,25,11,13,3,12,NLP,27.23,30,79.74,80.3,A,8.27,58.52,29.86,64.94,47.0,No,Not Placed,0,Good
102317,Student_102317,Female,18,CSE,5,Mumbai,High,80.96,55,53.03,26,8,11,6,7,Statistics,28.82,18.93,58.11,63.29,B,6.49,50.68,50.58,70.06,18.99,No,Not Placed,0,Average
102318,Student_102318,Female,23,ECE,7,Nashik,Middle,61.14,20,39.8,15,7,9,2,5,Machine Learning,19.12,24.31,76.76,68.92,B,6.74,54.55,42.27,51.5,40.74,Yes,Not Placed,0,Average
102319,Student_102319,Other,22,Data Science,5,Nagpur,Lower Middle,71.83,39,52.2,21,11,11,5,9,NLP,33.87,25.63,47.53,66.25,B,6.53,37.14,43.0,49.81,,No,Not Placed,0,Average
102320,Student_102320,,19,CSE,8,Satara,High,59.71,29,26.06,10,7,11,6,9,NLP,23.69,18.19,58.05,58.93,B,5.68,57.06,55.81,42.43,54.65,No,Not Placed,0,Average
102321,Student_102321,Female,24,AIML,5,Nagpur,,60.77,20,14.28,20,6,7,4,3,NLP,18.13,18.04,49.45,50.35,C,5.05,34.98,40.02,,22.99,No,Not Placed,0,Poor
102322,Student_102322,Male,19,AIML,8,Kolhapur,Low,,17,32.45,18,9,8,4,9,Apache Spark,26.37,20.23,69.96,68.24,B,7.15,55.25,71.46,43.53,83.73,No,Placed,5.85,Average
102323,Student_102323,Other,18,AIML,4,Kolhapur,High,66.41,22,46.6,20,6,7,6,2,NLP,30.07,19.98,73.93,72.84,A,6.99,77.93,69.06,44.99,64.41,No,Not Placed,0,Good
102324,Student_102324,Female,19,ECE,2,Thane,High,88.18,46,55.09,34,11,15,7,10,Machine Learning,18.61,21.85,59.54,58.29,B,5.81,45.59,36.46,74.39,17.43,Yes,Not Placed,0,Average
102325,Student_102325,Male,22,CSE,6,Mumbai,Low,67.92,46,36.82,30,10,6,5,9,Big Data,18.59,23.81,52.28,55.95,B,5.78,48.34,35.11,49.95,52.76,No,Not Placed,0,Average
102326,Student_102326,Female,24,CSE,1,Pune,Lower Middle,78.89,27,,11,8,8,0,2,NLP,16.14,19.59,47.68,49.01,C,4.99,52.03,49.64,55.98,50.26,No,Placed,12.85,Poor
102327,Student_102327,Male,21,ECE,3,Thane,Middle,84.02,38,57.16,25,8,11,4,8,Machine Learning,40,30,88.25,94.12,A+,9.66,88.75,100,60.08,65.37,Yes,Placed,8.92,Excellent
102328,Student_102328,Male,18,AIML,2,Pune,Middle,67.24,18,0,11,3,5,1,3,Statistics,18.92,20.8,34.68,45.4,C,4.44,62.33,59.62,35.14,,Yes,Not Placed,0,Poor
102329,Student_102329,Female,25,Data Science,6,Kolhapur,Upper Middle,71.14,33,31.02,19,9,10,3,6,NLP,27.71,22.03,55.75,63.35,B,6.36,67.93,73.62,74.34,40.29,Yes,Placed,3.84,Average
102330,Student_102330,Male,25,ECE,2,Pune,Low,64.33,10,24.42,10,6,2,0,2,Big Data,36.61,21.68,62.89,73.36,A,7.48,79.81,71.37,61.72,51.15,No,Not Placed,0,Good
102331,Student_102331,Female,24,IT,1,Satara,Middle,65.7,46,39.32,19,9,9,3,6,Big Data,18.87,18.15,56.6,54.56,C,4.95,59.91,36.23,64.9,47.02,Yes,Not Placed,0,Poor
102332,Student_102332,Other,25,IT,4,Satara,High,85.29,42,38.79,7,11,13,8,6,Statistics,25.98,25.12,69.31,70.88,A,7.19,62.68,50.37,84.16,62.0,No,Placed,3.35,Good
102333,Student_102333,Female,22,CSE,5,Nashik,,67.7,23,,22,8,8,4,5,Big Data,10.98,11.56,39.48,35.68,C,3.59,29.14,22.49,56.75,18.75,Yes,Not Placed,0,Poor
102334,Student_102334,Male,23,IT,4,Satara,Middle,68.43,49,29.6,26,12,13,0,8,Apache Spark,,20.38,57.92,66.19,B,6.68,54.23,34.36,39.28,32.59,Yes,Not Placed,0,Average
102335,Student_102335,Female,20,CSE,1,Thane,High,74.35,71,,24,10,15,10,8,Deep Learning,25.71,17.6,,57.28,B,5.77,65.26,61.76,70.84,80.41,No,Placed,9.1,Average
102336,Student_102336,Other,18,AIML,6,Mumbai,Upper Middle,54.3,7,0,4,3,5,0,0,Deep Learning,,0,11.54,5.77,C,0.79,0,0,41.51,0,No,Not Placed,0,Poor
102337,Student_102337,Male,20,AIML,3,Kolhapur,Lower Middle,71.72,30,27.34,24,10,14,6,3,Big Data,34.29,19.23,65.21,71.15,A,7.02,65.24,85.09,55.09,80.03,No,Placed,3.85,Good
102338,Student_102338,Other,25,Cyber Security,7,Kolhapur,Lower Middle,76.52,36,40.05,25,10,10,3,4,NLP,32.43,12.22,81.1,73.02,A,7.2,50.09,48.52,59.64,75.02,No,Not Placed,0,Good
102339,Student_102339,Male,21,CSE,6,Nagpur,Low,57.66,24,10.93,15,5,11,1,3,Big Data,14.38,28.12,31.81,45.43,C,4.68,29.91,47.32,57.06,42.2,No,Not Placed,0,Poor
102340,Student_102340,Male,25,ECE,1,Mumbai,Upper Middle,79.74,25,46.84,17,8,5,4,4,NLP,21.14,11.5,,51.44,C,5.08,61.67,40.64,37.03,61.96,No,Not Placed,0,Poor
102341,Student_102341,Male,24,Cyber Security,3,Nashik,Lower Middle,67.65,20,53.43,10,7,6,2,3,Statistics,24.4,19.72,69.19,66.04,B,6.22,77.36,58.27,46.82,28.9,Yes,Not Placed,0,Average
102342,Student_102342,Female,20,IT,6,Satara,Middle,76.82,44,30.91,26,6,10,6,2,Deep Learning,17.5,16.5,46.29,47.27,C,4.53,19.54,19.26,63.28,29.61,No,Not Placed,0,Poor
102343,Student_102343,Other,21,IT,7,Thane,Middle,78.77,36,58.22,15,8,10,3,6,NLP,29.68,19.95,61.84,66.48,B,6.64,46.06,51.78,50.36,34.32,No,Not Placed,0,Average
102344,Student_102344,Male,24,IT,7,,High,69.57,39,42.3,19,5,11,3,7,NLP,24.81,15.41,68.18,62.97,B,6.37,49.48,66.24,53.62,44.38,No,Not Placed,0,Average
102345,Student_102345,Male,20,Data Science,6,Pune,Middle,59.33,39,63.53,27,7,7,5,6,Statistics,13.48,16.9,66.74,54.75,C,5.6,32.62,19.77,67.29,38.5,No,Not Placed,0,Poor
102346,Student_102346,Male,24,ECE,8,Satara,Middle,90.39,41,60.25,35,10,14,8,13,Statistics,40,20.35,84.75,85.94,A+,8.52,67.05,60.34,74.04,72.13,No,Placed,11.28,Excellent
102347,Student_102347,Female,23,AIML,5,Thane,Low,67.68,32,19.5,9,6,7,0,3,Deep Learning,31.83,22.28,40.52,58.98,B,5.77,60.8,61.26,52.64,51.93,Yes,Placed,6.06,Average
102348,Student_102348,Other,19,CSE,8,Nashik,Middle,80.27,38,65.5,20,8,8,5,11,NLP,34.51,23.83,70.19,76.87,A,7.94,57.73,40.74,24.19,37.54,No,Not Placed,0,Good
102349,Student_102349,Other,22,CSE,8,Satara,High,70.66,32,0,14,8,7,5,1,Statistics,18.3,7.92,48.1,43.05,C,4.32,30.12,48.62,31.4,15.79,No,Not Placed,0,Poor
102350,Student_102350,Other,25,AIML,5,Satara,Upper Middle,85.05,47,78.03,37,11,13,9,13,Deep Learning,31.52,28.36,89.38,87.24,A+,8.56,76.05,59.5,55.08,54.0,No,Not Placed,0,Excellent
102351,Student_102351,Male,25,ECE,6,Mumbai,Middle,61.91,30,19.5,,8,8,0,6,NLP,16.42,11.89,44.16,42.32,C,4.04,24.15,43.93,73.04,26.61,No,Not Placed,0,Poor
102352,Student_102352,Other,22,Cyber Security,4,Thane,Lower Middle,77.93,49,72.76,24,6,15,4,9,Big Data,32.15,22.5,79.88,79.05,A,7.86,68.68,51.75,77.33,50.31,No,Not Placed,0,Good
102353,Student_102353,Male,21,IT,7,Kolhapur,Low,69.86,33,41.8,22,5,10,5,2,Deep Learning,21.42,21.16,63.55,61.94,B,6.02,54.33,41.64,42.16,42.99,Yes,Not Placed,0,Average
102354,Student_102354,Male,22,AIML,3,Nashik,High,47.19,0,0,0,2,0,0,0,Machine Learning,5.53,8.99,47.57,33.92,C,3.68,36.64,61.27,25.89,1.03,No,Not Placed,0,Poor
102355,Student_102355,,19,AIML,4,Pune,Middle,65.66,32,46.11,21,9,9,1,4,Machine Learning,30.8,26.46,67.24,74.36,A,7.02,67.37,92.53,67.66,65.03,No,Placed,13.17,Good
102356,Student_102356,Female,24,Cyber Security,4,Nagpur,Lower Middle,85.92,28,62.96,24,10,9,1,5,Apache Spark,35.0,23.97,82.75,83.6,A,8.11,69.56,73.5,63.24,64.77,No,Not Placed,0,Good
102357,Student_102357,Other,24,IT,7,Thane,Low,72.01,42,42.7,14,8,7,0,6,NLP,30.05,30,65.86,75.47,A,7.84,72.73,56.7,47.91,63.2,No,Not Placed,0,Good
102358,Student_102358,Other,21,IT,6,Pune,Upper Middle,76.46,21,41.11,19,5,9,2,6,Machine Learning,10.79,11.05,43.96,37.44,C,4.02,38.71,45.05,61.43,24.6,No,Not Placed,0,Poor
102359,Student_102359,Female,22,IT,4,Kolhapur,Upper Middle,58.85,21,9.45,4,5,8,0,6,Apache Spark,8.94,8.75,21.6,23.33,C,2.13,11.92,40.39,58.13,18.1,No,Not Placed,0,Poor
102360,Student_102360,Male,19,Data Science,6,Kolhapur,High,70.95,25,24.97,6,7,5,2,2,Machine Learning,35.26,19.62,74.97,77.01,A,7.55,71.12,65.09,42.58,48.12,Yes,Not Placed,0,Good
102361,Student_102361,Male,21,ECE,7,Satara,Lower Middle,81.21,47,39.07,26,10,15,4,11,Big Data,22.24,15.64,73.59,63.9,B,6.07,41.97,32.6,49.81,68.6,No,Not Placed,0,Average
102362,Student_102362,Male,23,Cyber Security,3,Nashik,Upper Middle,75.21,39,57.42,22,9,11,2,8,Statistics,27.52,26.78,63.74,70.36,A,7.17,54.75,65.88,48.95,36.47,No,Placed,11.18,Good
102363,Student_102363,Other,25,Data Science,4,Thane,Middle,64.53,0,54.06,10,6,10,4,4,NLP,29.54,25.05,58.74,68.22,B,6.54,60.77,67.24,53.4,45.61,No,Not Placed,0,Average
102364,Student_102364,Female,20,IT,1,Thane,Lower Middle,72.19,33,57.73,29,11,10,7,5,Big Data,23.95,17.04,75.6,67.12,B,6.3,45.44,48.29,55.19,46.28,No,Not Placed,0,Average
102365,Student_102365,Male,21,ECE,4,Mumbai,Upper Middle,83.73,20,34.93,13,9,11,4,11,Statistics,30.52,28.21,89.61,86.5,A+,8.19,90.97,72.63,46.09,88.07,Yes,Placed,6.88,Excellent
102366,Student_102366,Other,23,AIML,2,Nashik,Middle,69.52,41,51.89,24,11,10,5,7,Machine Learning,20.41,16.88,62.12,57.63,B,5.73,40.06,31.71,54.53,41.38,No,Not Placed,0,Average
102367,Student_102367,Female,23,Cyber Security,4,Nashik,High,71.63,37,56.03,23,10,11,5,5,Deep Learning,27.34,12.79,57.31,57.68,B,5.83,38.98,46.57,71.53,46.23,No,Not Placed,0,Average
102368,Student_102368,Male,19,AIML,6,Pune,Middle,76.12,38,55.64,19,8,9,6,4,Machine Learning,24.89,12.94,72.62,63.6,B,6.03,41.69,59.75,49.59,50.63,No,Not Placed,0,Average
102369,Student_102369,Other,22,AIML,2,Satara,Low,87.77,43,55.95,24,9,12,5,8,Machine Learning,40,29.98,84.16,92.07,A+,9.2,82.14,73.05,62.44,97.3,Yes,Placed,13.09,Excellent
102370,Student_102370,Other,19,ECE,1,Kolhapur,Upper Middle,86.95,55,73.25,29,10,17,4,9,Apache Spark,31.4,24.88,66.32,73.29,A,7.09,70.55,64.1,77.44,73.78,Yes,Placed,7.55,Good
102371,Student_102371,Male,23,ECE,5,Pune,Low,66.04,45,37.04,23,9,11,5,7,NLP,16.34,20.08,,58.36,B,5.88,60.56,51.75,56.33,51.87,No,Not Placed,0,Average
102372,Student_102372,Other,22,IT,3,Thane,Lower Middle,63.9,42,27.97,16,11,8,3,8,Big Data,14.47,18.54,49.05,47.73,C,4.71,45.58,40.06,60.49,46.75,No,Not Placed,0,Poor
102373,Student_102373,Female,18,Cyber Security,1,,Lower Middle,69.42,33,58.35,22,10,12,1,7,Big Data,27.08,16.42,56.0,59.26,B,6.27,53.6,41.1,43.96,40.24,No,Not Placed,0,Average
102374,Student_102374,Female,19,Cyber Security,2,Thane,Middle,78.48,44,30.71,28,9,14,9,10,NLP,18.19,11.85,52.58,47.83,C,4.91,48.72,34.39,51.56,28.87,No,Not Placed,0,Poor
102375,Student_102375,Female,24,IT,2,Satara,Low,65.91,20,16.04,7,4,7,3,4,Big Data,17.48,11.43,44.7,43.08,C,4.53,56.14,55.98,29.55,5.07,Yes,Not Placed,0,Poor
102376,Student_102376,Female,25,AIML,6,Pune,Upper Middle,71.12,25,22.78,3,6,7,0,1,Deep Learning,19.41,14.35,68.29,58.27,B,5.69,67.73,48.46,29.37,37.6,No,Not Placed,0,Average
102377,Student_102377,Other,18,Cyber Security,3,Nashik,High,91.53,56,89.97,27,12,16,7,15,NLP,40,29.76,100,99.84,A+,10,76.89,78.09,68.98,68.92,Yes,Placed,9.18,Excellent
102378,Student_102378,Male,25,ECE,3,Nashik,Lower Middle,85.56,52,77.83,27,9,17,11,12,Big Data,24.72,16.69,66.57,62.95,B,5.81,61.25,55.79,68.93,63.18,No,Not Placed,0,Average
102379,Student_102379,Female,22,ECE,1,Nagpur,High,59.81,35,28.87,17,7,6,6,4,Apache Spark,17.59,13.81,28.11,36.45,C,3.75,32.41,38.38,70.09,12.25,Yes,Not Placed,0,Poor
102380,Student_102380,Male,21,Data Science,5,Thane,Upper Middle,78.06,32,39.67,15,8,8,3,5,Big Data,29.37,29.94,69.54,76.76,A,8.11,76.14,69.0,35.61,59.05,Yes,Not Placed,0,Good
102381,Student_102381,Other,25,AIML,7,Thane,Lower Middle,64.14,16,79.72,20,6,7,4,4,NLP,24.25,16.48,76.25,67.3,B,6.6,69.06,55.53,58.08,58.88,No,Placed,10.02,Average
102382,Student_102382,Other,19,CSE,5,Nagpur,Middle,73.98,37,67.0,18,6,13,6,10,Deep Learning,40,30,85.04,92.52,A+,9.36,100,88.23,38.03,85.1,Yes,Placed,11.85,Excellent
102383,Student_102383,Other,21,ECE,6,Kolhapur,Upper Middle,75.27,23,37.29,16,10,12,0,6,Deep Learning,26.63,18.86,53.33,59.21,B,6.13,47.67,34.48,52.01,37.98,Yes,Not Placed,0,Average
102384,Student_102384,Male,23,ECE,5,Nashik,Lower Middle,86.83,50,92.96,31,11,13,3,12,NLP,40,27.08,90.45,93.28,A+,9.11,99.92,75.18,83.14,100,Yes,Placed,5.92,Excellent
102385,Student_102385,Female,24,ECE,7,Pune,Middle,61.58,24,8.97,13,6,4,5,0,Deep Learning,0,1.2,25.57,13.58,C,1.17,17.61,26.4,39.52,24.31,No,Not Placed,0,Poor
102386,Student_102386,Male,21,Data Science,1,Nagpur,Middle,83.96,32,45.52,24,8,9,5,8,Statistics,40,25.75,72.71,83.52,A,8.56,72.38,81.73,58.44,83.94,No,Not Placed,0,Good
102387,Student_102387,Other,22,IT,7,Nashik,High,78.96,35,52.53,17,9,11,5,9,Statistics,,28.78,66.54,72.71,A,7.01,66.61,33.79,,53.9,No,Not Placed,0,Good
102388,Student_102388,Other,24,ECE,4,Nagpur,Low,77.48,63,66.71,36,6,16,9,11,Machine Learning,14.67,18.14,48.2,47.19,C,4.54,47.68,44.69,86.51,41.17,Yes,Placed,12.65,Poor
102389,Student_102389,Male,20,IT,2,Pune,Lower Middle,84.9,47,55.18,24,10,10,3,2,Big Data,22.1,26.06,64.63,66.26,B,6.42,66.48,56.49,57.67,66.67,Yes,Not Placed,0,Average
102390,Student_102390,Other,18,ECE,6,Nashik,Low,57.43,2,3.85,12,5,6,0,0,Deep Learning,21.95,15.62,51.58,52.67,C,5.23,,55.17,35.04,37.67,Yes,Not Placed,0,Poor
102391,Student_102391,Female,19,AIML,4,Nashik,Low,64.51,13,1.37,7,4,6,5,3,NLP,18.86,20.58,51.41,53.57,C,6.07,46.59,,38.06,48.92,Yes,Not Placed,0,Poor
102392,Student_102392,Male,19,ECE,2,Satara,Upper Middle,76.26,43,48.7,22,12,10,5,5,NLP,26.05,8.2,49.19,49.6,C,4.93,52.69,30.57,51.08,29.2,No,Not Placed,0,Poor
102393,Student_102393,Other,21,IT,4,,Upper Middle,67.63,21,40.28,21,7,6,2,4,Deep Learning,28.79,15.0,62.58,62.88,B,5.86,69.46,44.06,38.7,51.46,Yes,Not Placed,0,Average
102394,Student_102394,Other,25,ECE,7,Nashik,High,86.34,38,71.01,25,9,11,3,9,NLP,23.15,30,74.24,74.48,A,7.14,76.57,79.61,54.03,79.5,Yes,Placed,7.4,Good
102395,Student_102395,Other,21,CSE,6,Pune,Low,87.74,57,74.48,28,12,13,9,11,Deep Learning,35.95,28.2,100,95.76,A+,9.69,99.15,53.87,87.16,89.74,Yes,Placed,12.93,Excellent
102396,Student_102396,Male,21,Cyber Security,6,Nashik,Lower Middle,84.95,53,52.86,30,11,12,5,8,Apache Spark,33.99,18.14,36.42,55.8,B,5.73,,86.62,55.97,91.29,Yes,Not Placed,0,Average
102397,Student_102397,Female,22,CSE,2,Kolhapur,Low,59.86,8,26.47,5,7,4,0,0,Deep Learning,18.35,15.85,47.93,48.3,C,4.99,32.88,42.62,25.2,,No,Not Placed,0,Poor
102398,Student_102398,Female,24,Cyber Security,1,Kolhapur,Lower Middle,74.76,40,12.49,24,8,9,2,6,Big Data,2.13,8.51,41.93,28.23,C,2.92,18.39,32.33,51.52,24.99,No,Not Placed,0,Poor
102399,Student_102399,Male,19,AIML,3,Thane,Low,75.7,23,31.24,28,9,8,4,6,Statistics,24.73,23.53,62.24,65.35,B,6.99,61.5,60.4,32.73,70.58,No,Not Placed,0,Average
102400,Student_102400,Female,25,CSE,5,Mumbai,Middle,96.41,47,60.87,30,11,20,6,14,Big Data,25.1,21.31,72.27,69.16,B,7.03,53.46,39.32,71.21,64.39,No,Not Placed,0,Average
102401,Student_102401,Female,19,CSE,1,Mumbai,High,84.62,48,49.96,19,7,10,6,7,Apache Spark,15.13,27.45,63.28,61.29,B,6.22,45.11,71.59,61.78,59.0,No,Not Placed,0,Average
102402,Student_102402,Female,25,IT,5,Kolhapur,Upper Middle,75.39,32,32.47,16,8,9,4,3,Statistics,21.3,17.07,57.72,56.22,B,5.58,78.23,49.34,52.35,66.04,No,Not Placed,0,Average
102403,Student_102403,Female,19,Data Science,1,Thane,Lower Middle,50.52,16,0,4,2,3,0,0,Apache Spark,24.28,9.81,51.94,50.72,C,5.07,48.14,47.2,27.52,26.13,No,Not Placed,0,Poor
102404,Student_102404,Other,24,IT,1,Pune,Middle,81.19,35,63.27,17,8,12,4,3,Big Data,28.41,21.67,69.1,70.3,A,7.44,66.98,65.81,59.9,51.89,No,Not Placed,0,Good
102405,Student_102405,Female,23,Cyber Security,5,Nagpur,,87.94,46,70.26,,12,8,7,6,NLP,40,24.61,81.1,86.95,A+,8.58,93.87,72.83,57.66,89.65,No,Placed,4.54,Excellent
102406,Student_102406,Other,24,Cyber Security,7,Satara,Middle,75.62,37,56.27,13,8,9,4,6,Statistics,28.39,27.99,73.0,76.46,A,7.22,67.46,63.22,84.35,81.02,Yes,Placed,6.98,Good
102407,Student_102407,Male,18,CSE,3,Thane,Low,98,54,78.41,37,12,18,9,8,Statistics,22.2,19.35,63.4,61.25,B,5.33,70.87,59.21,92.55,69.15,No,Not Placed,0,Average
102408,Student_102408,Female,21,IT,7,Kolhapur,Low,77.0,35,57.65,31,11,15,6,7,Deep Learning,,18.45,71.36,66.35,B,6.86,64.39,69.44,68.44,49.74,Yes,Not Placed,0,Average
102409,Student_102409,Female,25,CSE,3,Satara,Lower Middle,69.55,46,37.58,16,9,13,3,11,Big Data,6.21,13.89,40.39,34.11,C,3.42,22.94,32.69,79.28,41.26,No,Not Placed,0,Poor
102410,Student_102410,Other,25,Cyber Security,3,Pune,High,80.8,20,54.11,25,6,7,1,3,Deep Learning,28.81,20.77,72.63,71.77,A,6.85,79.55,66.02,36.58,65.73,No,Placed,13.36,Good
102411,Student_102411,Other,23,ECE,8,Nashik,Middle,69.45,18,43.69,8,4,6,1,0,NLP,32.11,20.12,67.39,71.19,A,7.0,63.0,56.9,47.7,49.78,No,Not Placed,0,Good
102412,Student_102412,Male,18,Cyber Security,1,Thane,Low,89.55,31,55.16,15,6,10,1,6,Statistics,34.4,27.67,69.67,79.09,A,8.27,72.42,87.01,49.33,81.37,Yes,Placed,3.13,Good
102413,Student_102413,Female,18,ECE,6,Mumbai,Middle,72.13,34,3.77,31,9,13,7,4,Machine Learning,13.94,15.44,36.97,39.24,C,4.35,30.88,9.2,47.5,50.08,No,Not Placed,0,Poor
102414,Student_102414,Other,21,Cyber Security,4,Nagpur,Upper Middle,73.03,26,13.65,6,3,5,0,3,Big Data,34.27,16.3,59.64,66.39,B,6.28,53.5,71.85,43.28,45.57,No,Not Placed,45,Average
102415,Student_102415,Female,25,ECE,2,Satara,Lower Middle,86.98,31,69.1,24,9,11,3,10,NLP,36.75,25.49,60.17,74.64,A,7.42,55.12,56.04,51.72,63.99,No,Not Placed,0,Good
102416,Student_102416,Other,21,AIML,6,Pune,Upper Middle,60.51,19,17.3,10,5,2,0,1,Statistics,15.93,15.61,46.96,45.83,C,4.51,30.92,,13.85,49.73,No,Not Placed,0,Poor
102417,Student_102417,Female,25,CSE,8,Thane,High,76.32,29,46.57,21,5,10,6,3,Statistics,33.22,12.94,70.09,68.59,B,6.65,66.15,55.61,,29.59,Yes,Placed,8.63,Average
102418,Student_102418,Female,22,Data Science,4,Thane,Upper Middle,71.79,33,42.86,27,9,10,6,8,Apache Spark,29.93,24.62,57.4,67.56,B,7.01,49.92,46.46,50.97,59.64,No,Not Placed,0,Average
102419,Student_102419,Male,21,IT,6,Kolhapur,High,79.7,49,61.0,25,8,14,7,11,Statistics,16.48,25.79,73.92,66.51,B,6.88,52.8,55.2,68.29,52.06,No,Not Placed,0,Average
102420,Student_102420,Female,23,Data Science,6,Nagpur,High,76.7,45,53.27,26,11,13,6,10,Big Data,25.71,20.07,79.25,72.29,A,7.04,39.03,37.87,67.69,48.13,No,Not Placed,0,Good
102421,Student_102421,Other,19,AIML,3,Pune,High,77.84,22,41.23,20,8,9,4,9,NLP,19.04,23.94,69.33,64.9,B,6.58,58.47,39.7,50.31,36.28,No,Not Placed,0,Average
102422,Student_102422,Other,21,Data Science,3,Pune,High,60.25,36,17.63,19,9,8,6,2,NLP,13.63,13.06,26.63,32.24,C,3.67,10.98,14.68,63.06,11.44,No,Not Placed,0,Poor
102423,Student_102423,Other,21,Cyber Security,8,Thane,Middle,70.3,36,43.58,23,6,10,7,6,Big Data,27.69,24.06,60.66,67.14,B,6.95,58.32,35.22,51.06,41.25,Yes,Not Placed,0,Average
102424,Student_102424,Other,19,AIML,6,Satara,High,64.5,32,33.96,21,8,8,2,0,Deep Learning,32.62,23.14,64.38,72.08,A,7.19,42.74,66.13,46.35,55.47,Yes,Not Placed,0,Good
102425,Student_102425,Male,24,IT,5,Nashik,High,68.73,30,42.01,19,8,11,0,7,Big Data,23.88,24.64,76.16,72.42,A,7.38,73.06,55.46,44.59,63.98,No,Not Placed,0,Good
102426,Student_102426,Male,23,CSE,1,Thane,,61.62,25,30.01,17,5,10,5,2,Apache Spark,10.42,14.99,,35.36,C,3.81,19.67,49.19,65.21,30.82,Yes,Not Placed,0,Poor
102427,Student_102427,Male,21,CSE,2,Nashik,Low,82.03,36,79.36,28,9,13,6,13,Big Data,32.68,26.5,74.33,79.34,A,7.59,75.97,44.72,68.75,93.23,No,Not Placed,0,Good
102428,Student_102428,Female,22,Cyber Security,3,Pune,Middle,74.7,54,36.97,29,11,12,6,10,Deep Learning,21.03,19.46,58.31,57.91,B,5.69,61.36,34.0,57.64,28.9,No,Not Placed,0,Average
102429,Student_102429,,24,CSE,7,Kolhapur,Middle,59.96,37,40.9,30,9,13,7,9,Deep Learning,12.17,8.82,36.67,33.34,C,3.05,0,21.41,74.11,27.34,No,Not Placed,0,Poor
102430,Student_102430,Female,19,Cyber Security,1,Nagpur,High,88.31,59,75.29,29,11,10,9,8,Deep Learning,36.0,26.27,80.28,84.65,A,8.11,71.47,83.23,76.82,67.71,No,Not Placed,0,Good
102431,Student_102431,Female,18,AIML,8,Nagpur,High,72.56,41,59.52,20,9,15,5,9,Machine Learning,26.69,25.31,68.8,71.29,A,7.22,73.51,67.86,,71.0,Yes,Placed,4.56,Good
102432,Student_102432,Other,23,ECE,8,Thane,Low,44.72,21,1.42,14,7,7,5,0,Apache Spark,12.32,5.12,40.66,32.98,C,3.07,10.8,17.55,33.43,15.9,Yes,Not Placed,0,Poor
102433,Student_102433,Male,20,Cyber Security,3,Thane,Lower Middle,67.41,31,53.35,10,5,10,3,2,Apache Spark,31.3,24.69,75.55,77.71,A,7.84,65.14,70.9,50.48,67.97,No,Placed,6.82,Good
102434,Student_102434,Female,23,IT,5,Thane,High,68.23,24,38.86,13,7,8,3,5,NLP,29.11,23.52,94.1,84.56,A,8.38,79.81,,46.69,71.52,No,Placed,11.54,Good
102435,Student_102435,Male,19,IT,6,Nashik,High,75.96,57,36.38,20,6,7,5,5,Big Data,23.84,24.96,57.02,63.03,B,6.54,62.15,56.17,62.26,66.31,Yes,Placed,7.4,Average
102436,Student_102436,Male,18,AIML,5,,Upper Middle,69.04,42,54.13,19,9,8,4,7,Machine Learning,10.64,9.98,42.22,35.75,C,3.67,37.95,45.45,69.46,26.09,No,Not Placed,0,Poor
102437,Student_102437,Female,21,ECE,1,Thane,High,64.7,25,77.01,,8,14,6,5,Deep Learning,32.48,15.08,52.86,60.84,B,5.77,58.47,53.3,45.98,54.48,No,Not Placed,0,Average
102438,Student_102438,Other,24,AIML,1,Pune,Middle,89.85,53,19.19,12,6,13,4,3,Deep Learning,20.11,21.57,63.08,61.0,B,5.66,57.95,72.4,48.01,27.34,No,Not Placed,0,Average
102439,Student_102439,Male,23,IT,5,Satara,High,79.73,36,61.82,23,9,11,2,9,Apache Spark,32.62,23.28,68.13,74.05,A,7.5,94.66,68.52,67.45,77.66,No,Not Placed,0,Good
102440,Student_102440,Male,21,Data Science,2,Kolhapur,Middle,82.01,40,55.61,26,10,16,6,8,Machine Learning,23.76,16.06,62.97,60.01,B,6.05,42.39,36.02,58.24,78.06,No,Not Placed,0,Average
102441,Student_102441,Other,18,Data Science,3,Nagpur,High,67.92,13,13.75,3,3,3,0,1,Deep Learning,25.01,30,62.22,69.87,B,7.05,56.25,60.04,5.64,40.95,Yes,Not Placed,0,Average
102442,Student_102442,Male,21,IT,4,Thane,Lower Middle,54.45,29,20.21,16,8,11,8,3,Deep Learning,13.56,6.57,40.34,34.72,C,3.68,21.61,30.87,56.73,24.59,No,Not Placed,0,Poor
102443,Student_102443,Other,18,CSE,6,Nagpur,Middle,72.58,56,19.69,25,9,8,4,12,NLP,15.78,18.84,49.35,49.07,C,5.04,42.5,44.65,73.01,65.16,Yes,Not Placed,0,Poor
102444,Student_102444,,18,Data Science,6,,Middle,59.84,29,29.79,11,8,3,5,6,Statistics,29.74,14.5,61.75,62.85,B,6.53,43.98,65.75,58.63,53.18,No,Not Placed,0,Average
102445,Student_102445,Female,24,AIML,2,Mumbai,Middle,80.4,46,49.74,28,8,16,11,10,Deep Learning,35.07,25.91,,85.23,A+,8.4,62.48,49.41,81.66,61.46,No,Placed,6.88,Excellent
102446,Student_102446,Other,23,CSE,7,Pune,Upper Middle,62.45,34,0,19,10,8,6,8,Deep Learning,,7.19,37.37,27.09,C,2.85,24.14,35.81,71.87,0,No,Not Placed,0,Poor
102447,Student_102447,Male,21,AIML,3,Pune,High,81.47,45,29.98,36,9,8,2,8,Apache Spark,30.6,12.3,67.03,64.67,B,6.3,59.43,69.24,56.87,56.11,No,Not Placed,0,Average
102448,Student_102448,Other,60,Data Science,5,Kolhapur,Low,65.92,44,5.98,19,5,8,1,3,Deep Learning,19.35,10.72,56.52,49.92,C,4.97,46.07,62.42,40.77,52.17,No,Not Placed,0,Poor
102449,Student_102449,Male,19,CSE,1,Pune,Lower Middle,80.03,49,45.43,22,6,10,3,6,Statistics,30.69,23.56,52.3,64.88,B,6.52,34.94,65.92,67.75,41.38,Yes,Not Placed,0,Average
102450,Student_102450,Female,24,Data Science,1,Pune,Upper Middle,75.38,26,45.6,24,9,8,5,7,Statistics,20.87,22.85,82.44,72.11,A,7.17,56.34,55.93,77.11,54.35,Yes,Placed,4.18,Good
102451,Student_102451,Female,18,AIML,3,Thane,High,75.67,18,34.33,26,7,9,4,7,Deep Learning,25.62,21.7,67.34,67.35,B,6.97,48.55,36.45,76.24,56.22,No,Not Placed,0,Average
102452,Student_102452,Male,18,ECE,5,Pune,Low,73.65,35,57.02,25,9,11,5,6,NLP,32.76,19.56,71.43,73.32,A,7.76,69.74,65.83,49.37,51.21,Yes,Placed,7.6,Good
102453,Student_102453,Other,19,Cyber Security,7,Pune,Upper Middle,62.13,16,20.73,11,5,9,0,4,Machine Learning,22.99,20.65,67.42,64.72,B,6.33,44.03,53.36,52.31,57.08,No,Not Placed,0,Average
102454,Student_102454,Female,20,CSE,8,Nashik,Upper Middle,66.73,12,2.01,13,7,7,4,4,Machine Learning,14.62,12.47,23.58,31.07,C,3.2,18.37,47.57,16.47,4.09,No,Not Placed,0,Poor
102455,Student_102455,Other,20,CSE,7,Pune,Lower Middle,69.8,8,33.23,9,10,6,2,5,Statistics,21.82,20.01,61.92,60.67,B,5.94,42.34,51.29,6.5,38.36,Yes,Not Placed,0,Average
102456,Student_102456,Male,23,ECE,6,Kolhapur,Upper Middle,77.82,38,63.3,21,9,12,4,13,Apache Spark,28.55,21.18,67.62,69.34,B,7.25,60.72,79.25,39.28,66.03,Yes,Not Placed,0,Average
102457,Student_102457,Other,21,Cyber Security,3,Satara,Middle,90.99,50,79.36,30,8,18,4,11,Big Data,30.83,22.61,70.33,73.36,A,7.35,73.05,78.73,72.05,51.56,No,Placed,12.34,Good
102458,Student_102458,Female,23,AIML,8,Satara,High,82.61,33,67.06,21,7,13,5,6,Statistics,29.81,30,77.46,81.08,A,8.66,100,68.61,41.47,62.67,No,Placed,13.37,Good
102459,Student_102459,Other,22,IT,7,Nagpur,Upper Middle,83.34,45,87.12,30,8,14,8,8,Big Data,38.25,25.82,78.91,85.36,A+,8.97,54.17,51.86,64.18,72.56,No,Not Placed,0,Excellent
102460,Student_102460,Male,23,IT,2,Nashik,Lower Middle,59.18,37,,16,8,10,3,5,Deep Learning,21.71,11.88,44.93,46.67,C,4.54,28.96,20.16,32.67,22.76,Yes,Not Placed,0,Poor
102461,Student_102461,Male,22,Cyber Security,6,Nagpur,High,79.99,36,51.57,12,6,9,1,1,Deep Learning,26.8,16.56,54.56,58.42,B,5.92,60.46,48.84,47.85,56.26,Yes,Placed,4.49,Average
102462,Student_102462,Other,19,CSE,5,Nagpur,Low,83.71,36,36.52,22,10,10,0,6,Deep Learning,28.38,25.13,52.28,64.18,B,6.53,67.41,74.13,69.12,58.53,Yes,Placed,6.37,Average
102463,Student_102463,Male,20,AIML,3,Pune,High,65.2,19,29.74,14,6,3,4,6,Machine Learning,20.88,23.89,59.83,61.5,B,6.04,45.17,55.36,47.21,47.17,No,Not Placed,0,Average
102464,Student_102464,Female,25,ECE,1,Mumbai,Low,67.32,12,500,11,8,9,3,2,Machine Learning,22.45,18.62,73.59,66.04,B,6.67,48.37,45.83,59.71,57.43,No,Not Placed,0,Average
102465,Student_102465,Male,24,ECE,1,Thane,Upper Middle,83.57,42,89.77,29,11,11,6,10,NLP,39.74,30,94.22,96.91,A+,9.68,85.07,87.27,73.64,93.54,No,Placed,5.03,Excellent
102466,Student_102466,Other,24,Data Science,1,Nagpur,Low,79.63,34,13.98,25,8,11,5,5,NLP,32.7,19.72,65.0,70.17,A,7.27,59.46,59.95,85.75,47.0,Yes,Placed,6.17,Good
102467,Student_102467,Female,21,Cyber Security,4,Satara,High,67.68,29,17.77,16,6,8,3,4,Statistics,25.3,10.94,39.34,45.94,C,4.55,30.84,34.86,76.3,35.17,No,Not Placed,0,Poor
102468,Student_102468,Female,23,IT,2,Thane,Middle,66.68,26,14.41,22,7,7,3,1,Statistics,34.29,18.89,58.53,67.58,B,6.92,41.15,39.38,52.83,27.39,No,Not Placed,0,Average
102469,Student_102469,Male,25,ECE,3,Pune,Low,70.76,38,43.76,32,9,12,3,5,Statistics,25.31,26.63,70.33,71.9,A,7.28,59.82,50.97,69.87,38.94,No,Not Placed,0,Good
102470,Student_102470,Other,24,ECE,8,Nashik,Upper Middle,81.93,54,44.66,25,11,14,3,9,Big Data,30.28,25.81,52.0,65.92,B,6.98,45.03,45.86,78.48,44.88,Yes,Not Placed,0,Average
102471,Student_102471,Other,22,ECE,5,Kolhapur,Low,77.72,32,,20,9,13,7,10,Machine Learning,27.17,20.34,64.38,66.13,B,6.77,36.03,23.94,55.36,61.78,No,Not Placed,0,Average
102472,Student_102472,Female,18,CSE,8,Nashik,Low,77.89,46,51.95,23,11,11,6,9,Apache Spark,21.42,21.27,70.93,65.71,B,6.44,66.57,47.94,66.59,40.97,No,Not Placed,0,Average
102473,Student_102473,Male,25,Cyber Security,4,Kolhapur,Low,72.19,24,28.88,,10,12,5,7,Apache Spark,16.46,16.13,49.28,47.74,C,4.95,32.31,,64.27,37.02,Yes,Not Placed,0,Poor
102474,Student_102474,Other,25,Data Science,5,Nagpur,Lower Middle,53.07,34,18.95,11,5,9,6,4,Statistics,14.91,16.28,29.98,37.03,C,3.66,,40.53,35.89,50.04,No,Not Placed,0,Poor
102475,Student_102475,Male,24,IT,5,Mumbai,Upper Middle,53.32,26,16.08,5,5,6,3,1,Statistics,11.38,7.86,38.85,33.2,C,3.27,31.14,30.4,18.96,11.36,No,Not Placed,0,Poor
102476,Student_102476,Male,20,IT,2,Pune,Low,84.76,56,68.56,30,11,14,5,8,Big Data,24.96,23.68,68.3,68.66,B,6.6,61.92,30.58,76.97,92.96,No,Not Placed,0,Average
102477,Student_102477,Other,24,CSE,4,Kolhapur,High,82.55,44,63.84,21,10,8,7,7,Deep Learning,28.0,20.99,68.59,69.29,B,6.84,78.59,,60.6,,No,Placed,7.02,Average
102478,Student_102478,Female,23,CSE,6,Nashik,Lower Middle,80.6,35,50.81,16,7,12,6,8,NLP,17.51,19.06,55.78,53.73,C,5.48,54.31,30.94,60.29,46.12,No,Not Placed,0,Poor
102479,Student_102479,Female,25,AIML,2,Pune,High,60.28,28,11.53,21,6,10,6,3,Big Data,7.96,8.69,40.05,31.79,C,3.41,29.14,22.13,55.93,9.98,No,Not Placed,0,Poor
102480,Student_102480,Male,22,IT,3,Mumbai,High,96.56,77,75.44,33,12,19,10,11,Apache Spark,33.47,27.45,65.45,76.13,A,7.6,54.94,53.51,100,76.2,Yes,Placed,11.56,Good
102481,Student_102481,Female,21,AIML,6,Mumbai,High,64.91,30,22.82,10,4,8,0,6,Machine Learning,31.33,20.69,69.6,72.09,A,7.77,92.5,62.58,51.34,55.49,No,Not Placed,0,Good
102482,Student_102482,Female,19,AIML,3,Pune,High,62.99,3,19.94,11,4,8,1,4,Apache Spark,33.29,20.29,74.39,75.69,A,7.69,33.95,61.16,44.23,52.55,Yes,Not Placed,0,Good
102483,Student_102483,Female,20,IT,5,Nashik,Low,71.86,54,41.55,,12,12,3,7,Apache Spark,13.2,9.99,43.48,38.3,C,3.99,28.86,,45.5,72.78,No,Not Placed,0,Poor
102484,Student_102484,Other,22,AIML,7,Mumbai,Middle,93.76,34,51.49,22,10,12,7,9,Machine Learning,29.16,26.25,83.86,81.3,A,7.91,82.98,100,45.67,75.73,Yes,Placed,8.07,Good
102485,Student_102485,Male,24,Data Science,6,Kolhapur,High,98,65,87.36,40,12,19,8,16,Big Data,40,29.64,84.98,92.25,A+,9.45,95.5,91.93,67.4,90.91,No,Placed,10.16,Excellent
102486,Student_102486,Male,19,AIML,5,Pune,Lower Middle,79.83,34,53.05,27,9,12,3,6,Apache Spark,28.68,19.16,69.75,69.16,B,6.74,58.93,76.37,37.36,70.53,No,Not Placed,0,Average
102487,Student_102487,Female,25,CSE,7,,Lower Middle,45.57,21,0,3,4,0,0,1,NLP,7.07,7.49,58.23,39.41,C,3.63,15.9,36.63,23.08,0,No,Not Placed,0,Poor
102488,Student_102488,Other,19,ECE,1,Kolhapur,High,56.05,28,1.54,14,3,7,0,2,Apache Spark,11.96,17.77,50.61,46.13,C,4.58,28.71,37.51,38.34,20.71,Yes,Not Placed,0,Poor
102489,Student_102489,Other,25,Cyber Security,6,Thane,Lower Middle,65.46,17,30.87,20,8,8,6,5,Apache Spark,14.03,8.05,41.78,36.77,C,3.54,35.04,18.78,83.18,10.12,No,Not Placed,0,Poor
102490,Student_102490,Female,23,Cyber Security,5,Nagpur,Upper Middle,73.76,26,37.45,22,3,9,3,4,NLP,22.83,17.08,59.5,58.26,B,5.68,49.07,67.74,74.49,68.31,No,Not Placed,0,Average
102491,Student_102491,Female,20,Data Science,2,Thane,Middle,63.87,18,56.68,13,6,8,8,3,NLP,27.57,22.63,63.94,67.73,B,6.86,54.8,71.55,52.03,41.17,No,Not Placed,0,Average
102492,Student_102492,,23,Data Science,7,Satara,High,76.6,47,76.21,26,11,17,7,10,Deep Learning,40,27.31,89.28,92.84,A+,9.09,82.99,53.75,64.76,100,No,Placed,7.66,Excellent
102493,Student_102493,Other,22,ECE,6,Thane,Middle,70.19,30,37.72,12,5,7,2,2,Statistics,29.63,16.86,75.89,71.41,A,7.4,76.93,80.48,46.23,52.82,Yes,Placed,13.71,Good
102494,Student_102494,Male,23,Data Science,6,Nagpur,Upper Middle,72.83,23,,22,10,10,1,6,Big Data,34.11,12.28,74.89,71.22,A,6.95,50.27,49.7,63.44,60.23,No,Not Placed,0,Good
102495,Student_102495,Female,21,Cyber Security,3,Satara,Lower Middle,87.41,33,103.78,28,10,13,5,11,Deep Learning,40,30,100,100.0,A+,10,100,100,60.25,100,Yes,Placed,5.6,Excellent
102496,Student_102496,Other,25,CSE,7,Mumbai,Low,92.29,43,85.65,18,9,12,1,7,Apache Spark,28.93,30,74.8,79.1,A,7.96,78.03,68.3,72.11,77.21,No,Placed,4.42,Good
102497,Student_102497,Male,23,IT,8,Mumbai,High,95.63,57,50.2,27,9,12,5,10,Machine Learning,18.31,17.92,61.45,56.4,B,5.58,42.13,49.16,99.1,36.29,No,Not Placed,0,Average
102498,Student_102498,Other,20,Data Science,8,Nashik,Middle,76.0,35,39.58,16,8,8,2,4,NLP,20.87,22.63,66.63,64.05,B,6.63,79.78,75.26,40.61,80.68,No,Not Placed,0,Average
102499,Student_102499,Other,24,AIML,7,Thane,Upper Middle,66.03,16,26.26,13,2,5,0,3,Deep Learning,24.71,20.49,58.88,61.63,B,6.16,44.73,63.11,32.02,44.02,Yes,Not Placed,0,Average
102500,Student_102500,Male,22,Cyber Security,8,Nagpur,High,61.71,10,25.22,4,4,7,2,3,Machine Learning,31.21,18.27,57.69,64.43,B,6.31,,49.76,21.88,36.54,No,Not Placed,0,Average
102501,Student_102501,,22,Data Science,7,Satara,Low,68.88,37,34.32,17,8,5,4,3,Statistics,20.54,13.98,58.38,53.92,C,5.47,57.17,51.23,18.8,24.29,Yes,Not Placed,0,Poor
102502,Student_102502,Other,20,Cyber Security,7,Thane,Low,74.98,43,63.49,28,11,13,8,8,Machine Learning,14.49,26.44,58.76,57.88,B,5.89,62.6,57.01,63.71,64.81,Yes,Not Placed,0,Average
102503,Student_102503,Male,24,AIML,5,Thane,Low,84.85,57,64.26,,9,12,6,6,Apache Spark,18.14,28.61,,60.98,B,6.22,57.67,44.46,84.27,61.22,Yes,Not Placed,0,Average
102504,Student_102504,Other,21,ECE,6,Kolhapur,Upper Middle,69.95,30,37.85,19,10,15,8,7,NLP,30.39,15.14,52.6,59.19,B,6.03,50.98,56.86,59.7,74.32,No,Not Placed,0,Average
102505,Student_102505,Male,19,AIML,3,Nagpur,Middle,81.57,38,84.34,29,12,13,6,10,Machine Learning,29.05,25.76,90.63,84.28,A,8.72,74.36,62.29,50.27,54.57,No,Not Placed,0,Good
102506,Student_102506,Male,21,ECE,3,Nagpur,High,78.59,31,34.5,11,8,8,5,4,Deep Learning,33.33,23.1,64.43,72.62,A,7.12,60.89,45.94,43.87,57.95,Yes,Placed,4.61,Good
102507,Student_102507,Female,24,IT,1,Nagpur,Low,49.62,0,12.55,4,2,3,0,0,Statistics,9.47,5.42,,22.58,C,2.54,28.81,43.61,18.35,19.85,No,Not Placed,0,Poor
102508,Student_102508,Male,22,AIML,7,Satara,Low,77.19,52,43.78,33,9,16,9,11,Deep Learning,21.57,12.74,69.09,59.21,B,6.34,37.39,51.1,99.04,42.28,No,Not Placed,0,Average
102509,Student_102509,Male,21,AIML,1,Mumbai,High,65.84,34,40.38,18,8,12,2,3,Machine Learning,18.17,18.2,57.29,54.41,C,6.01,53.32,51.78,76.69,46.4,No,Not Placed,0,Poor
102510,Student_102510,Male,22,ECE,2,Nagpur,Middle,62.39,29,49.32,15,7,9,1,5,Machine Learning,27.5,21.3,59.41,64.53,B,6.31,29.37,50.05,53.31,49.85,No,Not Placed,0,Average
102511,Student_102511,Male,25,ECE,1,Kolhapur,,81.19,40,57.49,,10,14,8,8,Big Data,25.66,17.6,76.32,69.14,B,6.93,54.58,44.13,65.25,51.26,Yes,Not Placed,0,Average
102512,Student_102512,Female,24,AIML,8,Nashik,High,56.13,32,26.79,19,5,11,5,3,Machine Learning,12.86,19.61,63.74,54.59,C,5.67,36.72,22.27,51.93,34.52,Yes,Not Placed,0,Poor
102513,Student_102513,Other,19,CSE,7,Mumbai,Middle,71.03,36,44.09,17,10,14,8,5,Apache Spark,15.4,10.49,59.37,48.23,C,4.73,48.39,58.1,55.27,47.7,Yes,Not Placed,0,Poor
102514,Student_102514,Male,22,IT,5,Satara,,70.99,41,15.11,22,9,7,2,1,Deep Learning,13.88,5.21,47.18,37.48,C,3.5,34.66,22.21,58.07,16.5,No,Not Placed,0,Poor
102515,Student_102515,Female,23,AIML,4,Nashik,High,57.68,10,21.95,10,6,9,0,0,Apache Spark,14.47,16.93,62.96,53.61,C,5.17,47.08,55.15,24.4,33.89,No,Not Placed,0,Poor
102516,Student_102516,Male,22,IT,5,Pune,High,73.68,37,31.65,20,7,8,4,7,Big Data,24.01,18.81,63.4,62.25,B,5.53,74.63,69.26,42.46,61.62,No,Not Placed,0,Average
102517,Student_102517,Female,20,CSE,2,Kolhapur,Lower Middle,75.32,25,44.65,12,9,7,4,5,Machine Learning,25.86,29.36,85.31,81.62,A,8.05,91.11,79.54,83.15,80.2,No,Placed,12.64,Good
102518,Student_102518,Female,21,Cyber Security,7,Nagpur,Lower Middle,67.63,27,4.29,14,7,4,5,6,Machine Learning,15.18,12.87,53.13,46.53,C,4.53,35.86,38.93,77.18,54.4,No,Not Placed,0,Poor
102519,Student_102519,Female,19,Data Science,6,Nagpur,High,71.74,40,41.61,17,7,12,8,9,NLP,13.73,11.45,59.81,47.83,C,5.14,42.29,37.54,43.56,34.86,Yes,Not Placed,0,Poor
102520,Student_102520,Female,20,CSE,8,Thane,Low,,46,47.07,23,10,14,4,5,Apache Spark,32.41,18.58,48.73,61.06,B,6.57,48.12,37.96,56.29,69.36,No,Not Placed,0,Average
102521,Student_102521,Male,25,IT,5,Satara,Low,83.66,43,52.9,25,9,9,7,6,Big Data,20.59,23.35,74.64,68.33,B,7.13,57.46,39.37,43.46,61.8,No,Not Placed,0,Average
102522,Student_102522,Other,24,Cyber Security,6,Pune,High,61.04,8,18.71,10,4,6,2,1,Machine Learning,17.72,5.24,62.47,48.01,C,4.86,,61.1,19.46,36.31,No,Not Placed,0,Poor
102523,Student_102523,Female,23,Cyber Security,7,Pune,Lower Middle,70.82,38,35.7,18,8,14,3,3,Statistics,18.24,9.43,47.49,43.71,C,4.36,17.02,,61.44,15.98,No,Not Placed,0,Poor
102524,Student_102524,Other,23,Data Science,2,Nagpur,Upper Middle,78.08,24,56.63,12,5,10,2,3,Apache Spark,40,30,78.95,89.48,A+,8.93,84.98,,54.51,53.25,No,Not Placed,0,Excellent
102525,Student_102525,Other,23,Data Science,8,Thane,Upper Middle,88.22,32,500,30,7,12,9,9,Apache Spark,34.14,25.05,82.99,83.8,A,8.86,80.26,65.33,,86.92,No,Not Placed,0,Good
102526,Student_102526,Female,24,AIML,1,Thane,Lower Middle,73.58,34,65.19,24,10,11,5,5,Statistics,24.88,23.47,64.37,66.49,B,6.54,93.53,52.93,62.0,64.14,No,Not Placed,0,Average
102527,Student_102527,Male,23,Data Science,6,Mumbai,Low,79.32,22,29.8,5,6,6,3,0,Statistics,28.57,21.47,74.28,72.87,A,7.73,67.75,65.0,57.81,78.5,No,Placed,6.44,Good
102528,Student_102528,Female,20,AIML,5,Mumbai,Upper Middle,81.6,19,13.49,24,8,8,5,6,Deep Learning,12.56,6.34,47.87,37.58,C,3.8,14.68,41.9,47.05,36.31,No,Not Placed,0,Poor
102529,Student_102529,Female,23,AIML,4,Pune,Lower Middle,89.93,63,101.66,29,12,17,10,13,Big Data,24.12,21.88,69.06,67.21,B,6.67,87.44,34.68,61.86,100,No,Not Placed,0,Average
102530,Student_102530,Male,20,CSE,1,Nashik,High,63.02,39,36.86,16,5,8,2,1,Machine Learning,22.74,24.85,79.99,73.62,A,7.83,36.39,52.49,50.79,38.68,No,Not Placed,0,Good
102531,Student_102531,Male,18,CSE,7,Thane,High,60.03,14,30.1,19,5,6,3,3,Apache Spark,25.31,21.38,76.38,71.43,A,7.12,71.53,54.26,75.58,37.19,Yes,Not Placed,0,Good
102532,Student_102532,Male,21,Data Science,4,Kolhapur,Middle,64.27,38,21.75,25,12,14,4,5,Apache Spark,5.51,3.44,,24.01,C,2.29,0,0,65.66,6.81,No,Not Placed,0,Poor
102533,Student_102533,Male,20,CSE,4,Nagpur,High,91.79,61,84.78,40,12,18,9,11,Statistics,23.59,30,,79.71,A,7.62,63.36,51.74,74.65,67.14,Yes,Placed,3.33,Good
102534,Student_102534,Female,22,ECE,4,,High,82.62,60,53.33,24,12,17,10,9,Machine Learning,24.45,27.09,63.28,68.04,B,6.68,48.69,47.89,77.37,45.45,No,Not Placed,0,Average
102535,Student_102535,Male,25,IT,6,Nashik,Low,66.17,25,8.51,8,6,5,4,2,Deep Learning,21.6,14.27,66.83,59.13,B,6.09,53.6,68.21,25.4,39.02,No,Not Placed,0,Average
102536,Student_102536,Female,25,CSE,8,Nagpur,High,85.45,54,81.33,26,12,17,8,11,Statistics,,30,59.46,67.87,B,6.68,74.33,72.25,68.1,98.05,No,Not Placed,0,Average
102537,Student_102537,Other,20,CSE,5,Satara,Low,56.48,18,31.21,14,8,9,0,5,NLP,16.01,14.1,23.68,33.25,C,3.28,20.14,36.13,19.32,28.42,Yes,Not Placed,0,Poor
102538,Student_102538,Other,21,Data Science,3,Satara,High,70.54,33,38.02,23,8,10,6,5,Apache Spark,18.07,17.68,51.1,50.88,C,5.16,42.43,31.82,52.07,34.18,No,Not Placed,0,Poor
102539,Student_102539,Male,18,AIML,4,Nashik,Upper Middle,63.83,38,33.33,20,9,11,7,6,Deep Learning,18.37,15.0,44.18,45.87,C,4.47,30.31,39.35,56.71,29.23,No,Not Placed,0,Poor
102540,Student_102540,Male,23,ECE,7,Satara,Upper Middle,65.11,46,47.77,23,7,9,7,5,Big Data,22.98,14.47,58.04,55.9,B,5.15,27.0,39.38,58.97,17.46,No,Not Placed,0,Average
102541,Student_102541,Other,24,IT,7,Nashik,Middle,84.53,45,64.63,28,10,17,5,9,Apache Spark,18.64,19.69,68.8,61.5,B,6.08,54.71,51.21,74.17,28.87,No,Not Placed,0,Average
102542,Student_102542,Female,19,CSE,4,Pune,Middle,83.77,52,74.2,31,11,13,4,8,Statistics,29.44,30,77.79,80.97,A,8.05,86.16,77.83,68.0,,Yes,Not Placed,0,Good
102543,Student_102543,Other,22,IT,7,Mumbai,Low,87.62,56,69.49,30,12,13,8,7,Big Data,30.42,28.16,62.52,72.85,A,7.8,92.85,66.11,87.38,47.9,No,Not Placed,0,Good
102544,Student_102544,Male,24,AIML,7,Kolhapur,Low,76.68,35,36.98,23,8,13,2,7,Deep Learning,30.1,30,73.06,79.1,A,8.06,76.87,57.74,56.53,69.26,No,Not Placed,0,Good
102545,Student_102545,Female,19,Data Science,5,Thane,High,63.83,33,20.67,16,7,6,4,0,Statistics,7.67,7.47,35.25,28.36,C,2.51,24.07,15.2,53.88,16.77,No,Not Placed,0,Poor
102546,Student_102546,Female,25,AIML,8,Nashik,Low,84.24,29,47.42,13,5,4,5,4,Statistics,40,29.77,83.39,91.54,A+,9.0,69.71,91.59,44.18,70.11,Yes,Not Placed,0,Excellent
102547,Student_102547,Other,20,ECE,5,Mumbai,High,71.96,50,83.31,,12,15,4,8,Deep Learning,27.31,19.83,79.47,73.43,A,7.05,50.97,49.92,66.02,53.64,No,Not Placed,0,Good
102548,Student_102548,Female,18,IT,8,Nagpur,Upper Middle,85.38,34,33.15,22,7,11,1,8,NLP,25.43,19.55,47.36,55.79,B,5.45,55.92,46.47,36.9,18.79,No,Not Placed,0,Average
102549,Student_102549,Female,22,IT,8,Pune,Upper Middle,81.69,61,41.73,27,12,12,4,10,Big Data,21.98,24.81,,67.39,B,7.27,71.28,54.13,59.76,62.94,Yes,Not Placed,0,Average
102550,Student_102550,Other,19,CSE,3,Kolhapur,Low,58.9,15,26.99,17,5,5,2,4,Big Data,21.94,16.84,43.57,49.46,C,4.53,37.62,52.42,34.48,23.48,Yes,Not Placed,0,Poor
102551,Student_102551,Male,19,Cyber Security,2,Nashik,Lower Middle,70.57,41,42.38,24,11,12,7,7,Apache Spark,25.66,23.4,70.51,70.09,A,6.85,,37.81,67.97,48.79,No,Not Placed,0,Good
102552,Student_102552,Other,21,Data Science,7,Nagpur,Upper Middle,74.02,46,39.18,24,10,12,5,9,NLP,22.93,21.29,60.37,61.57,B,5.7,,43.87,71.71,49.25,No,Not Placed,0,Average
102553,Student_102553,Female,22,Data Science,5,Mumbai,Upper Middle,74.99,25,38.95,5,6,7,2,0,NLP,16.45,27.19,44.36,52.64,C,4.92,42.88,54.57,64.39,42.14,No,Not Placed,0,Poor
102554,Student_102554,Male,20,Cyber Security,5,Thane,High,70.19,40,24.92,18,9,10,7,6,Statistics,18.24,14.45,53.17,49.9,C,5.0,30.8,5.23,40.93,27.37,No,Not Placed,0,Poor
102555,Student_102555,Other,19,AIML,1,Nashik,High,50.12,16,7.04,0,3,4,1,2,Apache Spark,17.91,14.0,37.05,41.3,C,4.22,9.46,45.37,32.38,11.56,No,Not Placed,0,Poor
102556,Student_102556,Other,24,Data Science,3,Nagpur,Upper Middle,59.0,21,33.76,5,6,3,1,2,Deep Learning,9.28,11.09,38.45,33.58,C,3.33,22.13,45.68,33.35,32.37,No,Not Placed,0,Poor
102557,Student_102557,Other,18,AIML,4,Thane,High,71.57,30,46.29,27,8,10,4,3,Big Data,28.69,24.82,87.96,82.04,A,8.05,63.54,77.27,47.76,62.73,No,Not Placed,0,Good
102558,Student_102558,Other,20,Data Science,4,Mumbai,High,76.54,40,34.41,17,9,8,3,4,Statistics,33.62,21.22,54.73,66.73,B,6.8,89.44,58.81,64.75,60.78,Yes,Placed,4.27,Average
102559,Student_102559,Male,23,ECE,5,Thane,Low,72.62,16,50.22,,3,6,4,1,Statistics,24.5,22.37,64.47,65.52,B,6.48,61.29,83.81,36.15,56.76,Yes,Not Placed,0,Average
102560,Student_102560,Female,25,Cyber Security,4,Nagpur,Middle,67.52,19,19.69,10,5,5,4,2,Big Data,10.53,18.03,56.23,48.04,C,5.19,37.53,5.69,40.38,32.77,Yes,Not Placed,0,Poor
102561,Student_102561,Other,45,ECE,8,Thane,Middle,67.35,35,35.57,21,9,6,4,5,Statistics,29.57,22.34,67.51,70.83,A,6.92,50.85,65.56,57.65,47.3,No,Not Placed,0,Good
102562,Student_102562,Female,20,ECE,1,Mumbai,Lower Middle,57.58,22,20.42,12,5,8,1,4,Statistics,1.27,7.73,14.46,13.34,C,0.98,11.12,43.61,41.91,12.33,No,Not Placed,0,Poor
102563,Student_102563,Female,25,ECE,6,Nagpur,High,93.73,54,96.1,31,10,14,8,14,Machine Learning,40,30,100,100.0,A+,10,100,,64.87,100,No,Placed,7.55,Excellent
102564,Student_102564,Other,25,Data Science,7,Mumbai,Lower Middle,84.07,43,61.62,16,8,5,4,4,Big Data,31.36,25.86,67.3,74.4,A,7.97,66.72,62.22,27.61,50.7,No,Not Placed,0,Good
102565,Student_102565,Other,21,CSE,2,Kolhapur,High,73.29,57,50.53,29,7,10,6,9,Machine Learning,20.02,10.22,43.6,43.63,C,4.41,5.21,29.61,58.61,27.76,Yes,Not Placed,0,Poor
102566,Student_102566,Other,22,CSE,7,Nagpur,,82.32,52,42.04,23,9,16,2,8,Machine Learning,26.39,19.36,65.41,65.4,B,6.31,62.25,46.32,48.36,75.81,No,Not Placed,0,Average
102567,Student_102567,Other,21,ECE,1,Nagpur,High,72.99,34,21.74,22,8,7,2,4,Deep Learning,18.56,17.05,49.18,49.88,C,4.62,42.31,38.21,60.8,43.31,No,Not Placed,0,Poor
102568,Student_102568,Male,20,AIML,7,Kolhapur,Upper Middle,79.87,32,54.62,30,11,15,4,12,Statistics,24.14,27.65,72.6,72.84,A,7.09,58.55,32.09,47.71,44.52,Yes,Not Placed,0,Good
102569,Student_102569,Male,20,IT,3,Kolhapur,High,72.38,46,54.32,16,7,10,4,10,Big Data,23.1,22.08,60.74,62.42,B,6.48,42.05,30.58,45.94,,No,Not Placed,0,Average
102570,Student_102570,,25,ECE,5,Mumbai,Low,75.05,41,42.72,26,10,10,5,7,Statistics,20.54,20.02,,52.58,C,5.43,43.38,53.13,56.34,50.1,No,Not Placed,0,Poor
102571,Student_102571,Other,19,CSE,5,Satara,Low,83.67,30,33.8,15,6,9,3,6,Apache Spark,27.97,26.69,56.78,67.16,B,6.61,65.24,57.57,66.21,47.5,No,Not Placed,0,Average
102572,Student_102572,Female,25,AIML,7,Nagpur,Lower Middle,68.83,7,36.79,7,3,8,0,2,Statistics,27.69,15.42,70.27,66.19,B,6.84,74.27,85.17,27.52,29.78,Yes,Placed,3.8,Average
102573,Student_102573,Other,21,Cyber Security,7,Nagpur,Low,68.8,26,24.9,22,8,9,6,8,Deep Learning,8.74,9.77,49.57,37.86,C,3.14,22.16,37.48,58.64,18.47,No,Not Placed,0,Poor
102574,Student_102574,Male,25,ECE,1,,Middle,71.98,17,41.85,11,5,9,3,4,Apache Spark,35.0,19.79,62.71,70.8,A,7.09,56.58,51.78,28.89,38.83,No,Not Placed,0,Good
102575,Student_102575,Male,20,ECE,6,Thane,Low,54.66,33,31.92,10,5,7,1,6,Apache Spark,18.49,14.39,49.5,48.21,C,4.62,57.06,32.47,20.94,42.15,No,Not Placed,0,Poor
102576,Student_102576,Male,22,IT,8,Nagpur,Middle,73.46,19,27.65,19,6,8,3,6,Statistics,13.43,11.76,35.38,35.6,C,3.62,28.04,56.97,43.01,39.02,No,Not Placed,0,Poor
102577,Student_102577,Female,19,ECE,8,Mumbai,Upper Middle,76.38,34,30.62,15,10,11,4,3,Machine Learning,26.43,23.31,60.36,65.54,B,6.47,51.56,47.65,57.64,8.8,No,Not Placed,0,Average
102578,Student_102578,Female,24,ECE,5,Nagpur,Low,59.27,24,16.51,,9,6,2,6,Apache Spark,21.7,22.33,57.49,59.91,B,5.89,,60.25,24.91,14.68,No,Not Placed,0,Average
102579,Student_102579,Female,22,AIML,7,Satara,High,91.39,61,47.23,33,9,17,7,9,Statistics,24.83,30,44.04,60.65,B,6.18,48.48,27.21,63.82,69.46,Yes,Not Placed,0,Average
102580,Student_102580,,21,IT,6,Satara,Low,5,40,70.06,21,10,12,4,10,Deep Learning,40,28.16,100,98.77,A+,10,92.51,,32.94,78.4,No,Placed,9.02,Excellent
102581,Student_102581,Male,18,Data Science,6,Kolhapur,Middle,68.26,17,28.38,3,4,6,4,1,Machine Learning,15.11,26.0,75.37,66.35,B,6.72,75.5,78.58,66.33,52.21,No,Not Placed,0,Average
102582,Student_102582,Female,24,IT,3,Kolhapur,Low,63.21,25,12.62,14,7,9,3,0,Apache Spark,24.01,17.64,60.08,59.81,B,5.88,57.96,30.73,54.74,0,No,Not Placed,0,Average
102583,Student_102583,Other,25,Data Science,3,Mumbai,Low,75.84,30,51.71,23,9,11,3,7,Statistics,14.3,20.03,33.89,41.02,C,4.03,41.58,42.95,56.07,47.42,Yes,Not Placed,0,Poor
102584,Student_102584,Other,19,ECE,4,Satara,Lower Middle,72.13,32,37.02,27,7,6,3,9,NLP,29.15,26.1,69.01,73.76,A,7.25,69.92,63.73,59.19,58.95,No,Not Placed,0,Good
102585,Student_102585,Other,21,Cyber Security,4,Mumbai,Upper Middle,63.65,31,51.51,20,7,5,0,5,NLP,17.81,17.6,62.09,56.14,B,5.66,33.97,84.14,51.53,64.54,No,Not Placed,0,Average
102586,Student_102586,Male,21,Cyber Security,5,Pune,Middle,66.7,33,20.97,11,6,8,2,4,Apache Spark,20.91,27.1,64.91,66.21,B,6.49,76.09,80.11,32.4,44.8,No,Not Placed,0,Average
102587,Student_102587,Other,23,CSE,5,Nagpur,Low,63.83,6,2.99,8,8,5,2,3,Machine Learning,5.31,14.04,17.23,21.96,C,2.11,21.44,32.71,49.18,41.65,Yes,Not Placed,0,Poor
102588,Student_102588,Male,19,CSE,6,Kolhapur,Upper Middle,76.01,32,42.69,20,10,9,3,6,Apache Spark,21.98,28.92,84.24,77.89,A,7.37,58.6,55.46,32.65,40.02,Yes,Not Placed,0,Good
102589,Student_102589,Female,24,ECE,2,Thane,High,84.86,44,58.45,18,12,10,7,10,Machine Learning,29.17,22.11,84.71,78.97,A,7.98,66.44,80.21,67.17,54.71,No,Not Placed,0,Good
102590,Student_102590,Female,24,IT,5,Mumbai,Low,71.26,29,44.15,,7,13,1,6,Big Data,37.44,20.98,69.71,76.92,A,7.71,64.69,41.84,32.9,57.89,No,Not Placed,0,Good
102591,Student_102591,Other,18,AIML,4,Nagpur,,79.61,36,58.37,10,8,11,2,6,Machine Learning,27.28,24.0,71.01,71.97,A,7.49,60.9,53.08,67.61,56.45,No,Not Placed,0,Good
102592,Student_102592,Female,25,Data Science,6,Nashik,Low,71.4,33,51.48,,6,10,4,3,Big Data,29.79,24.66,49.17,63.36,B,6.58,54.33,52.77,35.65,47.77,No,Not Placed,0,Average
102593,Student_102593,Female,23,AIML,8,Mumbai,Upper Middle,73.69,35,43.62,23,8,10,3,10,Big Data,25.1,25.92,68.85,70.53,A,7.66,74.77,66.3,65.21,57.16,No,Not Placed,0,Good
102594,Student_102594,Male,24,IT,3,,Middle,83.16,45,21.97,22,6,6,3,5,Statistics,20.32,18.99,64.5,60.16,B,6.45,44.3,41.83,51.31,70.31,No,Not Placed,0,Average
102595,Student_102595,Male,25,IT,5,Satara,,76.07,32,57.76,10,6,7,1,4,Machine Learning,,25.73,94.02,86.31,A+,8.14,93.35,85.52,33.07,64.82,No,Placed,10.85,Excellent
102596,Student_102596,Male,22,ECE,8,Thane,Middle,82.28,39,31.9,20,5,10,4,6,Machine Learning,8.84,13.2,51.84,41.35,C,4.55,41.9,24.05,62.86,53.73,Yes,Not Placed,0,Poor
102597,Student_102597,Male,19,Data Science,5,Nagpur,Upper Middle,74.52,34,71.44,24,7,9,5,7,NLP,31.02,27.37,92.33,87.68,A+,8.75,78.07,52.17,62.44,64.05,No,Placed,13.11,Excellent
102598,Student_102598,Male,19,Data Science,1,Satara,Low,73.67,21,49.48,9,5,4,2,4,Machine Learning,36.96,29.73,72.77,83.93,A,8.68,95.49,90.12,25.77,63.6,Yes,Placed,4.07,Good
102599,Student_102599,Other,21,ECE,2,Mumbai,High,65.21,46,34.72,14,7,11,5,4,Big Data,18.95,17.08,69.55,60.38,B,5.79,55.3,53.94,68.64,34.83,No,Not Placed,0,Average
102600,Student_102600,Male,23,Cyber Security,3,Nagpur,Lower Middle,80.37,44,35.11,26,7,8,5,6,Machine Learning,13.53,15.84,47.74,44.58,C,4.51,26.13,40.49,55.24,25.48,No,Not Placed,0,Poor
102601,Student_102601,Male,22,Cyber Security,7,Nashik,Low,60.38,25,27.23,0,5,4,0,0,Apache Spark,22.37,16.23,56.74,55.97,B,5.87,54.73,65.13,27.08,35.45,No,Not Placed,0,Average
102602,Student_102602,Female,19,Cyber Security,2,Satara,Upper Middle,74.51,33,37.31,19,11,9,9,5,Apache Spark,28.54,24.63,63.82,69.74,B,7.11,68.73,41.03,61.78,52.75,Yes,Not Placed,0,Average
102603,Student_102603,Female,18,IT,2,Nashik,Lower Middle,65.93,32,46.42,19,10,13,8,4,Statistics,27.63,17.71,44.32,54.69,C,5.44,43.41,27.14,33.26,45.11,No,Not Placed,0,Poor
102604,Student_102604,Other,20,IT,1,Satara,Upper Middle,82.6,60,77.65,33,12,17,5,14,Big Data,37.0,28.96,80.84,87.48,A+,8.54,71.31,59.98,95.88,71.08,Yes,Not Placed,0,Excellent
102605,Student_102605,Other,20,AIML,7,Nagpur,Lower Middle,58.92,0,27.05,5,5,6,4,1,Big Data,14.78,19.05,43.37,45.47,C,4.53,38.34,53.03,49.42,36.77,Yes,Not Placed,0,Poor
102606,Student_102606,,25,Cyber Security,2,Thane,Low,79.77,54,47.96,21,8,8,8,6,Machine Learning,22.18,23.93,76.83,71.0,A,7.26,66.07,69.94,64.53,21.59,No,Placed,9.37,Good
102607,Student_102607,Other,22,IT,1,Pune,Middle,84.57,68,65.75,34,11,16,7,7,Apache Spark,26.41,17.23,72.6,67.59,B,6.84,81.54,61.41,76.64,93.26,Yes,Not Placed,0,Average
102608,Student_102608,Other,22,ECE,2,Mumbai,Low,57.17,16,20.36,12,4,4,2,0,Apache Spark,25.83,18.35,49.19,56.2,B,5.46,40.35,58.09,34.71,23.18,Yes,Not Placed,0,Average
102609,Student_102609,Female,25,ECE,4,Kolhapur,Lower Middle,87.44,57,51.45,30,10,12,8,10,Deep Learning,21.84,22.46,55.65,59.18,B,5.87,44.7,71.7,,48.2,No,Placed,6.8,Average
102610,Student_102610,Other,22,CSE,8,Nagpur,High,86.24,45,49.65,25,11,12,4,10,NLP,28.2,24.11,70.11,72.28,A,7.44,48.31,48.49,61.98,,No,Not Placed,0,Good
102611,Student_102611,Male,24,AIML,4,Kolhapur,Low,70.44,37,45.11,19,7,11,4,4,Apache Spark,14.87,16.77,44.64,44.65,C,4.35,43.05,43.1,58.0,42.97,No,Not Placed,0,Poor
102612,Student_102612,Female,19,Cyber Security,5,Kolhapur,High,85.5,45,53.93,16,10,11,3,8,Machine Learning,28.1,25.97,76.77,76.77,A,7.65,48.51,71.45,55.04,71.22,No,Not Placed,0,Good
102613,Student_102613,Male,23,ECE,6,Satara,Lower Middle,77.68,50,45.64,31,9,12,8,5,Statistics,,18.61,58.79,53.57,C,5.48,46.18,55.29,64.22,58.37,No,Not Placed,0,Poor
102614,Student_102614,Other,20,Cyber Security,3,Kolhapur,Low,110,37,36.32,27,10,16,8,8,NLP,23.39,11.32,65.68,57.93,B,5.51,52.91,50.16,86.05,14.77,No,Placed,3.36,Average
102615,Student_102615,Male,23,Cyber Security,5,Nagpur,Middle,78.15,44,52.12,17,7,10,6,10,Machine Learning,24.14,22.78,71.56,69.07,B,6.4,48.95,45.79,55.11,49.39,No,Not Placed,0,Average
102616,Student_102616,Female,24,CSE,7,Satara,Low,64.12,31,34.21,14,5,8,0,1,Deep Learning,21.67,7.91,28.45,35.75,C,4.12,48.16,51.33,31.63,44.63,No,Not Placed,0,Poor
102617,Student_102617,Male,18,AIML,3,Satara,High,72.71,25,10.33,19,4,5,0,2,Statistics,17.81,19.14,58.73,55.48,B,5.45,70.69,26.93,62.6,37.98,No,Not Placed,0,Average
102618,Student_102618,Male,19,Cyber Security,5,Satara,Upper Middle,82.98,36,51.28,31,11,15,8,12,Machine Learning,32.56,15.15,61.51,65.27,B,6.67,74.67,52.67,54.81,36.95,Yes,Not Placed,0,Average
102619,Student_102619,Other,18,CSE,8,Kolhapur,High,72.74,45,6.51,22,10,8,5,7,Statistics,24.57,16.64,53.62,56.33,B,5.61,33.17,37.33,57.55,43.34,No,Not Placed,0,Average
102620,Student_102620,Other,21,IT,7,Pune,Upper Middle,64.26,21,47.67,11,5,2,1,4,Apache Spark,33.1,26.63,90.6,87.88,A+,8.78,72.84,86.86,46.52,77.09,Yes,Placed,4.31,Excellent
102621,Student_102621,Other,25,Cyber Security,8,Pune,High,79.79,69,62.42,24,11,11,5,9,Apache Spark,24.24,15.15,82.42,69.49,B,6.88,50.33,40.62,80.03,49.88,Yes,Placed,4.79,Average
102622,Student_102622,Female,25,Data Science,4,Satara,Low,72.31,41,37.44,25,10,16,9,9,Statistics,16.79,16.64,77.21,62.29,B,6.49,44.84,,56.41,45.58,No,Not Placed,0,Average
102623,Student_102623,Male,25,IT,7,Mumbai,Upper Middle,79.05,46,33.74,31,11,12,5,7,Deep Learning,19.29,11.11,74.45,59.1,B,5.72,52.23,22.52,58.29,46.99,No,Not Placed,0,Average
102624,Student_102624,Male,24,Data Science,8,Thane,Low,89.44,37,28.96,34,8,12,6,6,Machine Learning,29.59,15.8,58.9,62.17,B,6.08,54.29,27.89,53.95,56.0,No,Not Placed,0,Average
102625,Student_102625,Female,25,ECE,6,Nashik,Low,79.27,38,36.2,18,8,10,1,6,Apache Spark,26.09,22.7,56.52,62.96,B,5.92,56.89,36.76,55.65,26.87,No,Not Placed,0,Average
102626,Student_102626,Female,25,ECE,6,Nagpur,Low,77.32,41,30.72,18,10,11,5,6,Statistics,28.51,17.98,84.49,75.62,A,7.44,73.28,81.38,63.88,37.86,Yes,Not Placed,0,Good
102627,Student_102627,Female,22,CSE,6,Pune,Upper Middle,54.23,24,19.69,10,4,7,0,1,Machine Learning,10.14,16.39,32.87,34.96,C,3.24,36.39,17.04,13.37,31.32,No,Not Placed,0,Poor
102628,Student_102628,Other,19,Data Science,2,Thane,Low,84.41,38,53.57,32,9,8,4,10,Big Data,28.75,16.36,60.5,62.72,B,6.67,,25.25,66.32,35.78,No,Not Placed,0,Average
102629,Student_102629,Other,24,Data Science,6,Satara,Low,80.54,46,,36,11,11,7,10,Machine Learning,21.54,11.3,50.35,48.87,C,4.54,19.71,21.46,71.54,26.44,No,Not Placed,0,Poor
102630,Student_102630,Male,19,IT,5,Kolhapur,Low,74.4,49,16.85,31,11,16,7,11,Statistics,15.37,9.47,54.07,44.88,C,4.8,37.3,22.59,52.28,27.01,No,Not Placed,0,Poor
102631,Student_102631,,25,CSE,8,Satara,Upper Middle,87.15,36,29.57,24,9,11,5,9,Big Data,28.2,19.55,,73.96,A,7.5,67.41,55.47,51.68,49.71,Yes,Not Placed,0,Good
102632,Student_102632,Female,20,AIML,3,Kolhapur,Middle,66.2,17,30.81,18,7,9,4,5,Machine Learning,6.59,8.63,25.9,23.65,C,2.72,37.68,23.97,51.39,19.98,No,Not Placed,0,Poor
102633,Student_102633,Female,21,CSE,7,Satara,Low,53.73,20,17.55,14,2,5,0,1,NLP,12.3,13.8,52.77,44.81,C,4.98,29.66,42.98,31.31,11.13,Yes,Not Placed,0,Poor
102634,Student_102634,Male,18,Cyber Security,7,Nashik,Low,69.52,18,,12,6,4,2,0,Apache Spark,20.14,8.3,50.33,45.8,C,4.72,33.26,72.09,20.71,38.77,Yes,Not Placed,0,Poor
102635,Student_102635,Other,20,ECE,5,Nagpur,Middle,56.4,16,17.53,12,5,4,3,0,Statistics,17.85,13.86,63.51,54.38,C,5.32,19.97,60.63,52.18,32.31,No,Not Placed,0,Poor
102636,Student_102636,Other,18,Cyber Security,3,Kolhapur,Low,87.15,50,72.87,32,10,18,2,10,Machine Learning,18.13,17.48,50.22,50.36,C,4.5,46.83,59.0,67.29,60.88,No,Not Placed,0,Poor
102637,Student_102637,Male,19,CSE,4,Satara,High,77.73,36,37.71,17,9,11,3,7,Apache Spark,30.35,20.21,69.01,70.74,A,7.83,45.63,45.53,72.83,37.92,No,Not Placed,0,Good
102638,Student_102638,Female,18,AIML,4,Pune,High,81.32,38,35.91,27,10,11,1,8,Machine Learning,32.7,11.59,63.36,63.93,B,6.72,48.63,61.93,40.93,63.65,No,Placed,3.33,Average
102639,Student_102639,Male,19,CSE,2,Nagpur,Upper Middle,66.49,56,49.83,23,9,11,9,14,Deep Learning,30.03,18.51,60.16,64.95,B,6.32,46.26,34.86,72.92,32.15,No,Not Placed,0,Average
102640,Student_102640,Other,21,Data Science,8,Nashik,High,69.31,52,40.29,20,7,13,2,8,NLP,11.71,11.8,38.31,35.8,C,2.95,29.51,47.27,75.86,28.32,Yes,Not Placed,0,Poor
102641,Student_102641,Other,25,ECE,1,Mumbai,Middle,61.88,29,27.6,21,7,7,10,5,Big Data,20.4,12.24,55.99,51.45,C,5.4,55.52,52.6,53.64,23.96,Yes,Not Placed,0,Poor
102642,Student_102642,Other,24,CSE,6,Mumbai,Middle,57.05,24,62.87,12,8,7,1,5,Machine Learning,27.29,21.67,71.91,70.87,A,7.33,48.58,67.69,65.11,53.92,No,Not Placed,0,Good
102643,Student_102643,Female,21,AIML,3,Nashik,Upper Middle,58.93,9,0,10,4,4,2,2,Big Data,10.82,15.03,31.44,33.85,C,3.44,27.35,26.46,39.48,,No,Not Placed,0,Poor
102644,Student_102644,Male,12,ECE,6,Mumbai,Low,97.64,40,82.51,23,9,16,6,11,Apache Spark,38.28,30,88.79,93.1,A+,9.78,83.65,53.04,78.81,86.18,Yes,Placed,3.33,Excellent
102645,Student_102645,Female,22,IT,5,Nagpur,Low,71.22,31,18.93,8,7,9,5,4,Big Data,11.75,18.11,52.19,46.98,C,4.37,36.28,47.15,50.72,26.79,Yes,Not Placed,0,Poor
102646,Student_102646,Male,18,CSE,6,Pune,Lower Middle,74.95,37,68.38,20,7,14,4,10,Machine Learning,15.0,25.95,64.23,60.66,B,6.23,46.66,62.61,73.04,71.23,No,Not Placed,0,Average
102647,Student_102647,Other,25,ECE,5,Kolhapur,Lower Middle,75.95,33,,17,7,8,5,6,Deep Learning,15.73,23.05,41.42,47.88,C,5.12,48.62,31.12,49.99,50.32,Yes,Not Placed,0,Poor
102648,Student_102648,Female,20,AIML,7,Kolhapur,Middle,67.45,20,16.84,19,8,6,5,7,NLP,7.59,12.48,47.82,37.92,C,3.82,47.04,40.77,70.28,20.01,No,Not Placed,0,Poor
102649,Student_102649,Female,20,Cyber Security,2,Nashik,Lower Middle,77.92,38,28.67,18,10,12,4,7,Deep Learning,31.59,26.19,71.39,76.85,A,7.79,59.17,73.13,,74.71,No,Placed,8.01,Good
102650,Student_102650,Male,18,Data Science,2,Nagpur,Lower Middle,57.39,25,9.48,12,6,6,2,3,Apache Spark,17.36,8.75,36.4,37.06,C,3.98,27.29,39.11,52.77,23.37,No,Not Placed,0,Poor
102651,Student_102651,Other,22,Cyber Security,4,Nagpur,Lower Middle,77.49,34,57.86,18,6,13,0,8,Deep Learning,22.27,28.79,58.68,65.23,B,6.95,59.23,69.76,69.22,51.02,Yes,Not Placed,0,Average
102652,Student_102652,Male,25,CSE,1,Nagpur,,68.89,51,40.53,24,10,17,8,9,Apache Spark,14.52,22.22,37.95,44.67,C,4.64,16.41,4.77,79.96,30.4,No,Not Placed,0,Poor
102653,Student_102653,Male,21,Data Science,7,Nashik,,56.17,36,19.47,15,5,6,3,2,Statistics,13.06,9.13,35.0,33.38,C,3.57,30.79,24.8,50.96,23.54,No,Not Placed,0,Poor
102654,Student_102654,Female,23,Cyber Security,7,Satara,Middle,67.91,32,54.52,29,7,10,4,6,Deep Learning,15.59,19.15,58.48,53.7,C,5.42,57.84,46.36,59.51,55.8,No,Not Placed,0,Poor
102655,Student_102655,Other,23,AIML,7,Thane,Low,75.02,33,51.38,23,9,11,5,5,Machine Learning,27.28,21.41,83.92,76.69,A,7.96,94.53,52.6,68.63,43.85,Yes,Placed,10.71,Good
102656,Student_102656,Male,25,ECE,6,Nashik,Lower Middle,72.3,12,,16,9,9,0,3,Apache Spark,25.85,19.17,49.04,56.69,B,6.05,45.8,36.32,31.84,39.9,Yes,Not Placed,0,Average
102657,Student_102657,Male,19,Cyber Security,1,Kolhapur,Lower Middle,88.62,43,49.99,34,7,14,9,11,Deep Learning,19.29,10.64,49.73,46.43,C,4.56,48.53,38.81,73.86,51.33,Yes,Not Placed,0,Poor
102658,Student_102658,,21,AIML,1,Pune,Low,78.77,34,61.42,25,9,12,4,9,Machine Learning,28.74,24.45,84.79,80.26,A,8.21,72.33,68.3,41.86,64.5,No,Placed,7.36,Good
102659,Student_102659,Female,19,Data Science,4,Satara,Low,50.03,18,22.88,15,7,8,3,5,Deep Learning,14.61,7.53,29.97,30.96,C,3.19,30.94,22.85,43.73,18.5,No,Not Placed,0,Poor
102660,Student_102660,Other,25,ECE,4,Nashik,Upper Middle,83.25,48,57.84,32,11,13,5,8,Deep Learning,32.18,18.69,86.78,79.99,A,8.14,50.61,58.61,84.78,43.27,No,Not Placed,0,Good
102661,Student_102661,Female,18,AIML,4,Nagpur,Middle,70.62,18,50.39,15,9,10,4,5,Deep Learning,23.24,21.68,66.76,65.26,B,6.64,42.22,34.36,73.19,34.67,No,Not Placed,0,Average
102662,Student_102662,Other,18,AIML,8,Mumbai,Low,70.59,29,50.76,13,5,5,4,3,Statistics,40,29.14,72.65,85.75,A+,8.81,84.85,67.79,31.75,,Yes,Placed,5.48,Excellent
102663,Student_102663,Female,24,Cyber Security,6,Satara,Upper Middle,80.47,38,53.61,31,12,12,5,7,Apache Spark,30.76,19.9,70.97,71.82,A,7.17,94.37,75.43,74.99,63.66,No,Not Placed,0,Good
102664,Student_102664,Other,23,CSE,5,Kolhapur,High,72.56,26,33.12,22,6,5,3,3,Apache Spark,28.1,25.64,64.39,70.36,A,7.37,59.26,54.2,60.09,38.88,No,Placed,7.75,Good
102665,Student_102665,Other,21,Cyber Security,7,Pune,High,85.68,55,500,28,12,14,6,12,Deep Learning,40,21.17,94.6,91.41,A+,9.09,,78.02,83.45,98.98,Yes,Placed,6.04,Excellent
102666,Student_102666,Male,24,IT,8,Satara,High,64.21,18,26.03,10,4,8,0,0,Big Data,25.09,12.74,52.09,53.36,C,5.45,47.17,66.1,38.19,51.24,No,Not Placed,0,Poor
102667,Student_102667,Other,21,AIML,1,Satara,Middle,78.06,30,36.53,16,8,8,5,3,Big Data,18.19,3.27,53.6,42.62,C,4.3,38.35,52.91,68.33,32.89,No,Not Placed,0,Poor
102668,Student_102668,Other,24,AIML,7,Kolhapur,Low,73.25,18,21.47,22,9,10,0,0,Deep Learning,18.53,11.02,55.42,48.95,C,4.11,59.84,39.69,45.88,35.82,No,Not Placed,0,Poor
102669,Student_102669,Female,23,AIML,4,Kolhapur,Lower Middle,94.48,48,71.45,22,11,11,2,9,Machine Learning,32.31,22.46,86.35,82.38,A,8.49,95.65,68.64,65.55,84.43,No,Placed,10.57,Good
102670,Student_102670,Male,24,Data Science,6,Pune,High,71.97,41,32.4,19,7,9,3,4,Statistics,33.68,25.44,66.46,75.45,A,7.58,68.57,83.6,55.35,60.32,Yes,Placed,5.63,Good
102671,Student_102671,Female,24,CSE,6,Kolhapur,Upper Middle,61.24,21,1.75,3,4,7,0,0,Apache Spark,8.02,12.41,58.08,43.33,C,4.23,27.05,51.71,41.13,30.31,Yes,Not Placed,0,Poor
102672,Student_102672,Male,19,Data Science,5,Thane,Upper Middle,88.22,52,56.98,33,9,16,5,12,Apache Spark,25.74,28.38,93.61,85.03,A+,8.35,87.26,65.91,57.42,70.91,No,Placed,7.51,Excellent
102673,Student_102673,Male,18,IT,2,Mumbai,Lower Middle,94.13,66,86.49,33,12,16,6,10,NLP,40,29.36,95.59,97.37,A+,9.5,93.69,54.88,85.64,92.35,Yes,Placed,5.23,Excellent
102674,Student_102674,Female,20,CSE,5,Nashik,Lower Middle,60.59,39,61.32,29,12,12,7,11,Apache Spark,22.37,15.28,52.67,53.3,C,4.92,7.43,23.51,76.95,30.57,No,Not Placed,0,Poor
102675,Student_102675,Male,18,AIML,5,Satara,Middle,76.56,25,26.43,16,4,8,3,4,Apache Spark,38.89,27.62,70.12,82.64,A,8.08,84.65,87.12,71.02,66.14,Yes,Placed,7.38,Good
102676,Student_102676,Male,22,AIML,5,Kolhapur,Low,72.99,23,41.05,19,9,8,3,3,NLP,21.77,28.11,66.83,68.49,B,6.93,60.06,,56.99,55.29,No,Not Placed,0,Average
102677,Student_102677,Other,19,AIML,6,Mumbai,High,74.71,34,420,12,7,7,3,4,Machine Learning,20.36,19.87,66.78,61.9,B,6.12,42.35,42.2,41.17,57.96,Yes,Not Placed,0,Average
102678,Student_102678,Female,23,Data Science,6,Thane,High,67.33,20,34.71,24,7,4,0,4,Big Data,18.67,25.97,55.7,59.17,B,6.13,64.69,61.52,50.77,58.1,Yes,Placed,11.03,Average
102679,Student_102679,Male,22,CSE,7,Pune,Lower Middle,69.36,25,45.85,28,7,13,7,8,Statistics,28.39,20.28,61.82,65.72,B,6.63,24.75,54.41,51.52,25.66,No,Not Placed,0,Average
102680,Student_102680,Female,22,Cyber Security,8,Kolhapur,Upper Middle,77.03,39,38.76,24,10,10,5,6,Statistics,18.4,9.31,35.87,37.94,C,3.47,6.14,37.35,57.36,35.69,No,Not Placed,0,Poor
102681,Student_102681,Male,21,CSE,3,Nashik,Upper Middle,85.96,41,45.21,25,11,12,2,10,Deep Learning,32.44,27.9,77.89,81.87,A,8.1,78.58,51.93,62.85,43.5,No,Placed,10.88,Good
102682,Student_102682,,21,Cyber Security,4,Kolhapur,Lower Middle,71.9,29,34.59,9,3,7,3,4,Big Data,34.29,23.34,67.65,75.1,A,7.53,74.11,98.4,37.24,68.64,Yes,Placed,9.66,Good
102683,Student_102683,Female,23,IT,4,Thane,High,82.46,38,45.87,15,7,13,5,8,NLP,28.84,26.23,70.06,74.15,A,7.59,45.25,43.25,64.08,58.54,Yes,Not Placed,0,Good
102684,Student_102684,Other,24,ECE,8,,Middle,74.61,42,51.21,16,6,12,3,2,NLP,34.89,22.5,78.93,80.63,A,8.01,63.48,59.15,25.33,54.21,Yes,Placed,5.61,Good
102685,Student_102685,Male,18,Cyber Security,2,Kolhapur,Lower Middle,83.96,34,28.2,27,5,11,3,7,Statistics,30.61,13.37,76.9,70.32,A,7.0,76.0,54.41,59.98,39.97,Yes,Placed,11.13,Good
102686,Student_102686,Other,22,Cyber Security,4,Nashik,Upper Middle,80.03,39,50.42,16,7,12,9,3,Big Data,29.33,12.32,59.29,59.86,B,6.02,71.09,57.23,61.48,99.08,Yes,Placed,11.9,Average
102687,Student_102687,Male,24,Cyber Security,8,Pune,Upper Middle,62.24,10,48.77,24,4,7,0,0,Apache Spark,29.83,18.43,55.1,62.21,B,6.61,62.39,61.07,52.47,49.22,No,Not Placed,0,Average
102688,Student_102688,Female,25,ECE,1,Mumbai,Upper Middle,58.48,16,31.84,6,5,4,3,0,Statistics,13.37,16.14,29.91,35.74,C,3.27,33.53,50.36,49.18,33.51,No,Not Placed,0,Poor
102689,Student_102689,Male,20,Cyber Security,6,Satara,Upper Middle,76.43,38,32.69,22,9,8,5,5,Apache Spark,19.66,22.12,64.01,61.5,B,6.58,51.87,51.94,82.1,42.2,No,Not Placed,0,Average
102690,Student_102690,Male,18,IT,7,Nashik,Low,63.8,53,29.63,17,9,11,4,5,Apache Spark,15.61,12.35,53.17,46.53,C,4.63,32.86,29.2,61.87,41.76,Yes,Not Placed,0,Poor
102691,Student_102691,Male,21,Cyber Security,8,Pune,Middle,69.01,22,18.58,20,5,6,1,4,Machine Learning,18.0,30,72.42,69.71,B,7.0,52.24,70.0,24.51,51.36,Yes,Not Placed,0,Average
102692,Student_102692,Male,19,ECE,4,Thane,High,78.15,29,64.98,19,9,13,2,8,Statistics,25.46,23.56,43.87,56.73,B,5.71,,52.49,20.96,35.41,No,Not Placed,0,Average
102693,Student_102693,Female,24,Data Science,1,Pune,High,60.4,22,0,9,6,5,0,1,Machine Learning,13.66,1.54,38.78,30.66,C,3.73,29.66,18.29,36.34,0.48,No,Not Placed,0,Poor
102694,Student_102694,Other,19,IT,2,Pune,Upper Middle,66.21,34,33.22,11,9,4,4,7,NLP,27.68,22.87,58.68,65.35,B,5.81,53.06,51.12,39.07,54.95,No,Not Placed,0,Average
102695,Student_102695,Male,25,ECE,4,Pune,Middle,62.11,29,25.0,19,8,12,2,6,NLP,20.2,16.13,44.3,48.05,C,4.85,30.24,43.8,33.46,43.52,Yes,Not Placed,0,Poor
102696,Student_102696,Male,23,Data Science,3,Nagpur,Upper Middle,66.72,34,47.35,14,11,9,2,4,Apache Spark,15.58,21.41,54.27,53.09,C,5.15,36.31,49.29,52.28,55.49,No,Not Placed,0,Poor
102697,Student_102697,Female,24,CSE,8,Pune,Lower Middle,77.99,48,27.54,22,9,13,5,6,Deep Learning,26.42,12.38,55.83,55.98,B,5.67,56.26,57.18,40.74,47.61,No,Not Placed,0,Average
102698,Student_102698,Other,21,ECE,2,Nashik,High,71.47,35,36.49,16,7,12,2,5,Apache Spark,16.24,20.74,55.56,53.79,C,5.35,25.53,72.99,46.37,47.99,No,Not Placed,0,Poor
102699,Student_102699,Female,21,ECE,1,Nagpur,Lower Middle,83.04,43,78.03,,12,15,8,7,Statistics,30.66,29.31,81.75,83.41,A,8.57,73.59,53.26,70.21,37.58,Yes,Not Placed,0,Good
102700,Student_102700,Other,19,Cyber Security,4,Satara,Upper Middle,85.49,28,90.16,24,11,10,5,8,Machine Learning,21.29,24.28,75.0,69.65,B,6.93,71.51,71.32,57.57,67.55,No,Placed,3.35,Average
102701,Student_102701,Male,24,ECE,4,Kolhapur,Lower Middle,89.68,51,54.52,27,11,13,6,8,Machine Learning,26.19,22.26,64.94,66.95,B,6.57,52.55,47.52,68.59,47.25,No,Not Placed,0,Average
102702,Student_102702,Male,23,Data Science,6,Mumbai,High,52.14,30,0,9,6,7,0,1,Statistics,19.24,16.54,43.78,47.34,C,5.03,27.78,45.03,25.18,35.61,No,Not Placed,0,Poor
102703,Student_102703,Male,19,CSE,6,Satara,High,71.38,27,21.88,16,7,7,7,3,Deep Learning,32.26,22.56,63.97,71.22,A,7.21,76.35,65.74,42.42,51.39,No,Not Placed,0,Good
102704,Student_102704,Female,21,IT,2,Satara,Upper Middle,59.49,27,6.15,16,7,7,2,5,Big Data,21.69,29.41,61.07,66.4,B,6.42,38.73,52.75,52.81,60.51,No,Not Placed,0,Average
102705,Student_102705,Male,25,ECE,5,Mumbai,Upper Middle,85.26,44,99.64,32,8,13,5,11,Statistics,30.23,21.45,61.07,67.51,B,7.27,79.89,41.07,70.5,60.66,No,Not Placed,0,Average
102706,Student_102706,Male,21,AIML,3,Mumbai,Lower Middle,95.97,44,50.04,22,11,13,5,10,Deep Learning,28.8,21.74,69.78,70.99,A,6.75,53.07,35.45,84.32,61.86,No,Not Placed,0,Good
102707,Student_102707,Other,25,CSE,7,Mumbai,Low,83.05,31,52.32,22,7,14,5,8,Apache Spark,30.33,21.26,72.56,73.2,A,7.32,50.87,41.26,64.81,46.16,No,Not Placed,0,Good
102708,Student_102708,Female,20,IT,3,Thane,Lower Middle,87.19,66,74.45,34,12,18,7,12,Apache Spark,31.88,19.32,64.81,69.19,B,6.9,68.9,41.52,66.94,70.1,No,Not Placed,0,Average
102709,Student_102709,Male,19,Data Science,3,Satara,High,73.65,23,47.96,17,8,6,1,8,Apache Spark,27.86,23.31,58.19,65.53,B,6.56,53.11,83.83,56.97,56.9,Yes,Not Placed,0,Average
102710,Student_102710,Female,20,ECE,1,Mumbai,Upper Middle,81.48,56,78.99,37,12,13,7,13,Big Data,22.67,25.59,54.87,61.5,B,6.03,59.18,35.8,97.15,55.53,No,Placed,6.96,Average
102711,Student_102711,Other,18,AIML,3,Thane,Low,68.95,33,23.14,12,7,7,6,6,Deep Learning,12.95,12.8,65.98,51.23,C,5.03,31.86,30.92,48.28,36.25,No,Not Placed,0,Poor
102712,Student_102712,Male,25,CSE,1,Satara,High,81.77,38,66.91,22,7,10,4,5,Machine Learning,26.3,25.71,79.87,76.8,A,7.36,84.01,73.71,56.76,54.52,No,Not Placed,0,Good
102713,Student_102713,Male,21,ECE,6,Kolhapur,Low,86.34,54,59.87,23,10,17,6,8,NLP,40,30,99.18,99.59,A+,10,100,81.53,47.75,75.14,No,Placed,8.28,Excellent
102714,Student_102714,Male,21,Data Science,5,Kolhapur,Middle,,45,53.62,29,9,13,6,9,Machine Learning,29.98,22.05,60.15,67.26,B,6.52,70.37,52.24,70.67,73.92,Yes,Placed,12.23,Average
102715,Student_102715,Other,25,Data Science,7,Satara,Middle,62.23,41,,24,8,10,5,10,Deep Learning,15.73,12.81,32.47,36.58,C,4.05,17.53,46.43,47.37,60.93,No,Not Placed,0,Poor
102716,Student_102716,Female,22,AIML,4,Nashik,Upper Middle,63.73,42,65.24,22,6,7,2,7,Deep Learning,35.63,29.97,88.47,90.94,A+,9.3,82.13,60.87,50.36,52.76,Yes,Placed,13.86,Excellent
102717,Student_102717,Other,18,Cyber Security,6,Satara,Upper Middle,86.42,44,47.41,16,7,12,4,10,Statistics,30.91,26.33,49.95,65.71,B,7.14,67.62,38.92,80.28,58.96,Yes,Not Placed,0,Average
102718,Student_102718,Male,23,CSE,8,Nashik,Lower Middle,69.0,11,39.95,,5,7,5,1,NLP,20.5,23.42,73.5,67.73,B,6.93,72.09,73.31,50.88,66.28,No,Placed,7.08,Average
102719,Student_102719,Male,18,Cyber Security,8,Satara,Low,84.59,38,33.33,21,7,14,5,5,Machine Learning,35.9,19.22,68.89,74.18,A,7.19,73.74,66.45,85.93,55.91,Yes,Not Placed,0,Good
102720,Student_102720,Other,25,CSE,8,Nashik,Upper Middle,72.72,52,22.94,10,9,7,1,6,Deep Learning,13.68,15.13,28.16,34.43,C,3.71,31.28,41.12,47.23,44.48,Yes,Not Placed,0,Poor
102721,Student_102721,Female,25,Data Science,5,Nagpur,Middle,76.33,48,79.01,28,10,13,9,11,Statistics,31.31,27.73,87.36,85.65,A+,8.34,79.69,50.84,60.63,76.56,No,Not Placed,0,Excellent
102722,Student_102722,Male,18,AIML,7,Thane,Lower Middle,59.66,28,48.32,22,7,13,1,8,Deep Learning,29.77,29.8,79.61,82.0,A,8.31,76.29,72.91,26.88,74.7,No,Not Placed,0,Good
102723,Student_102723,Male,20,IT,7,Mumbai,Low,70.15,11,0,2,5,9,3,0,Big Data,26.63,8.34,29.05,40.06,C,3.76,49.76,51.02,37.46,27.85,No,Not Placed,0,Poor
102724,Student_102724,Other,22,AIML,3,Satara,Upper Middle,86.69,50,66.09,26,9,12,6,9,Statistics,35.72,18.83,69.96,74.33,A,7.26,76.65,47.03,,45.23,No,Not Placed,0,Good
102725,Student_102725,Male,22,CSE,1,Nashik,Middle,83.5,62,99.35,36,12,15,6,11,NLP,40,30,100,100.0,A+,10,99.73,69.19,80.64,99.2,Yes,Placed,13.15,Excellent
102726,Student_102726,Female,22,AIML,3,Nashik,High,82.98,29,27.75,26,10,11,7,10,Deep Learning,29.68,22.35,65.25,69.78,B,7.22,44.33,58.42,31.87,45.26,No,Not Placed,0,Average
102727,Student_102727,Female,20,Data Science,3,Kolhapur,Upper Middle,58.4,6,0,3,6,5,1,0,NLP,5.42,2.79,37.91,24.88,C,2.48,5.82,19.75,36.79,4.53,No,Not Placed,0,Poor
102728,Student_102728,Male,23,ECE,4,Nashik,,75.45,49,28.63,22,7,12,4,7,Machine Learning,19.23,18.83,44.27,49.11,C,5.02,52.51,23.63,77.79,,No,Not Placed,0,Poor
102729,Student_102729,Male,18,Cyber Security,1,Thane,Upper Middle,73.34,37,18.5,5,6,10,1,5,NLP,4.07,6.41,46.84,30.74,C,3.22,20.16,20.8,44.21,0,Yes,Not Placed,0,Poor
102730,Student_102730,Female,19,IT,8,Thane,Lower Middle,78.78,34,29.32,19,8,9,6,7,NLP,16.99,9.62,57.0,47.66,C,4.83,51.24,45.49,63.2,29.55,Yes,Not Placed,0,Poor
102731,Student_102731,Male,24,AIML,5,Thane,Middle,84.38,49,41.11,13,9,11,3,7,Deep Learning,18.21,17.31,56.07,53.24,C,5.67,50.65,52.71,40.64,44.84,No,Not Placed,0,Poor
102732,Student_102732,Female,22,ECE,1,Satara,Middle,90.03,38,60.02,17,8,10,6,8,Statistics,29.81,22.52,59.37,67.06,B,6.99,71.61,69.12,56.55,78.77,Yes,Not Placed,0,Average
102733,Student_102733,Female,22,IT,3,Thane,Upper Middle,71.64,28,38.52,15,6,9,2,7,Big Data,37.96,30,69.43,83.18,A,8.41,81.3,55.83,60.34,72.3,No,Not Placed,0,Good
102734,Student_102734,Female,19,ECE,3,Mumbai,Upper Middle,79.45,32,45.07,12,4,11,4,3,Statistics,40,28.71,78.55,88.41,A+,9.18,91.37,59.99,42.13,73.61,No,Placed,5.85,Excellent
102735,Student_102735,Other,23,ECE,7,Mumbai,Low,78.38,62,70.68,29,10,13,8,10,Machine Learning,34.07,20.4,66.36,72.33,A,6.83,83.45,60.95,53.28,62.87,No,Placed,11.51,Good
102736,Student_102736,Male,19,ECE,4,Thane,Middle,64.43,16,8.82,11,5,9,5,3,Deep Learning,20.38,15.57,65.88,58.61,B,6.06,39.03,26.63,31.13,27.36,Yes,Not Placed,0,Average
102737,Student_102737,Female,25,Cyber Security,6,Nashik,Lower Middle,73.81,44,20.11,26,10,6,2,2,Deep Learning,20.42,16.17,66.58,59.39,B,6.29,40.17,32.14,65.88,63.24,No,Not Placed,0,Average
102738,Student_102738,Other,18,AIML,1,Nagpur,Middle,79.83,52,50.29,27,9,9,7,10,Deep Learning,26.2,17.78,71.85,67.42,B,6.73,92.27,44.67,66.02,71.34,No,Not Placed,0,Average
102739,Student_102739,Male,22,AIML,8,Nagpur,,80.37,57,68.21,25,12,13,11,9,Deep Learning,39.56,30,54.72,77.03,A,7.2,72.56,67.95,93.0,75.46,No,Placed,8.8,Good
102740,Student_102740,Female,20,ECE,6,Kolhapur,Lower Middle,72.44,54,,15,5,11,1,4,Machine Learning,25.87,22.1,71.22,69.75,B,7.4,44.93,47.44,62.78,33.96,Yes,Not Placed,0,Average
102741,Student_102741,Male,18,IT,5,Satara,Low,78.45,29,6.48,15,7,12,0,7,Statistics,16.16,21.75,75.34,64.29,B,6.4,56.96,36.27,50.23,37.54,No,Not Placed,0,Average
102742,Student_102742,Male,20,CSE,1,Kolhapur,High,71.62,37,34.91,22,7,12,5,7,Apache Spark,25.59,18.3,61.72,62.25,B,6.19,,37.15,76.25,39.23,No,Not Placed,0,Average
102743,Student_102743,Male,22,ECE,5,Mumbai,Upper Middle,79.71,22,35.44,22,8,11,2,8,Apache Spark,28.47,21.3,53.82,62.46,B,6.36,72.81,64.38,40.7,52.03,No,Not Placed,0,Average
102744,Student_102744,Other,18,AIML,3,Satara,Middle,86.69,46,60.49,28,10,13,4,9,NLP,40,23.63,100,95.76,A+,9.57,88.53,77.05,67.7,96.52,Yes,Placed,6.71,Excellent
102745,Student_102745,Female,22,CSE,8,Nashik,Lower Middle,60.27,36,26.08,13,8,10,6,6,Big Data,15.29,15.09,42.81,42.93,C,3.59,23.31,31.03,69.19,50.21,Yes,Not Placed,0,Poor
102746,Student_102746,Male,24,CSE,1,Nagpur,High,83.12,31,39.52,,8,12,2,9,Deep Learning,29.11,25.36,65.13,71.3,A,6.93,54.59,32.98,46.53,55.9,No,Not Placed,0,Good
102747,Student_102747,Female,19,CSE,7,Nagpur,Low,67.14,35,5.96,13,7,7,1,5,Apache Spark,15.17,1.73,33.8,29.43,C,3.45,47.31,21.63,38.97,22.77,No,Not Placed,0,Poor
102748,Student_102748,Other,25,IT,6,Nagpur,Upper Middle,95.97,47,68.84,37,12,20,12,11,Machine Learning,22.1,24.22,76.96,71.21,A,7.21,26.86,31.6,100,53.88,No,Not Placed,0,Good
102749,Student_102749,Male,24,ECE,6,Kolhapur,Middle,60.9,41,34.72,16,6,5,7,2,Big Data,12.12,11.68,44.95,39.35,C,3.91,35.69,52.93,56.67,34.38,No,Not Placed,0,Poor
102750,Student_102750,Female,25,Data Science,5,Thane,Lower Middle,78.1,36,52.43,15,5,11,0,6,Statistics,24.85,15.37,63.41,60.6,B,6.06,55.51,47.76,32.89,44.85,Yes,Not Placed,0,Average
102751,Student_102751,Male,19,Cyber Security,7,Kolhapur,Upper Middle,69.3,34,50.23,25,8,8,0,8,Machine Learning,29.95,26.74,74.13,77.36,A,7.55,77.87,57.06,23.23,57.46,Yes,Not Placed,0,Good
102752,Student_102752,Female,20,ECE,1,Mumbai,High,59.57,13,43.24,12,3,7,2,2,Machine Learning,11.59,7.24,40.26,33.64,C,3.37,2.88,54.93,49.79,11.83,No,Not Placed,0,Poor
102753,Student_102753,Male,21,Cyber Security,2,Thane,High,63.95,35,21.5,19,4,9,0,4,NLP,12.82,21.82,35.54,41.93,C,4.47,56.34,59.61,52.56,24.31,Yes,Not Placed,0,Poor
102754,Student_102754,Male,23,CSE,6,Thane,Low,94.48,56,64.47,40,12,16,9,12,Deep Learning,31.91,26.52,92.77,87.99,A+,8.4,62.82,67.82,72.41,49.98,Yes,Not Placed,0,Excellent
102755,Student_102755,Female,22,AIML,1,Thane,High,81.53,22,56.16,18,5,10,3,3,Statistics,31.71,17.05,75.84,73.07,A,7.2,70.49,33.46,36.16,77.68,Yes,Not Placed,0,Good
102756,Student_102756,Other,25,Data Science,4,Mumbai,Middle,75.45,21,35.95,17,6,10,7,5,Apache Spark,26.57,25.38,51.27,62.49,B,6.37,62.42,60.6,65.25,53.06,No,Not Placed,0,Average
102757,Student_102757,Other,25,Data Science,6,Kolhapur,Middle,62.18,24,37.56,19,8,8,5,5,Apache Spark,27.56,17.6,65.33,65.07,B,6.66,73.72,47.07,45.86,58.83,No,Not Placed,0,Average
102758,Student_102758,Female,23,CSE,3,Pune,Upper Middle,68.26,31,30.71,17,8,7,1,6,NLP,19.23,12.65,38.33,42.02,C,4.22,43.13,33.86,63.58,19.94,No,Not Placed,0,Poor
102759,Student_102759,Other,19,AIML,1,Thane,Middle,73.18,15,32.58,16,6,7,2,3,Apache Spark,26.75,22.5,58.52,64.32,B,6.47,63.24,62.46,51.25,45.13,No,Not Placed,0,Average
102760,Student_102760,Other,20,IT,5,Thane,Low,80.99,36,48.53,21,7,7,3,6,Deep Learning,27.8,26.25,77.96,77.34,A,7.84,81.49,80.65,54.32,77.9,Yes,Placed,10.06,Good
102761,Student_102761,Other,19,CSE,4,Kolhapur,Lower Middle,64.64,16,22.26,12,6,11,5,3,Machine Learning,28.63,25.79,82.35,79.84,A,7.58,87.27,50.99,34.03,93.24,No,Not Placed,0,Good
102762,Student_102762,Female,25,ECE,5,Pune,High,64.4,24,25.12,16,7,8,4,6,Apache Spark,13.82,18.93,53.1,49.54,C,4.87,44.42,37.33,42.75,22.06,No,Not Placed,0,Poor
102763,Student_102763,Female,19,CSE,7,,Lower Middle,63.42,12,23.05,3,3,5,0,3,Deep Learning,32.41,26.11,65.63,74.53,A,7.1,48.85,41.32,33.62,58.92,No,Not Placed,0,Good
102764,Student_102764,Other,22,Cyber Security,3,Kolhapur,High,69.39,32,28.39,4,5,6,0,5,Apache Spark,19.87,25.86,69.31,66.8,B,6.77,71.33,58.11,52.15,33.15,Yes,Not Placed,0,Average
102765,Student_102765,Other,19,AIML,5,Pune,Middle,80.9,38,29.93,13,9,8,4,7,NLP,27.79,23.49,34.29,53.65,C,5.23,40.71,60.66,52.58,56.46,No,Not Placed,0,Poor
102766,Student_102766,Other,24,Data Science,1,Kolhapur,Upper Middle,75.71,22,47.99,22,9,9,3,9,Deep Learning,20.48,28.75,76.58,72.82,A,7.04,72.97,65.36,55.54,52.5,Yes,Not Placed,0,Good
102767,Student_102767,Male,21,IT,4,Nagpur,High,85.05,48,48.74,28,8,11,9,10,Machine Learning,36.29,19.11,72.88,76.39,A,7.68,47.98,50.77,44.1,59.91,No,Not Placed,0,Good
102768,Student_102768,Other,22,CSE,3,Pune,Upper Middle,66.57,30,38.72,13,6,8,5,3,NLP,28.55,15.79,57.87,60.87,B,6.32,53.53,57.35,64.32,29.93,Yes,Not Placed,0,Average
102769,Student_102769,Male,22,CSE,3,Pune,Lower Middle,72.13,25,71.2,19,9,12,1,5,Machine Learning,18.81,17.05,60.82,55.89,B,5.31,42.38,33.59,86.86,61.65,Yes,Not Placed,0,Average
102770,Student_102770,Other,24,IT,3,Kolhapur,Low,69.52,27,22.52,13,6,10,5,7,Big Data,24.19,14.71,50.5,53.2,C,5.83,42.95,26.45,49.07,35.11,No,Not Placed,0,Poor
102771,Student_102771,Other,24,ECE,5,Pune,Upper Middle,83.79,52,63.66,29,12,13,5,12,NLP,33.9,15.56,62.12,66.86,B,6.55,65.16,51.78,61.64,81.38,No,Not Placed,0,Average
102772,Student_102772,Male,24,ECE,3,Nashik,Middle,,53,34.2,19,9,14,5,7,Statistics,17.69,14.35,41.73,43.7,C,4.34,38.51,24.47,58.0,35.42,No,Not Placed,0,Poor
102773,Student_102773,Other,20,AIML,6,Pune,Lower Middle,84.51,46,73.89,29,12,12,9,9,Big Data,34.4,21.8,73.85,77.26,A,8.02,79.67,60.77,65.82,72.57,Yes,Not Placed,0,Good
102774,Student_102774,Male,22,IT,3,Thane,Lower Middle,87.13,32,51.3,28,12,13,5,10,Big Data,30.71,21.11,74.92,74.56,A,7.89,67.95,65.45,46.0,56.23,No,Placed,8.93,Good
102775,Student_102775,Female,24,Data Science,6,Nagpur,Low,71.77,25,30.92,13,8,12,3,3,NLP,26.07,25.97,88.07,80.9,A,7.86,65.7,37.52,57.33,57.83,No,Not Placed,0,Good
102776,Student_102776,Other,25,CSE,8,Kolhapur,High,76.58,45,62.11,21,9,11,7,12,Deep Learning,29.29,27.83,72.47,76.75,A,7.71,82.74,70.59,59.13,61.79,No,Not Placed,0,Good
102777,Student_102777,Other,22,ECE,4,Mumbai,Middle,75.48,36,48.28,23,8,9,0,5,Big Data,25.52,21.91,47.51,57.49,B,5.84,45.66,67.25,58.73,91.81,Yes,Not Placed,0,Average
102778,Student_102778,Male,19,CSE,6,Nagpur,Upper Middle,77.44,44,48.92,24,10,12,7,5,Statistics,27.2,17.64,61.66,62.99,B,6.34,68.23,59.05,49.1,40.67,No,Not Placed,0,Average
102779,Student_102779,Other,19,IT,1,Nagpur,High,67.81,32,62.78,21,8,11,5,6,Big Data,35.5,20.85,64.95,73.0,A,7.21,65.27,50.5,57.73,59.64,No,Not Placed,0,Good
102780,Student_102780,Female,20,IT,4,Nashik,Low,56.43,15,0,2,6,2,0,2,Big Data,8.97,2.19,24.69,20.53,C,1.68,0,12.5,60.66,0,No,Not Placed,0,Poor
102781,Student_102781,Female,24,AIML,4,Satara,High,60.72,22,37.63,,5,7,3,6,NLP,23.91,15.61,47.69,52.18,C,4.79,31.54,45.64,33.87,13.13,No,Not Placed,0,Poor
102782,Student_102782,Male,24,Data Science,2,Thane,Lower Middle,61.36,29,38.08,9,4,8,2,1,NLP,14.58,15.55,51.56,47.08,C,4.69,42.42,34.22,31.83,4.17,Yes,Not Placed,0,Poor
102783,Student_102783,Male,21,Data Science,6,Kolhapur,Upper Middle,70.08,45,28.31,27,9,10,5,7,Apache Spark,19.08,19.73,57.73,56.33,B,5.85,45.59,27.94,58.82,52.53,Yes,Not Placed,0,Average
102784,Student_102784,Male,23,Cyber Security,2,Kolhapur,Low,72.11,29,72.91,28,10,9,6,7,Apache Spark,24.91,30,61.59,69.48,B,6.81,78.87,73.21,71.04,64.14,Yes,Placed,9.92,Average
102785,Student_102785,Male,24,IT,2,Mumbai,Lower Middle,76.35,43,46.78,27,9,17,3,9,Deep Learning,23.33,4.92,56.18,48.87,C,4.38,32.66,21.43,100,41.03,Yes,Not Placed,0,Poor
102786,Student_102786,Other,19,AIML,6,Kolhapur,Lower Middle,57.79,7,33.27,16,8,9,2,6,Big Data,29.83,27.98,68.55,75.3,A,7.5,64.65,78.91,54.09,49.69,No,Not Placed,0,Good
102787,Student_102787,Other,25,IT,4,Thane,Low,78.21,42,65.38,33,12,15,4,8,Deep Learning,25.71,19.33,65.85,65.09,B,6.38,62.21,50.17,66.31,58.93,No,Placed,11.66,Average
102788,Student_102788,Other,18,ECE,1,Pune,Middle,74.52,30,31.7,22,5,7,4,7,Deep Learning,15.47,17.27,60.14,53.19,C,5.39,39.8,52.88,35.09,44.14,Yes,Not Placed,0,Poor
102789,Student_102789,Male,20,IT,8,Nagpur,Middle,56.27,21,14.8,18,6,7,2,1,NLP,15.96,4.04,44.46,36.9,C,3.56,44.4,30.99,28.44,5.69,No,Not Placed,0,Poor
102790,Student_102790,Other,23,Data Science,2,Satara,Middle,72.17,14,20.96,14,9,9,0,7,Machine Learning,26.72,22.53,63.81,66.97,B,6.5,39.11,48.2,57.66,54.96,Yes,Not Placed,0,Average
102791,Student_102791,Male,24,IT,7,Kolhapur,Low,83.07,43,75.54,18,9,13,6,8,Deep Learning,32.69,30,100,94.52,A+,9.41,88.12,94.12,56.47,85.4,Yes,Placed,4.41,Excellent
102792,Student_102792,Male,21,AIML,8,Pune,Upper Middle,87.46,34,37.51,31,12,14,3,10,Apache Spark,18.21,17.68,56.07,53.48,C,5.5,38.57,41.91,,35.6,No,Not Placed,0,Poor
102793,Student_102793,Male,19,ECE,8,Pune,Lower Middle,79.8,22,63.52,23,9,11,4,9,Statistics,,11.53,81.24,72.9,A,7.59,63.9,53.95,47.9,48.65,Yes,Not Placed,0,Good
102794,Student_102794,Other,19,Cyber Security,7,Nashik,Lower Middle,63.68,25,26.11,17,7,3,0,4,Apache Spark,26.25,14.6,47.7,53.28,C,5.29,65.71,33.86,56.38,54.66,No,Not Placed,0,Poor
102795,Student_102795,Other,18,ECE,3,Mumbai,Middle,85.96,60,60.99,20,6,12,5,12,Apache Spark,40,27.36,80.94,88.71,A+,9.45,85.75,58.87,67.01,89.41,Yes,Placed,9.11,Excellent
102796,Student_102796,Other,21,IT,3,Nagpur,Low,85.45,46,62.8,24,11,14,3,7,Apache Spark,27.44,16.6,64.27,63.78,B,6.05,69.33,72.16,80.73,72.99,Yes,Placed,12.17,Average
102797,Student_102797,Male,21,IT,1,Thane,Low,96.75,65,97.33,39,10,10,8,15,Big Data,40,30,100,100.0,A+,10,96.15,68.18,77.43,99.45,Yes,Placed,5.72,Excellent
102798,Student_102798,Female,24,IT,3,Mumbai,Middle,89.22,41,46.91,25,12,14,2,10,NLP,37.54,24.35,48.54,68.66,B,6.76,64.93,58.45,73.75,44.39,Yes,Not Placed,0,Average
102799,Student_102799,Other,22,IT,4,Nagpur,Middle,80.96,48,31.45,31,7,12,9,3,Machine Learning,34.15,14.0,51.43,60.66,B,6.18,42.38,45.04,43.92,45.49,Yes,Not Placed,0,Average
102800,Student_102800,Female,23,Data Science,1,Mumbai,Upper Middle,76.82,46,58.26,17,5,13,4,7,Deep Learning,20.96,17.41,53.33,53.99,C,5.62,56.78,12.84,76.57,21.39,No,Not Placed,0,Poor
102801,Student_102801,Female,20,Cyber Security,6,Mumbai,,65.0,27,0.86,17,8,12,3,5,NLP,6.85,16.98,42.01,37.47,C,3.47,0,27.56,31.16,0,No,Not Placed,0,Poor
102802,Student_102802,Male,19,Data Science,5,Nagpur,Lower Middle,83.86,62,77.44,37,12,16,9,10,Deep Learning,35.35,17.3,52.05,64.07,B,6.29,48.02,52.93,81.72,65.58,No,Not Placed,0,Average
102803,Student_102803,Male,18,CSE,7,Satara,Low,80.18,36,64.29,18,9,9,6,10,Apache Spark,25.42,27.0,69.08,71.61,A,7.74,69.43,63.4,58.97,63.63,Yes,Placed,9.89,Good
102804,Student_102804,Female,24,Data Science,1,Thane,Lower Middle,73.73,38,7.86,24,9,13,4,9,Deep Learning,15.72,19.36,36.44,42.92,C,4.56,22.73,42.67,,40.84,No,Not Placed,0,Poor
102805,Student_102805,Female,24,Cyber Security,1,Nagpur,Upper Middle,86.58,53,50.05,37,12,14,8,11,Statistics,32.97,24.48,61.83,71.96,A,7.08,44.33,44.09,63.88,74.46,Yes,Not Placed,0,Good
102806,Student_102806,Other,25,CSE,2,Thane,Low,65.14,13,4.22,4,8,7,2,7,Statistics,12.9,6.3,29.82,28.78,C,2.85,28.36,30.36,35.61,32.81,No,Not Placed,0,Poor
102807,Student_102807,Female,25,CSE,5,Mumbai,Upper Middle,71.77,36,61.23,21,7,8,3,10,Machine Learning,31.3,17.99,,82.14,A,8.13,72.19,64.94,44.28,71.43,No,Not Placed,0,Good
102808,Student_102808,Female,19,IT,3,Nashik,Low,77.28,41,30.65,25,9,13,1,7,Big Data,13.72,16.68,59.49,51.16,C,5.6,46.85,61.11,77.18,34.51,No,Not Placed,0,Poor
102809,Student_102809,Other,21,AIML,4,Kolhapur,Middle,67.77,19,33.49,15,7,10,3,4,Statistics,16.62,13.64,55.23,49.17,C,4.63,29.8,44.27,49.76,29.3,No,Not Placed,0,Poor
102810,Student_102810,Other,25,AIML,1,Nashik,High,71.92,29,11.52,21,9,12,3,4,Big Data,24.81,15.54,69.8,63.87,B,6.33,44.51,40.06,70.46,14.34,Yes,Not Placed,0,Average
102811,Student_102811,Female,21,ECE,4,Thane,Middle,64.79,23,50.27,18,6,7,1,7,Machine Learning,28.8,19.25,56.97,62.91,B,6.17,41.02,52.88,52.13,38.98,No,Not Placed,0,Average
102812,Student_102812,,21,ECE,5,,High,64.6,12,34.86,7,3,7,4,0,Big Data,19.58,27.01,48.04,56.71,B,5.95,59.75,60.85,11.32,48.38,Yes,Not Placed,0,Average
102813,Student_102813,Other,23,ECE,1,Pune,Lower Middle,94.49,62,70.58,33,12,20,9,14,Apache Spark,33.62,25.12,85.34,84.63,A,8.44,74.1,70.87,83.14,95.07,Yes,Placed,10.53,Good
102814,Student_102814,Other,20,AIML,2,Thane,Middle,68.32,45,51.41,24,6,11,9,6,Apache Spark,16.29,11.18,51.45,45.4,C,4.78,34.01,20.87,61.46,,No,Not Placed,0,Poor
102815,Student_102815,Other,20,ECE,4,Thane,Low,78.28,42,40.97,20,11,12,6,8,Apache Spark,15.89,10.02,72.27,54.73,C,5.32,44.46,62.76,71.47,47.33,Yes,Placed,5.99,Poor
102816,Student_102816,Male,21,IT,6,Pune,Middle,64.11,23,,19,7,10,5,5,NLP,19.01,14.35,64.83,56.24,B,5.41,39.39,38.4,36.06,46.51,Yes,Not Placed,0,Average
102817,Student_102817,Other,23,Data Science,4,Nagpur,High,84.22,56,67.98,37,12,15,8,11,Apache Spark,24.14,20.49,59.11,61.32,B,5.68,60.45,48.02,47.46,63.19,No,Not Placed,0,Average
102818,Student_102818,Other,25,ECE,1,Satara,Low,54.3,26,0,9,8,7,5,1,Big Data,0,5.66,10.95,9.25,C,0.59,11.56,9.39,29.95,6.32,No,Not Placed,0,Poor
102819,Student_102819,Female,24,IT,1,Kolhapur,Low,81.13,61,28.18,27,9,13,5,11,Machine Learning,15.92,11.17,49.23,44.01,C,4.36,30.55,36.89,74.37,66.85,No,Not Placed,0,Poor
102820,Student_102820,Female,22,IT,6,Nashik,Middle,80.14,41,65.56,31,9,13,7,10,Big Data,21.34,24.19,71.57,67.92,B,6.84,66.11,42.29,60.9,59.16,No,Not Placed,0,Average
102821,Student_102821,Male,18,Data Science,1,,High,73.97,25,70.76,28,6,8,6,8,Deep Learning,33.66,29.39,59.16,74.42,A,7.62,63.2,85.12,52.43,41.22,Yes,Placed,5.76,Good
102822,Student_102822,Female,18,CSE,6,Thane,Low,66.52,28,54.35,19,7,4,3,6,Machine Learning,33.29,22.42,70.03,74.93,A,7.49,60.51,65.14,34.91,36.43,No,Not Placed,0,Good
102823,Student_102823,Female,24,AIML,2,Pune,Low,76.62,25,30.5,21,7,8,3,8,Apache Spark,24.73,19.1,57.66,60.11,B,5.87,31.65,47.23,53.06,49.04,Yes,Not Placed,0,Average
102824,Student_102824,Male,19,Data Science,2,Kolhapur,Upper Middle,85.77,35,79.96,16,6,9,5,5,Statistics,,30,86.26,90.0,A+,8.98,98.58,100,55.56,79.13,No,Not Placed,0,Excellent
102825,Student_102825,Other,20,IT,3,Nashik,Lower Middle,74.54,29,25.65,20,8,11,6,9,Deep Learning,2.37,5.22,32.41,21.46,C,2.23,,1.83,32.24,20.79,Yes,Not Placed,0,Poor
102826,Student_102826,Other,18,IT,5,Satara,Lower Middle,83.87,36,45.92,32,10,11,5,8,Statistics,23.39,20.87,64.56,63.74,B,6.04,37.85,37.2,83.35,17.5,No,Not Placed,0,Average
102827,Student_102827,Other,25,Cyber Security,7,Kolhapur,Low,,29,42.92,11,5,6,3,2,NLP,27.93,17.13,52.56,58.65,B,5.53,63.77,59.79,51.06,53.73,No,Placed,10.83,Average
102828,Student_102828,Male,23,IT,4,Satara,Low,84.4,45,41.11,21,9,10,5,4,Deep Learning,32.81,16.44,77.31,74.23,A,7.52,67.19,70.17,,52.76,Yes,Not Placed,0,Good
102829,Student_102829,Female,25,CSE,4,Nashik,Middle,63.33,37,16.14,21,7,7,2,7,Machine Learning,8.44,17.62,69.25,52.71,C,4.97,43.82,50.31,53.73,54.99,Yes,Not Placed,0,Poor
102830,Student_102830,,23,Cyber Security,4,Nagpur,Lower Middle,71.15,32,49.76,18,8,9,6,1,Machine Learning,25.7,22.86,73.87,71.44,A,7.48,74.4,47.43,48.65,36.69,No,Not Placed,0,Good
102831,Student_102831,Female,19,ECE,2,Kolhapur,Middle,76.27,37,56.57,23,5,13,0,4,Big Data,39.4,30,96.68,97.89,A+,9.77,91.55,71.36,49.04,87.0,Yes,Placed,5.61,Excellent
102832,Student_102832,Female,24,Data Science,8,Pune,Upper Middle,60.22,18,36.06,7,6,5,1,0,Big Data,31.46,28.34,70.77,77.88,A,7.27,88.5,94.79,67.94,76.78,Yes,Placed,11.91,Good
102833,Student_102833,Male,21,Data Science,8,Thane,Middle,90.06,32,49.77,16,8,7,5,4,NLP,18.61,17.18,58.15,54.48,C,6.1,68.91,47.12,64.77,49.19,No,Not Placed,0,Poor
102834,Student_102834,Male,21,ECE,4,Kolhapur,Upper Middle,86.89,34,44.4,22,7,12,6,9,Apache Spark,24.61,30,67.96,72.44,A,7.41,85.06,71.74,51.21,66.11,Yes,Not Placed,0,Good
102835,Student_102835,Female,25,Data Science,4,Satara,,80.08,43,78.48,26,12,17,6,14,Machine Learning,35.69,22.13,93.65,88.34,A+,8.91,57.87,39.96,66.65,59.5,No,Not Placed,0,Excellent
102836,Student_102836,Female,25,Data Science,3,Kolhapur,Low,67.1,35,26.35,24,9,10,6,8,Big Data,13.09,3.33,27.48,25.78,C,2.3,4.95,16.52,54.57,26.12,No,Not Placed,0,Poor
102837,Student_102837,Other,18,Data Science,4,Mumbai,,77.35,40,31.82,21,12,14,7,8,Deep Learning,22.39,5.68,50.53,45.85,C,4.64,42.97,37.12,63.17,42.19,No,Not Placed,45,Poor
102838,Student_102838,Male,18,CSE,7,Mumbai,Upper Middle,74.49,36,21.24,19,6,8,3,0,Machine Learning,16.48,23.74,56.08,56.23,B,5.37,34.17,54.42,61.23,38.65,Yes,Not Placed,0,Average
102839,Student_102839,Female,21,CSE,5,Satara,Low,74.29,50,41.53,23,9,13,5,4,Statistics,26.9,16.04,54.16,57.95,B,5.64,48.59,52.88,55.88,28.8,No,Not Placed,0,Average
102840,Student_102840,Male,25,IT,1,Thane,Lower Middle,84.97,46,44.02,18,7,16,8,10,NLP,20.62,24.5,49.41,56.51,B,5.64,42.04,22.28,81.03,54.92,Yes,Not Placed,0,Average
102841,Student_102841,Female,24,AIML,5,Pune,,83.38,55,70.47,27,9,13,7,8,NLP,31.75,30,64.52,76.07,A,6.82,84.66,58.2,35.26,42.88,No,Not Placed,0,Good
102842,Student_102842,Other,23,ECE,8,Kolhapur,Upper Middle,70.87,37,52.16,27,11,14,8,5,Big Data,26.12,19.72,42.25,53.86,C,5.38,44.75,68.41,61.83,64.93,Yes,Not Placed,0,Poor
102843,Student_102843,Male,60,CSE,3,Nashik,Lower Middle,65.35,9,26.2,17,4,6,0,0,Apache Spark,29.64,27.65,62.45,71.89,A,6.66,75.87,67.06,23.15,61.03,No,Not Placed,0,Good
102844,Student_102844,Male,25,Data Science,4,Mumbai,High,92.64,45,66.81,29,11,15,8,7,NLP,22.33,20.5,68.1,64.46,B,6.44,52.76,53.08,62.44,74.26,Yes,Not Placed,0,Average
102845,Student_102845,Male,21,Cyber Security,4,Nagpur,Middle,,19,20.9,9,5,9,0,0,Deep Learning,23.57,15.58,44.68,50.41,C,4.97,52.8,63.07,48.53,25.75,Yes,Not Placed,0,Poor
102846,Student_102846,Other,20,CSE,2,Mumbai,Middle,65.2,18,32.92,14,9,9,0,1,NLP,19.47,15.79,44.45,47.36,C,4.72,34.98,56.88,35.79,42.35,No,Not Placed,0,Poor
102847,Student_102847,Female,24,CSE,8,Thane,High,81.66,45,63.4,26,9,14,6,7,Deep Learning,38.68,25.78,65.23,78.81,A,8.25,70.79,71.87,44.22,87.14,No,Placed,3.45,Good
102848,Student_102848,Male,24,CSE,2,Satara,High,61.05,9,51.09,8,2,6,0,1,Deep Learning,40.0,21.8,55.58,72.32,A,7.29,63.45,78.18,18.27,58.28,No,Not Placed,0,Good
102849,Student_102849,Other,25,CSE,2,Satara,Middle,56.24,33,3.21,18,8,8,1,4,Deep Learning,12.12,16.1,61.94,50.79,C,4.89,27.75,30.67,49.6,67.26,Yes,Not Placed,0,Poor
102850,Student_102850,Other,25,ECE,4,Mumbai,Middle,75.53,40,59.97,27,9,12,8,4,Big Data,36.38,21.89,57.02,70.39,A,7.24,65.9,,76.49,63.19,No,Not Placed,0,Good
102851,Student_102851,Male,20,AIML,6,Kolhapur,High,74.4,25,31.87,15,7,9,3,4,Deep Learning,29.69,15.97,66.74,66.28,B,6.52,74.97,63.82,77.98,38.06,No,Not Placed,0,Average
102852,Student_102852,Male,24,Data Science,6,Kolhapur,Lower Middle,63.35,18,25.75,8,3,6,2,1,Deep Learning,27.17,25.08,53.53,63.86,B,6.49,75.97,49.27,19.95,39.64,No,Not Placed,0,Average
102853,Student_102853,Female,23,AIML,8,Kolhapur,Lower Middle,76.12,35,44.33,14,3,9,3,2,Big Data,37.52,21.18,80.08,82.3,A,8.06,78.74,76.33,15.8,53.51,No,Placed,6.34,Good
102854,Student_102854,Female,25,ECE,4,Nagpur,High,71.18,32,49.41,17,7,11,7,7,Apache Spark,36.3,15.69,69.81,72.59,A,7.29,60.34,58.78,57.11,,No,Not Placed,0,Good
102855,Student_102855,Male,20,AIML,7,Nagpur,Upper Middle,81.63,39,42.1,23,9,13,7,10,Deep Learning,21.85,26.11,56.33,61.95,B,6.43,42.06,53.05,76.95,49.65,No,Not Placed,0,Average
102856,Student_102856,,24,ECE,8,Thane,Lower Middle,,44,18.46,25,6,11,7,6,Apache Spark,10.73,12.33,35.18,33.85,C,3.66,21.62,52.63,59.15,41.36,Yes,Not Placed,0,Poor
102857,Student_102857,Male,18,CSE,3,Thane,High,79.98,54,46.9,30,12,14,7,10,Apache Spark,10.04,15.03,,45.09,C,4.78,32.43,14.47,59.46,25.56,No,Not Placed,0,Poor
102858,Student_102858,Female,25,AIML,7,Satara,Middle,,30,14.73,13,6,7,5,1,Deep Learning,,21.62,53.4,57.67,B,6.17,41.08,49.22,20.66,,No,Not Placed,0,Average
102859,Student_102859,Male,22,Data Science,5,Thane,Upper Middle,61.33,18,0,11,5,10,1,5,NLP,7.5,9.9,38.25,31.34,C,3.28,35.87,51.73,57.22,10.73,Yes,Not Placed,0,Poor
102860,Student_102860,Other,18,ECE,3,,Middle,91.87,48,58.92,37,12,16,8,4,Machine Learning,29.7,21.13,62.75,67.74,B,6.91,92.35,,,68.96,No,Not Placed,0,Average
102861,Student_102861,Female,22,AIML,2,Satara,Upper Middle,64.3,40,31.49,18,5,13,5,7,Apache Spark,20.35,16.62,46.18,49.43,C,5.23,34.01,55.78,57.9,17.4,Yes,Not Placed,0,Poor
102862,Student_102862,Other,25,IT,7,Mumbai,Middle,59.63,12,52.2,0,3,7,0,0,Big Data,29.29,30,78.53,81.23,A,8.51,78.64,81.16,30.31,77.01,No,Not Placed,0,Good
102863,Student_102863,Female,20,Cyber Security,1,,Low,62.5,28,15.69,14,6,7,0,3,Deep Learning,32.63,28.57,50.19,68.62,B,6.44,71.44,,51.67,69.76,No,Not Placed,35,Average
102864,Student_102864,Female,24,IT,8,Pune,Middle,77.53,53,56.95,28,9,12,8,12,Machine Learning,26.76,22.49,58.1,64.11,B,6.61,86.66,38.63,68.55,39.36,No,Not Placed,0,Average
102865,Student_102865,Other,23,IT,8,Nagpur,Middle,78.49,36,48.15,24,4,12,4,5,Big Data,36.25,25.49,70.98,79.67,A,8.12,70.95,76.02,56.78,89.44,No,Placed,12.34,Good
102866,Student_102866,Male,25,CSE,7,Satara,High,66.4,33,15.46,21,12,13,5,13,Statistics,17.32,5.59,25.83,29.64,C,3.11,17.32,7.55,61.26,9.86,No,Not Placed,0,Poor
102867,Student_102867,Female,25,Cyber Security,2,Pune,Middle,110,57,58.46,25,12,12,6,11,Machine Learning,29.95,28.62,62.33,72.71,A,7.59,65.44,60.56,70.84,53.92,No,Not Placed,0,Good
102868,Student_102868,,24,IT,6,Thane,High,88.68,40,41.56,24,8,11,3,11,Big Data,40,28.27,81.56,89.62,A+,9.36,86.55,77.87,41.11,57.49,No,Placed,12.11,Excellent
102869,Student_102869,Male,20,AIML,1,Nagpur,Upper Middle,65.37,36,35.91,15,7,9,2,2,Big Data,12.81,15.7,59.29,49.72,C,5.11,25.28,,67.42,40.46,No,Not Placed,0,Poor
102870,Student_102870,Male,21,ECE,2,Satara,Middle,69.17,44,28.51,6,6,7,0,0,Deep Learning,39.89,22.92,94.66,92.52,A+,9.31,76.12,82.17,23.88,38.31,No,Not Placed,0,Excellent
102871,Student_102871,Female,19,CSE,5,Mumbai,Upper Middle,68.51,30,34.94,13,5,5,4,3,Big Data,27.87,27.32,70.96,74.59,A,7.44,62.88,71.83,42.62,58.48,No,Not Placed,0,Good
102872,Student_102872,Male,25,AIML,2,Nagpur,Lower Middle,89.15,65,40.97,25,8,18,9,10,Deep Learning,25.14,25.58,65.39,68.61,B,6.99,66.49,38.91,62.14,69.94,No,Not Placed,0,Average
102873,Student_102873,Other,21,AIML,4,Kolhapur,,80.87,48,47.98,32,12,14,11,10,Deep Learning,14.27,21.78,53.66,52.05,C,5.59,19.06,19.01,73.9,43.74,Yes,Not Placed,0,Poor
102874,Student_102874,Other,19,ECE,4,Kolhapur,,63.94,42,53.47,24,10,7,5,2,Deep Learning,31.38,30,60.81,73.94,A,7.7,46.64,35.72,55.59,43.22,No,Not Placed,0,Good
102875,Student_102875,Male,23,AIML,5,Pune,Upper Middle,87.53,41,35.85,22,8,12,5,8,Deep Learning,19.8,8.02,50.89,45.63,C,4.55,51.52,34.24,56.08,23.88,No,Not Placed,0,Poor
102876,Student_102876,Female,21,IT,5,Satara,Lower Middle,91.68,55,38.41,25,11,13,7,7,NLP,16.56,20.99,,56.19,B,5.3,62.17,45.46,72.99,39.12,Yes,Not Placed,0,Average
102877,Student_102877,Male,24,AIML,7,Mumbai,Middle,68.04,46,21.49,22,10,15,1,9,Big Data,9.93,15.24,47.68,41.45,C,4.49,26.17,29.71,53.87,33.04,No,Not Placed,0,Poor
102878,Student_102878,,21,AIML,6,Satara,Lower Middle,70.1,34,15.28,20,12,11,4,7,Machine Learning,10.76,9.2,61.3,44.85,C,4.4,45.4,0,66.3,29.02,No,Not Placed,0,Poor
102879,Student_102879,Other,22,Data Science,8,Thane,Low,69.32,18,53.7,22,7,9,4,8,Big Data,29.34,20.56,81.32,76.37,A,7.3,83.41,80.43,51.64,54.47,No,Not Placed,0,Good
102880,Student_102880,Other,19,Cyber Security,8,Satara,Lower Middle,74.4,32,56.06,21,10,11,3,6,Machine Learning,33.76,28.51,87.57,88.11,A+,8.53,97.18,72.36,59.28,58.52,No,Not Placed,0,Excellent
102881,Student_102881,Female,21,ECE,3,Mumbai,Lower Middle,78.88,68,72.8,32,10,15,7,15,Machine Learning,35.11,29.23,85.94,88.79,A+,8.86,76.63,70.07,65.57,78.1,No,Placed,10.99,Excellent
102882,Student_102882,Female,18,AIML,6,Nashik,Low,89.65,43,79.44,33,10,17,5,7,Deep Learning,40,27.44,65.0,80.79,A,7.82,93.88,56.93,82.48,60.76,No,Not Placed,0,Good
102883,Student_102883,Male,18,Data Science,4,Pune,Upper Middle,75.37,49,50.9,19,8,6,1,4,Deep Learning,26.29,23.22,58.9,64.65,B,6.76,58.15,,64.18,51.47,No,Not Placed,0,Average
102884,Student_102884,Male,23,Data Science,8,Nashik,Upper Middle,54.99,29,38.93,19,7,7,2,6,Big Data,22.84,16.06,24.17,39.92,C,4.21,41.66,31.11,44.42,19.8,No,Not Placed,0,Poor
102885,Student_102885,Male,20,AIML,1,Nashik,,90.17,50,65.28,29,12,8,6,12,Apache Spark,32.59,25.62,95.27,89.15,A+,8.96,67.17,65.7,70.3,86.95,Yes,Placed,4.15,Excellent
102886,Student_102886,Female,20,AIML,1,Nagpur,,71.37,18,62.69,14,7,9,0,4,NLP,37.21,25.43,92.36,91.04,A+,8.72,68.77,81.24,29.33,62.31,Yes,Placed,12.84,Excellent
102887,Student_102887,Female,18,Cyber Security,6,Nashik,High,72.56,11,28.16,1,3,1,0,0,Statistics,33.98,26.4,63.03,74.61,A,7.16,73.42,93.91,38.22,69.27,No,Not Placed,0,Good
102888,Student_102888,Female,20,AIML,7,Satara,Middle,82.35,53,65.26,32,8,14,5,15,Deep Learning,21.77,18.45,62.85,60.05,B,5.82,44.44,,87.03,28.87,Yes,Not Placed,0,Average
102889,Student_102889,Male,19,Cyber Security,4,Thane,Upper Middle,67.2,21,40.2,19,10,8,0,3,Deep Learning,27.2,28.09,59.56,68.91,B,7.26,44.37,44.84,44.76,40.17,Yes,Not Placed,0,Average
102890,Student_102890,Male,21,IT,7,Kolhapur,Middle,58.16,36,17.71,21,8,7,6,3,Statistics,7.93,0,31.19,21.54,C,1.95,0.6,0,19.16,2.85,No,Not Placed,0,Poor
102891,Student_102891,Male,18,CSE,5,Pune,Upper Middle,82.89,49,40.63,38,11,12,6,5,Machine Learning,15.18,22.53,56.67,54.75,C,5.35,61.17,33.7,34.56,58.16,No,Not Placed,0,Poor
102892,Student_102892,Female,24,AIML,6,Kolhapur,Low,63.68,18,30.7,11,8,4,0,3,NLP,9.53,11.38,43.69,36.58,C,3.44,42.69,41.13,35.49,26.02,No,Not Placed,0,Poor
102893,Student_102893,Male,21,CSE,4,Nagpur,Upper Middle,70.92,30,31.16,15,8,12,3,6,Statistics,16.14,20.16,69.77,60.43,B,5.73,58.83,72.38,53.48,50.64,Yes,Not Placed,0,Average
102894,Student_102894,Female,22,ECE,2,Mumbai,Lower Middle,62.89,31,37.94,23,7,6,4,6,Big Data,22.97,16.13,59.32,57.64,B,5.86,42.53,87.24,63.64,58.21,Yes,Not Placed,0,Average
102895,Student_102895,Female,23,AIML,3,Kolhapur,Lower Middle,73.65,31,37.91,15,8,7,6,7,Big Data,29.48,23.9,71.9,73.99,A,7.37,45.59,64.95,51.18,43.91,No,Not Placed,0,Good
102896,Student_102896,Male,22,IT,7,Nagpur,Middle,68.61,21,30.86,2,6,6,2,4,Big Data,17.36,16.73,41.91,45.13,C,4.39,55.12,52.01,51.23,15.12,Yes,Not Placed,0,Poor
102897,Student_102897,Male,20,CSE,4,Pune,Lower Middle,79.31,23,42.29,19,8,9,4,6,Apache Spark,33.98,22.31,74.03,77.38,A,7.33,54.53,79.01,55.64,58.99,Yes,Not Placed,0,Good
102898,Student_102898,Other,22,CSE,4,Pune,High,67.07,15,26.58,12,5,6,1,0,Machine Learning,19.38,16.48,51.38,51.21,C,4.64,,51.07,44.5,38.78,No,Not Placed,0,Poor
102899,Student_102899,Female,18,Data Science,8,Thane,High,69.11,12,5.58,10,6,4,1,1,Machine Learning,4.67,14.04,39.47,32.6,C,3.11,41.78,21.22,23.74,4.97,Yes,Not Placed,0,Poor
102900,Student_102900,Male,21,ECE,5,Satara,Low,75.75,49,45.1,24,9,8,4,2,Apache Spark,25.59,22.27,69.86,68.97,B,6.97,49.07,44.87,58.12,50.27,No,Not Placed,0,Average
102901,Student_102901,Female,19,AIML,2,Nashik,,69.22,58,33.18,21,12,12,3,8,Statistics,10.48,6.79,20.34,22.56,C,2.61,17.73,6.21,87.68,7.97,No,Not Placed,0,Poor
102902,Student_102902,Male,18,Data Science,6,Thane,Upper Middle,61.63,19,,16,5,8,4,4,Machine Learning,5.48,12.64,40.02,32.55,C,2.52,8.81,17.5,51.42,16.73,No,Not Placed,0,Poor
102903,Student_102903,Female,19,Data Science,2,Satara,High,81.88,20,2.21,19,7,10,0,6,Machine Learning,18.78,7.1,48.67,43.15,C,4.31,36.68,41.08,59.57,33.43,No,Not Placed,0,Poor
102904,Student_102904,Female,25,IT,1,Nagpur,Lower Middle,71.56,55,62.86,23,9,12,6,10,Big Data,27.86,18.35,73.3,69.78,B,6.81,59.38,59.61,43.96,37.81,No,Not Placed,0,Average
102905,Student_102905,Other,25,ECE,8,Kolhapur,High,65.42,18,42.55,20,6,8,3,2,NLP,29.71,28.65,75.87,79.32,A,7.78,76.3,74.34,58.57,57.45,Yes,Not Placed,0,Good
102906,Student_102906,Male,22,Data Science,6,,High,71.73,35,12.51,17,9,11,0,8,Big Data,22.26,14.49,38.04,45.37,C,4.77,32.46,37.63,34.45,32.47,Yes,Not Placed,0,Poor
102907,Student_102907,Male,23,ECE,5,Satara,Low,76.3,29,43.72,2,6,8,2,5,NLP,39.86,22.51,49.81,69.8,B,7.15,81.45,73.81,35.05,71.81,No,Placed,5.39,Average
102908,Student_102908,Male,21,Cyber Security,6,Nagpur,High,63.03,13,43.8,13,7,8,3,4,Apache Spark,17.35,14.12,39.23,42.04,C,4.12,48.29,37.6,46.99,27.31,Yes,Not Placed,0,Poor
102909,Student_102909,Other,19,ECE,1,Pune,Middle,89.41,56,85.69,25,11,14,7,9,Machine Learning,39.44,30,92.89,96.02,A+,9.69,85.97,89.94,67.28,100,Yes,Placed,6.83,Excellent
102910,Student_102910,Other,22,Cyber Security,8,Mumbai,High,62.23,1,27.58,0,4,3,0,0,Machine Learning,33.73,28.62,67.44,78.1,A,7.78,72.85,78.67,23.15,50.17,No,Not Placed,0,Good
102911,Student_102911,Female,18,IT,8,Nashik,Lower Middle,77.42,40,27.33,20,10,9,5,5,NLP,16.48,16.01,51.44,48.76,C,4.59,45.91,19.11,46.96,33.9,No,Not Placed,0,Poor
102912,Student_102912,Male,25,IT,7,Satara,Upper Middle,82.17,40,58.77,23,12,11,5,9,Big Data,24.93,25.57,65.6,68.54,B,6.66,63.33,42.4,72.22,78.4,Yes,Placed,5.92,Average
102913,Student_102913,Male,20,Cyber Security,6,Mumbai,Upper Middle,,29,36.2,15,7,6,1,5,Apache Spark,32.07,22.88,64.86,71.74,A,6.99,65.91,40.68,39.37,26.86,No,Not Placed,0,Good
102914,Student_102914,Other,24,AIML,4,Thane,Upper Middle,77.83,56,50.86,29,11,15,9,12,NLP,28.32,25.75,71.87,74.34,A,7.55,64.13,41.51,78.25,83.31,Yes,Not Placed,0,Good
102915,Student_102915,Male,18,IT,2,Nashik,Low,63.9,22,37.13,18,7,7,2,3,Deep Learning,31.24,22.42,73.6,75.18,A,7.58,66.49,44.34,44.73,74.94,No,Not Placed,0,Good
102916,Student_102916,Male,19,Cyber Security,8,Thane,Middle,83.45,40,56.86,24,9,10,5,7,Big Data,25.75,19.23,61.6,62.94,B,6.27,58.21,76.49,63.85,52.63,No,Not Placed,0,Average
102917,Student_102917,Female,18,CSE,6,Kolhapur,High,73.56,40,42.73,21,12,13,5,7,Apache Spark,15.22,20.48,39.07,44.6,C,4.67,45.1,28.16,74.35,47.01,No,Not Placed,0,Poor
102918,Student_102918,Male,24,Cyber Security,6,Kolhapur,Upper Middle,66.24,13,51.11,6,5,7,0,2,Deep Learning,32.27,23.94,87.39,83.86,A,7.57,90.31,83.15,47.89,85.41,No,Not Placed,0,Good
102919,Student_102919,Other,20,IT,4,Mumbai,Lower Middle,63.82,22,4.12,20,6,10,7,4,Apache Spark,10.9,7.24,36.95,31.48,C,3.16,29.61,56.08,46.66,29.15,No,Not Placed,0,Poor
102920,Student_102920,Male,24,IT,3,Thane,Upper Middle,98,76,95.05,31,12,16,8,16,Statistics,39.32,30,75.06,87.02,A+,8.59,77.18,52.78,67.11,94.8,Yes,Placed,9.0,Excellent
102921,Student_102921,Other,18,Cyber Security,7,Nashik,Upper Middle,67.79,43,25.74,23,8,9,3,7,Machine Learning,22.63,24.41,57.52,62.0,B,5.94,39.43,,53.17,58.79,No,Not Placed,0,Average
102922,Student_102922,Female,25,AIML,1,Nashik,High,52.91,16,14.57,4,2,5,1,0,Statistics,13.14,19.33,49.39,47.43,C,4.77,31.95,49.06,23.6,40.69,No,Not Placed,0,Poor
102923,Student_102923,Other,20,AIML,5,Pune,Low,76.69,37,38.82,27,9,10,4,9,NLP,19.81,13.98,48.25,48.3,C,4.68,30.37,51.14,78.82,52.0,No,Not Placed,0,Poor
102924,Student_102924,Other,25,AIML,5,Thane,Upper Middle,77.79,44,47.66,15,6,12,3,4,Apache Spark,25.45,10.94,56.69,54.73,C,5.53,28.3,48.88,36.17,58.32,No,Not Placed,0,Poor
102925,Student_102925,Male,21,CSE,6,Kolhapur,High,64.02,53,55.65,25,9,10,1,5,Apache Spark,20.31,15.74,42.85,47.15,C,5.02,51.22,26.54,46.28,25.85,No,Not Placed,0,Poor
102926,Student_102926,Other,45,Cyber Security,4,Kolhapur,Lower Middle,88.15,22,53.93,18,6,9,3,5,Statistics,26.86,21.37,85.79,77.28,A,8.03,71.93,48.77,49.52,72.69,No,Not Placed,0,Good
102927,Student_102927,Male,20,ECE,3,Nagpur,High,79.92,52,65.63,23,12,16,7,10,Apache Spark,22.85,12.93,57.91,54.71,C,5.44,54.57,31.4,62.55,58.46,No,Not Placed,0,Poor
102928,Student_102928,Other,21,Data Science,4,Mumbai,High,79.64,40,62.52,29,10,12,2,10,Big Data,31.59,19.46,86.89,80.11,A,8.01,63.73,82.5,66.72,71.56,Yes,Placed,5.62,Good
102929,Student_102929,Other,23,Cyber Security,5,Satara,Upper Middle,78.66,40,17.32,21,6,11,3,6,NLP,15.77,13.38,52.49,46.99,C,4.59,16.33,31.81,48.36,50.21,No,Not Placed,0,Poor
102930,Student_102930,Female,22,ECE,4,Pune,Lower Middle,73.36,20,54.08,22,5,8,3,2,Machine Learning,23.74,30,48.33,61.97,B,6.25,74.57,64.92,43.37,44.25,Yes,Not Placed,0,Average
102931,Student_102931,Other,20,AIML,1,Nashik,Lower Middle,76.88,40,43.71,32,12,13,9,7,NLP,25.95,20.29,64.15,65.06,B,6.83,55.58,30.01,73.82,35.28,Yes,Not Placed,0,Average
102932,Student_102932,Male,25,ECE,6,Mumbai,High,75.04,36,28.65,22,7,10,5,8,Machine Learning,12.8,12.08,60.75,48.03,C,5.06,36.63,63.09,35.42,39.35,Yes,Not Placed,0,Poor
102933,Student_102933,Female,22,CSE,8,Pune,Middle,74.08,24,28.02,,8,9,3,6,NLP,30.11,13.18,50.14,56.43,B,5.66,35.88,46.71,66.61,38.07,No,Not Placed,0,Average
102934,Student_102934,Other,20,IT,5,Nashik,High,83.34,47,54.98,29,12,10,10,12,Apache Spark,20.63,21.76,45.88,52.92,C,5.76,50.66,53.44,67.12,57.49,No,Not Placed,0,Poor
102935,Student_102935,Other,21,IT,7,Thane,Upper Middle,70.31,48,42.12,21,11,10,7,11,Machine Learning,16.99,12.86,59.45,51.04,C,4.87,35.67,41.06,62.39,46.9,No,Not Placed,0,Poor
102936,Student_102936,Other,19,Data Science,6,Thane,Middle,69.31,16,36.71,17,10,10,4,6,Big Data,18.59,21.83,61.52,59.25,B,5.57,50.8,67.46,55.81,60.27,No,Not Placed,0,Average
102937,Student_102937,Male,18,Cyber Security,2,Nashik,Low,80.16,54,65.82,28,9,13,10,11,Apache Spark,29.93,23.52,45.87,61.06,B,6.27,39.36,59.73,70.7,62.05,No,Not Placed,0,Average
102938,Student_102938,Other,23,CSE,2,Nagpur,Middle,74.15,48,68.03,28,8,13,6,6,Apache Spark,,25.25,81.7,72.62,A,7.31,43.01,36.59,74.78,10.83,No,Not Placed,0,Good
102939,Student_102939,Male,24,AIML,4,Thane,Middle,53.52,2,12.84,10,6,9,1,4,Machine Learning,15.78,8.96,47.42,41.52,C,4.46,24.36,62.61,37.43,22.76,No,Not Placed,0,Poor
102940,Student_102940,Female,22,Cyber Security,3,Nagpur,Middle,69.22,51,68.97,33,12,11,6,10,Apache Spark,32.54,28.28,55.22,70.87,A,6.85,73.59,56.6,68.75,70.19,No,Not Placed,0,Good
102941,Student_102941,Female,22,Data Science,3,Kolhapur,Lower Middle,65.4,21,22.91,18,4,5,3,0,Apache Spark,20.6,20.87,45.29,52.01,C,5.39,27.8,74.19,14.72,27.42,Yes,Not Placed,0,Poor
102942,Student_102942,Male,18,Cyber Security,1,Pune,Lower Middle,71.37,24,7.95,11,7,6,4,2,Deep Learning,17.03,12.17,37.65,39.71,C,3.89,24.22,28.18,49.15,19.59,No,Not Placed,0,Poor
102943,Student_102943,Male,25,Cyber Security,4,Pune,Upper Middle,81.38,68,51.14,37,12,17,8,9,Statistics,22.47,14.73,46.8,50.07,C,4.38,18.5,38.23,87.93,55.95,No,Not Placed,0,Poor
102944,Student_102944,Male,25,CSE,1,Satara,Upper Middle,75.45,41,57.59,19,8,8,7,7,Apache Spark,25.58,23.44,74.78,72.2,A,7.97,89.95,71.01,,61.92,Yes,Placed,13.42,Good
102945,Student_102945,Female,18,AIML,3,Kolhapur,Upper Middle,68.74,32,74.69,19,8,10,4,7,Apache Spark,28.49,25.78,74.06,75.58,A,7.29,55.28,,49.77,17.99,No,Not Placed,0,Good
102946,Student_102946,Male,21,Cyber Security,2,Kolhapur,Lower Middle,85.35,40,80.99,26,10,14,5,10,Apache Spark,39.91,28.22,76.27,86.88,A+,8.52,79.91,72.59,54.24,89.36,Yes,Placed,10.74,Excellent
102947,Student_102947,Male,21,IT,4,Pune,Lower Middle,66.69,40,66.47,29,8,13,4,9,Machine Learning,30.64,30,74.04,80.0,A,8.0,66.96,71.21,64.11,68.78,No,Not Placed,0,Good
102948,Student_102948,Other,25,Cyber Security,2,Kolhapur,High,71.97,24,21.84,15,7,8,1,3,Deep Learning,25.04,17.59,59.63,60.32,B,5.9,48.55,41.41,63.69,47.53,No,Not Placed,0,Average
102949,Student_102949,Male,23,IT,1,Kolhapur,Middle,86.26,59,50.21,28,9,12,3,10,Apache Spark,19.28,10.7,59.58,51.38,C,5.62,29.38,44.13,72.43,24.35,No,Not Placed,0,Poor
102950,Student_102950,Other,22,Cyber Security,2,Nashik,High,65.58,40,12.1,20,11,13,4,6,NLP,15.01,19.41,58.9,53.65,C,4.91,41.97,42.03,55.3,37.73,No,Not Placed,0,Poor
102951,Student_102951,Male,20,CSE,4,Nagpur,Lower Middle,72.89,41,41.86,29,11,13,9,8,Statistics,32.38,13.88,76.59,71.84,A,7.12,48.47,64.48,72.72,65.25,No,Not Placed,0,Good
102952,Student_102952,Other,19,IT,7,Mumbai,Lower Middle,78.38,37,48.18,30,11,11,9,10,NLP,33.65,19.04,79.43,77.65,A,7.7,75.84,74.25,77.17,84.76,No,Not Placed,0,Good
102953,Student_102953,Other,23,CSE,3,Kolhapur,Lower Middle,56.17,18,43.1,24,5,7,3,2,NLP,24.3,16.46,59.68,59.05,B,5.66,47.84,60.94,62.04,35.95,No,Not Placed,0,Average
102954,Student_102954,Male,22,ECE,5,Satara,High,52.88,7,28.77,4,3,4,0,2,Deep Learning,12.44,19.44,60.2,52.39,C,5.14,56.74,35.03,29.76,24.78,No,Not Placed,0,Poor
102955,Student_102955,Other,22,CSE,6,Satara,High,62.39,16,0,19,5,7,4,3,Big Data,0.8,10.1,44.18,29.42,C,2.83,23.44,21.09,38.07,24.53,No,Not Placed,0,Poor
102956,Student_102956,Male,23,IT,4,Nashik,Low,68.81,43,4.21,27,10,10,5,5,Apache Spark,7.44,3.58,28.13,22.03,C,2.44,3.44,21.46,71.61,8.52,No,Not Placed,0,Poor
102957,Student_102957,Other,24,ECE,8,Pune,High,72.33,32,46.3,21,6,11,4,6,Statistics,17.76,10.49,39.58,40.1,C,3.86,41.56,26.3,64.87,36.15,No,Not Placed,0,Poor
102958,Student_102958,Male,23,Cyber Security,2,Thane,Middle,85.94,62,38.59,33,12,17,8,14,Machine Learning,24.47,26.12,60.74,66.13,B,6.62,45.44,46.3,58.83,58.95,No,Not Placed,0,Average
102959,Student_102959,Other,20,AIML,4,Kolhapur,High,74.12,35,44.5,16,5,7,3,7,Statistics,15.72,15.77,58.44,51.52,C,5.05,42.64,38.94,37.84,61.77,No,Not Placed,0,Poor
102960,Student_102960,Other,18,CSE,2,Nashik,High,67.8,36,54.39,19,9,9,5,5,Deep Learning,23.26,14.95,49.75,52.29,C,4.61,,32.28,43.19,58.97,No,Not Placed,0,Poor
102961,Student_102961,Other,21,ECE,7,Kolhapur,Lower Middle,82.3,31,56.56,18,8,8,5,7,Apache Spark,37.48,30,98.02,97.12,A+,10,95.06,84.66,66.77,80.61,No,Placed,13.61,Excellent
102962,Student_102962,Other,24,CSE,2,Nashik,Upper Middle,72.07,25,20.76,13,4,7,0,0,Apache Spark,20.54,15.49,58.56,55.01,B,5.07,36.81,49.57,44.23,20.75,Yes,Not Placed,0,Average
102963,Student_102963,Female,24,ECE,8,Pune,Middle,74.29,29,44.51,14,7,6,5,6,Apache Spark,23.56,19.85,60.16,60.99,B,6.25,55.16,61.57,67.85,36.66,No,Not Placed,0,Average
102964,Student_102964,Female,20,ECE,1,Thane,Lower Middle,82.85,48,28.69,22,9,13,5,9,Big Data,25.44,21.27,66.9,66.71,B,6.92,56.35,47.87,85.22,57.02,No,Not Placed,0,Average
102965,Student_102965,Other,19,IT,3,Satara,Middle,76.47,15,64.89,17,8,8,5,10,Statistics,39.0,29.34,85.33,91.47,A+,8.88,77.63,70.98,28.89,65.3,No,Placed,6.66,Excellent
102966,Student_102966,,24,CSE,3,Kolhapur,Middle,50.07,20,0,0,3,1,0,1,Statistics,2.99,9.38,43.92,30.46,C,3.24,28.96,52.51,12.58,47.46,Yes,Not Placed,0,Poor
102967,Student_102967,Female,18,Cyber Security,3,Thane,Lower Middle,88.65,61,71.61,33,12,21,6,8,Big Data,14.61,24.4,48.71,51.58,C,4.83,46.4,28.64,86.57,39.29,No,Not Placed,0,Poor
102968,Student_102968,Female,20,CSE,6,Pune,High,63.17,17,56.67,,9,8,3,0,Apache Spark,32.25,21.43,67.99,72.47,A,6.8,55.12,50.08,52.28,20.71,No,Placed,7.5,Good
102969,Student_102969,Female,23,Data Science,4,Pune,Middle,86.38,35,72.27,26,10,10,7,9,Deep Learning,34.44,15.87,76.14,74.48,A,7.7,68.78,77.83,77.98,94.29,Yes,Not Placed,0,Good
102970,Student_102970,Other,25,Data Science,4,Nagpur,Lower Middle,80.91,53,48.49,24,7,12,4,10,Statistics,30.05,25.27,49.61,64.19,B,6.6,46.16,48.71,74.82,45.86,No,Not Placed,0,Average
102971,Student_102971,Female,23,Cyber Security,3,Thane,Low,,18,23.25,7,7,4,2,1,Machine Learning,19.3,20.84,59.95,58.34,B,5.57,62.59,73.29,47.75,39.02,No,Not Placed,0,Average
102972,Student_102972,Male,19,Data Science,2,Pune,,68.58,41,32.13,11,7,6,2,3,Apache Spark,33.33,28.97,78.16,83.39,A,8.23,78.49,59.52,47.0,55.56,No,Not Placed,0,Good
102973,Student_102973,Female,21,CSE,7,Nashik,Low,66.83,31,17.77,13,5,2,2,0,Deep Learning,20.66,18.61,53.04,54.42,C,4.94,54.91,49.75,43.76,76.4,No,Not Placed,0,Poor
102974,Student_102974,Female,22,Cyber Security,4,Mumbai,Lower Middle,67.85,23,300,11,8,7,1,4,Statistics,30.69,17.95,56.46,63.22,B,6.43,43.6,46.59,37.95,35.72,No,Not Placed,0,Average
102975,Student_102975,Other,18,Cyber Security,1,Thane,Low,50.95,19,29.11,12,8,6,3,0,Statistics,,19.54,45.17,51.71,C,5.23,30.64,48.11,44.73,33.68,No,Not Placed,0,Poor
102976,Student_102976,Male,21,AIML,4,Mumbai,Middle,83.45,40,62.29,25,12,16,6,9,Deep Learning,20.69,11.3,61.94,54.02,C,4.99,63.06,41.47,49.32,51.25,No,Not Placed,0,Poor
102977,Student_102977,Other,20,ECE,6,Mumbai,High,43.75,10,0,2,3,0,1,0,Machine Learning,21.14,10.24,40.17,42.76,C,4.32,43.26,72.87,26.65,2.41,No,Not Placed,0,Poor
102978,Student_102978,Other,25,Data Science,3,Nashik,Low,71.95,44,33.9,31,8,15,4,6,Apache Spark,19.86,20.74,67.06,62.25,B,6.38,55.21,47.84,45.73,54.04,Yes,Placed,10.19,Average
102979,Student_102979,Other,18,ECE,1,Nashik,Middle,83.95,54,69.5,25,10,16,7,7,NLP,30.76,27.58,79.82,81.37,A,7.81,75.42,65.18,80.82,100,Yes,Placed,4.88,Good
102980,Student_102980,Female,25,ECE,5,Nashik,Upper Middle,90.18,56,54.15,35,12,15,6,15,Machine Learning,25.07,16.44,64.05,61.79,B,6.2,36.98,29.46,99.21,49.34,Yes,Not Placed,0,Average
102981,Student_102981,Male,21,ECE,4,Mumbai,Low,57.51,29,37.71,21,7,11,0,2,Deep Learning,27.1,20.8,60.8,64.59,B,6.54,44.2,47.26,34.24,64.44,No,Not Placed,0,Average
102982,Student_102982,Male,24,Data Science,4,Nagpur,Middle,47.45,11,,6,4,1,0,0,Deep Learning,3.05,6.37,12.63,12.85,C,1.23,0,20.23,19.7,0,No,Not Placed,0,Poor
102983,Student_102983,Other,25,CSE,1,Pune,Upper Middle,76.61,43,43.96,13,10,12,9,8,Machine Learning,22.19,20.61,68.0,64.38,B,6.22,41.77,57.37,65.31,53.38,No,Not Placed,0,Average
102984,Student_102984,Other,23,Data Science,5,Thane,Middle,65.25,45,16.02,18,6,12,4,7,NLP,16.87,13.97,34.19,39.06,C,4.02,17.76,25.2,53.84,26.56,No,Not Placed,0,Poor
102985,Student_102985,Other,21,IT,3,Nagpur,Low,48.37,7,5.52,10,1,6,4,0,Deep Learning,16.87,9.95,44.94,41.76,C,4.18,25.54,50.09,51.39,44.11,No,Not Placed,0,Poor
102986,Student_102986,Female,19,CSE,7,Mumbai,Low,75.75,34,51.41,22,5,14,2,6,NLP,24.49,11.83,48.47,50.49,C,4.8,57.13,35.21,,43.61,Yes,Not Placed,0,Poor
102987,Student_102987,Male,23,Data Science,2,Nashik,High,82.35,62,58.14,30,10,15,5,10,NLP,17.65,22.47,30.94,43.69,C,4.35,47.95,1.28,60.19,61.63,Yes,Not Placed,0,Poor
102988,Student_102988,Female,24,CSE,1,Kolhapur,Low,87.42,55,63.2,28,8,14,5,11,NLP,29.1,19.98,67.34,68.81,B,6.76,40.52,56.23,83.12,54.1,Yes,Not Placed,0,Average
102989,Student_102989,Male,21,Data Science,7,Thane,Low,77.02,43,30.18,17,12,11,7,7,Big Data,23.39,19.03,44.59,52.53,C,5.09,39.87,29.35,51.17,,Yes,Not Placed,0,Poor
102990,Student_102990,,23,ECE,1,Pune,Upper Middle,72.3,51,33.04,24,8,11,5,4,Machine Learning,24.52,18.87,69.05,65.5,B,6.71,57.02,45.67,54.31,35.28,No,Not Placed,0,Average
102991,Student_102991,Male,22,Data Science,4,Pune,Middle,62.72,30,420,11,5,10,4,2,Big Data,25.19,24.18,61.68,65.86,B,6.52,63.43,44.49,59.26,27.54,No,Not Placed,0,Average
102992,Student_102992,Other,19,AIML,6,Mumbai,Low,73.67,12,36.53,18,5,10,2,4,NLP,28.15,21.61,68.4,69.72,B,7.09,85.15,91.01,36.96,54.5,No,Not Placed,0,Average
102993,Student_102993,Female,18,IT,6,Pune,Upper Middle,74.49,38,31.82,26,9,9,4,5,Big Data,23.17,12.54,43.0,47.24,C,4.47,33.51,47.61,44.41,39.62,No,Not Placed,0,Poor
102994,Student_102994,Male,20,AIML,4,Kolhapur,Lower Middle,87.52,10,38.51,18,7,6,1,3,Machine Learning,40,21.92,84.46,86.85,A+,8.76,53.8,73.13,74.64,64.66,Yes,Not Placed,0,Excellent
102995,Student_102995,Female,25,AIML,1,Satara,Upper Middle,82.52,27,48.78,23,8,11,4,6,Apache Spark,27.84,17.62,67.18,66.21,B,6.6,80.58,72.83,52.37,48.37,Yes,Not Placed,0,Average
102996,Student_102996,Other,24,AIML,5,Pune,Upper Middle,,45,54.98,25,9,15,6,12,Big Data,26.13,18.5,57.64,60.76,B,6.2,40.73,44.57,65.56,59.85,No,Not Placed,0,Average
102997,Student_102997,Other,20,IT,7,Thane,High,82.75,32,69.2,26,12,13,7,9,Big Data,34.79,23.59,91.91,87.77,A+,9.0,80.78,40.25,75.07,75.4,Yes,Placed,13.83,Excellent
102998,Student_102998,Male,24,Data Science,4,Nashik,Low,71.78,30,46.44,15,9,11,4,7,Big Data,33.19,30,91.28,90.53,A+,8.81,84.59,60.7,47.29,47.83,No,Not Placed,0,Excellent
102999,Student_102999,Female,25,Data Science,1,Mumbai,Upper Middle,56.3,38,0,17,7,12,3,8,Deep Learning,8.27,1.68,14.45,14.54,C,1.16,0,,58.0,0,No,Not Placed,0,Poor
103000,Student_103000,Female,21,AIML,5,Nashik,Low,75.2,40,43.37,19,10,7,1,3,Big Data,25.97,13.84,54.67,56.04,B,5.51,35.73,33.32,44.32,29.32,No,Not Placed,0,Average
100262,Student_100262,Male,24,AIML,3,Kolhapur,Upper Middle,75.04,24,20.64,18,8,8,5,7,Machine Learning,22.62,19.43,64.43,62.14,B,6.03,42.53,22.32,69.1,50.01,No,Not Placed,0,Average
101799,Student_101799,Other,24,Cyber Security,5,Mumbai,Lower Middle,56.52,19,15.47,8,6,7,2,5,Deep Learning,18.53,7.04,39.35,38.27,C,3.53,29.94,45.0,37.04,11.69,No,Not Placed,0,Poor
100231,Student_100231,Male,25,IT,7,Nagpur,Upper Middle,74.37,34,67.36,21,10,9,3,6,Big Data,,24.82,59.3,71.3,A,6.79,60.51,53.57,55.74,60.18,No,Not Placed,0,Good
100690,Student_100690,Female,21,Data Science,3,Nagpur,High,76.48,43,55.25,22,8,6,4,4,Statistics,25.23,16.29,66.86,63.22,B,5.89,56.87,47.09,76.31,44.25,No,Not Placed,0,Average
101217,Student_101217,Male,22,ECE,7,Kolhapur,,68.29,25,52.91,22,7,9,0,3,Apache Spark,35.48,24.82,58.95,72.63,A,7.29,67.72,48.95,,49.23,No,Not Placed,0,Good
102769,Student_102769,Male,22,CSE,3,Pune,Lower Middle,72.13,25,71.2,19,9,12,1,5,Machine Learning,18.81,17.05,60.82,55.89,B,5.31,42.38,33.59,86.86,61.65,Yes,Not Placed,0,Average
102007,Student_102007,Male,24,CSE,7,Mumbai,Upper Middle,75.5,13,500,20,6,7,0,6,Big Data,17.21,13.25,,51.36,C,5.5,53.84,74.45,35.34,33.82,No,Not Placed,0,Poor
100731,Student_100731,Other,19,ECE,5,Nagpur,Middle,75.96,27,45.67,26,10,15,5,9,Big Data,22.03,15.96,55.67,55.0,B,5.44,38.79,33.97,61.63,38.76,No,Not Placed,0,Average
101205,Student_101205,Other,18,CSE,2,Pune,Low,82.45,43,47.44,22,8,13,5,7,Apache Spark,33.99,27.45,71.74,79.66,A,8.1,78.11,48.62,69.21,68.24,Yes,Placed,13.69,Good
101269,Student_101269,Male,18,Data Science,4,Nagpur,Upper Middle,71.71,20,45.52,24,4,7,1,6,Statistics,20.29,23.66,52.51,57.25,B,5.42,41.76,51.14,66.88,48.07,Yes,Not Placed,0,Average
100525,Student_100525,Other,22,ECE,6,Nagpur,Low,90.22,55,66.35,31,12,14,12,11,Machine Learning,39.84,27.36,61.0,78.62,A,8.53,58.49,64.13,79.87,88.8,No,Placed,11.05,Good
100426,Student_100426,Female,24,AIML,2,Mumbai,High,59.04,35,42.56,28,8,9,4,2,Apache Spark,18.48,19.48,55.01,54.34,C,5.25,32.71,32.74,41.13,32.11,No,Not Placed,0,Poor
102329,Student_102329,Female,25,Data Science,6,Kolhapur,Upper Middle,71.14,33,31.02,19,9,10,3,6,NLP,27.71,22.03,55.75,63.35,B,6.36,67.93,73.62,74.34,40.29,Yes,Placed,3.84,Average
102443,Student_102443,Other,18,CSE,6,Nagpur,Middle,72.58,56,19.69,25,9,8,4,12,NLP,15.78,18.84,49.35,49.07,C,5.04,42.5,44.65,73.01,65.16,Yes,Not Placed,0,Poor
101892,Student_101892,Other,18,Cyber Security,7,Thane,High,87.29,59,94.9,35,12,14,10,10,Statistics,29.98,27.96,67.13,74.69,A,7.66,92.74,,91.13,93.58,Yes,Placed,3.03,Good
102034,Student_102034,Female,23,IT,8,,Low,67.32,20,38.22,14,9,5,5,4,Statistics,30.68,23.24,67.68,72.34,A,7.08,100,82.56,38.2,63.54,No,Not Placed,0,Good
101542,Student_101542,Male,21,IT,4,Nashik,Middle,70.18,24,6.4,15,5,6,4,7,Machine Learning,24.28,28.2,54.18,64.09,B,6.53,48.16,60.6,26.31,40.56,No,Not Placed,0,Average
102760,Student_102760,Other,20,IT,5,Thane,Low,80.99,36,48.53,21,7,7,3,6,Deep Learning,27.8,26.25,77.96,77.34,A,7.84,81.49,80.65,54.32,77.9,Yes,Placed,10.06,Good
102794,Student_102794,Other,19,Cyber Security,7,Nashik,Lower Middle,63.68,25,26.11,17,7,3,0,4,Apache Spark,26.25,14.6,47.7,53.28,C,5.29,65.71,33.86,56.38,54.66,No,Not Placed,0,Poor
102932,Student_102932,Male,25,ECE,6,Mumbai,High,75.04,36,28.65,22,7,10,5,8,Machine Learning,12.8,12.08,60.75,48.03,C,5.06,36.63,63.09,35.42,39.35,Yes,Not Placed,0,Poor
101153,Student_101153,Male,18,ECE,1,Thane,Middle,71.6,34,34.96,22,9,9,7,9,Apache Spark,25.03,11.76,69.32,61.28,B,6.3,88.16,61.24,50.05,55.2,No,Not Placed,0,Average
101602,Student_101602,Male,22,Cyber Security,2,,Middle,95.19,59,79.1,46,12,18,11,16,NLP,25.54,28.8,89.09,82.9,A,8.52,96.95,67.8,96.53,85.69,No,Placed,11.08,Good
102789,Student_102789,Male,20,IT,8,Nagpur,Middle,56.27,21,14.8,18,6,7,2,1,NLP,15.96,4.04,44.46,36.9,C,3.56,44.4,30.99,28.44,5.69,No,Not Placed,0,Poor
102668,Student_102668,Other,24,AIML,7,Kolhapur,Low,73.25,18,21.47,22,9,10,0,0,Deep Learning,18.53,11.02,55.42,48.95,C,4.11,59.84,39.69,45.88,35.82,No,Not Placed,0,Poor
102447,Student_102447,Male,21,AIML,3,Pune,High,81.47,45,29.98,36,9,8,2,8,Apache Spark,30.6,12.3,67.03,64.67,B,6.3,59.43,69.24,56.87,56.11,No,Not Placed,0,Average
102506,Student_102506,Male,21,ECE,3,Nagpur,High,78.59,31,34.5,11,8,8,5,4,Deep Learning,33.33,23.1,64.43,72.62,A,7.12,60.89,45.94,43.87,57.95,Yes,Placed,4.61,Good
100826,Student_100826,Female,19,CSE,3,Mumbai,,71.77,37,50.41,21,8,10,4,5,NLP,30.47,23.45,67.91,72.44,A,7.04,60.88,56.84,43.33,62.99,No,Not Placed,0,Good
100263,Student_100263,Male,25,Data Science,6,Satara,,60.9,23,26.44,9,6,3,1,0,Statistics,15.24,9.51,41.76,38.65,C,3.93,40.02,44.94,21.19,63.89,No,Not Placed,0,Poor
101422,Student_101422,Female,18,Data Science,4,Kolhapur,Middle,88.4,33,64.98,22,4,9,2,4,Deep Learning,28.73,26.71,95.63,87.17,A+,8.76,91.21,65.93,90.13,100,Yes,Placed,7.61,Excellent
100294,Student_100294,Male,21,Data Science,8,Nashik,Middle,66.99,31,14.0,12,6,9,2,5,Machine Learning,27.14,17.2,55.25,59.44,B,6.46,46.2,11.29,36.09,43.96,Yes,Not Placed,0,Average
101591,Student_101591,Male,19,IT,3,Pune,Lower Middle,62.6,25,17.56,14,3,8,0,2,Big Data,24.13,11.15,56.23,53.65,C,5.81,33.98,51.01,57.55,32.39,No,Not Placed,0,Poor
101730,Student_101730,Other,18,ECE,4,Nagpur,High,74.83,28,23.58,19,7,7,5,6,Deep Learning,22.12,13.01,52.01,51.26,C,5.27,52.27,23.31,73.93,37.31,No,Not Placed,0,Poor
101800,Student_101800,Female,24,ECE,6,Nagpur,Middle,86.17,66,48.56,28,12,17,9,12,Big Data,22.36,16.26,60.88,58.05,B,6.15,25.87,43.67,75.29,37.84,No,Not Placed,0,Average
100833,Student_100833,Female,24,Data Science,3,Kolhapur,Low,81.84,24,54.09,18,8,10,2,4,NLP,35.53,21.58,81.19,81.63,A,8.32,74.65,81.16,56.21,53.35,Yes,Placed,6.79,Good
100612,Student_100612,Other,19,CSE,8,Nashik,Middle,90.19,60,72.24,34,10,18,6,11,Statistics,26.54,23.86,65.01,68.32,B,6.73,62.38,58.39,51.59,,No,Not Placed,0,Average
101228,Student_101228,Other,18,ECE,8,Kolhapur,High,69.91,24,42.54,19,5,8,2,1,Machine Learning,23.93,17.96,46.58,53.22,C,5.47,49.87,36.44,61.5,52.56,No,Not Placed,0,Poor
101816,Student_101816,Female,19,Data Science,1,Nashik,Middle,77.41,24,64.67,22,9,7,3,3,Apache Spark,37.22,28.82,72.7,83.48,A,8.09,82.43,79.52,61.13,45.66,Yes,Not Placed,0,Good
102198,Student_102198,Other,18,Cyber Security,5,Kolhapur,Low,64.94,46,,13,5,7,3,5,Apache Spark,14.09,8.71,38.89,35.82,C,3.22,10.28,42.05,61.44,29.41,Yes,Not Placed,0,Poor
102336,Student_102336,Other,18,AIML,6,Mumbai,Upper Middle,54.3,7,0,4,3,5,0,0,Deep Learning,,0,11.54,5.77,C,0.79,0,0,41.51,0,No,Not Placed,0,Poor
102177,Student_102177,Female,18,Data Science,8,Pune,High,84.29,45,84.45,28,7,9,4,10,Apache Spark,,29.18,99.06,97.28,A+,9.93,81.35,88.77,61.33,80.14,Yes,Placed,11.37,Excellent
102738,Student_102738,Other,18,AIML,1,Nagpur,Middle,79.83,52,50.29,27,9,9,7,10,Deep Learning,26.2,17.78,71.85,67.42,B,6.73,92.27,44.67,66.02,71.34,No,Not Placed,0,Average
102416,Student_102416,Other,21,AIML,6,Pune,Upper Middle,60.51,19,17.3,10,5,2,0,1,Statistics,15.93,15.61,46.96,45.83,C,4.51,30.92,,13.85,49.73,No,Not Placed,0,Poor
100043,Student_100043,Male,21,AIML,2,Pune,Lower Middle,85.24,46,48.71,19,10,12,5,9,Apache Spark,32.31,20.45,50.58,63.16,B,6.24,68.45,52.34,,57.87,No,Placed,5.83,Average
101989,Student_101989,Male,21,CSE,3,Pune,Upper Middle,79.6,35,67.27,27,9,14,4,6,Apache Spark,36.33,27.52,83.98,87.58,A+,8.36,65.85,82.42,69.25,,Yes,Placed,9.57,Excellent
101009,Student_101009,Male,24,IT,1,Thane,Lower Middle,80.51,45,65.03,29,12,10,3,7,NLP,26.23,20.01,75.59,70.8,A,7.02,55.87,56.94,74.11,40.07,Yes,Placed,7.27,Good
101706,Student_101706,Male,25,AIML,6,Thane,Low,90.01,62,60.03,26,12,15,6,9,Machine Learning,25.42,18.91,60.67,62.01,B,6.61,36.89,52.42,86.44,67.16,No,Not Placed,0,Average
101929,Student_101929,Other,21,IT,6,Kolhapur,Middle,73.11,35,57.75,26,10,13,6,5,Apache Spark,21.81,20.96,52.26,56.46,B,5.47,,50.38,59.0,,No,Not Placed,0,Average
102137,Student_102137,Male,18,CSE,8,Thane,Upper Middle,81.79,32,55.11,,10,7,2,6,Apache Spark,37.84,30,72.44,84.6,A,8.73,92.8,89.29,48.59,71.29,No,Not Placed,0,Good
100507,Student_100507,Male,23,IT,2,Pune,Low,80.99,43,55.96,20,10,13,4,8,NLP,18.63,21.46,40.33,48.44,C,5.19,38.1,50.98,78.19,41.07,Yes,Not Placed,0,Poor
101990,Student_101990,Other,22,ECE,4,Kolhapur,Low,72.75,25,36.82,13,5,9,2,4,Machine Learning,28.9,25.87,70.28,74.06,A,7.44,40.31,53.18,49.33,36.69,Yes,Not Placed,0,Good
102373,Student_102373,Female,18,Cyber Security,1,,Lower Middle,69.42,33,58.35,22,10,12,1,7,Big Data,27.08,16.42,56.0,59.26,B,6.27,53.6,41.1,43.96,40.24,No,Not Placed,0,Average
101147,Student_101147,Other,22,CSE,5,Nagpur,Lower Middle,58.22,0,9.2,6,2,5,0,0,Statistics,25.91,16.78,56.41,58.82,B,6.16,48.1,52.93,35.17,48.93,No,Not Placed,0,Average
101995,Student_101995,Other,21,Data Science,4,Nagpur,Middle,77.35,41,52.65,20,9,7,4,5,Statistics,21.55,25.37,36.77,51.46,C,5.54,58.88,61.73,33.28,86.82,No,Not Placed,0,Poor
102398,Student_102398,Female,24,Cyber Security,1,Kolhapur,Lower Middle,74.76,40,12.49,24,8,9,2,6,Big Data,2.13,8.51,41.93,28.23,C,2.92,18.39,32.33,51.52,24.99,No,Not Placed,0,Poor
101026,Student_101026,Female,21,Data Science,5,Kolhapur,Upper Middle,68.44,28,33.68,10,5,6,4,5,Apache Spark,,22.36,79.65,78.89,A,7.32,67.82,89.79,42.2,71.55,No,Not Placed,0,Good
100323,Student_100323,Male,22,Data Science,8,Thane,Middle,73.53,25,,26,8,11,6,4,Statistics,32.2,9.68,59.18,60.19,B,6.28,64.72,60.52,36.29,33.39,No,Not Placed,0,Average
101041,Student_101041,Other,23,ECE,3,Kolhapur,Middle,73.14,18,31.48,14,4,5,2,4,Machine Learning,26.45,23.35,62.59,66.69,B,6.89,49.24,65.59,37.49,48.72,No,Not Placed,0,Average
101289,Student_101289,Female,23,ECE,7,Nagpur,Upper Middle,81.46,37,74.26,28,12,15,7,11,Deep Learning,26.77,25.48,90.48,82.31,A,8.61,76.21,43.2,77.59,87.61,No,Not Placed,0,Good
101740,Student_101740,Other,20,AIML,2,Mumbai,High,69.97,41,29.18,26,9,7,5,4,Deep Learning,16.49,17.61,39.15,43.68,C,4.16,27.9,25.13,41.06,28.22,No,Not Placed,0,Poor
100469,Student_100469,Female,25,AIML,1,Satara,Low,,57,66.74,34,12,17,9,12,Machine Learning,31.14,30,,82.29,A,8.29,75.02,61.37,90.6,87.54,No,Placed,12.45,Good
102637,Student_102637,Male,19,CSE,4,Satara,High,77.73,36,37.71,17,9,11,3,7,Apache Spark,30.35,20.21,69.01,70.74,A,7.83,45.63,45.53,72.83,37.92,No,Not Placed,0,Good
100478,Student_100478,Other,23,Data Science,6,Pune,Lower Middle,70.61,38,51.1,24,8,13,7,7,NLP,33.5,27.5,79.47,83.2,A,8.74,52.89,52.11,57.54,97.87,Yes,Placed,10.17,Good
101928,Student_101928,Female,25,IT,6,Mumbai,Upper Middle,74.86,49,54.33,19,6,8,8,7,Apache Spark,25.79,9.02,71.53,61.12,B,6.01,49.04,48.52,51.57,50.74,No,Not Placed,0,Average
101001,Student_101001,Male,22,ECE,3,Satara,Upper Middle,88.88,50,55.7,24,12,10,7,8,Big Data,30.04,28.22,,68.88,B,7.32,42.01,56.49,75.85,59.9,No,Not Placed,0,Average
102264,Student_102264,Other,20,Cyber Security,2,Thane,Upper Middle,61.75,12,35.66,17,7,9,0,7,Apache Spark,22.04,24.47,62.19,63.94,B,6.33,60.65,51.3,59.43,61.49,No,Not Placed,0,Average
101401,Student_101401,Female,22,ECE,8,Kolhapur,Middle,,47,62.16,31,11,19,6,10,Statistics,,21.66,77.39,80.34,A,8.06,78.39,59.88,84.41,90.32,No,Placed,9.94,Good
101786,Student_101786,Other,22,CSE,5,Nagpur,Upper Middle,,23,49.24,21,9,10,2,6,Statistics,23.91,16.55,56.77,57.35,B,5.73,60.74,47.53,19.18,57.52,No,Not Placed,0,Average
101028,Student_101028,Other,23,CSE,5,,Low,80.63,44,65.83,26,7,10,3,10,Big Data,33.2,27.39,95.35,90.84,A+,9.13,88.68,87.91,53.96,93.42,No,Placed,7.75,Excellent
100107,Student_100107,Male,22,IT,5,Pune,Low,75.17,41,19.66,16,9,7,0,1,Machine Learning,22.52,13.88,45.33,48.81,C,5.4,43.37,38.31,57.7,8.02,No,Not Placed,0,Poor
102353,Student_102353,Male,21,IT,7,Kolhapur,Low,69.86,33,41.8,22,5,10,5,2,Deep Learning,21.42,21.16,63.55,61.94,B,6.02,54.33,41.64,42.16,42.99,Yes,Not Placed,0,Average
101086,Student_101086,Other,24,Data Science,4,Mumbai,Low,80.93,42,7.04,23,10,16,3,9,Machine Learning,11.83,11.35,37.55,35.21,C,3.62,5.07,2.71,58.9,41.45,No,Not Placed,0,Poor
101171,Student_101171,Other,24,Data Science,4,Satara,Low,77.11,46,47.63,25,10,7,8,12,Machine Learning,29.4,21.54,65.51,69.17,B,6.98,47.8,45.17,50.36,58.34,Yes,Not Placed,0,Average
100865,Student_100865,Female,24,Data Science,3,Pune,Low,82.23,41,62.23,25,6,14,4,6,Big Data,38.76,28.78,95.08,95.8,A+,9.61,93.63,81.17,,59.89,Yes,Placed,4.76,Excellent
102776,Student_102776,Other,25,CSE,8,Kolhapur,High,76.58,45,62.11,21,9,11,7,12,Deep Learning,29.29,27.83,72.47,76.75,A,7.71,82.74,70.59,59.13,61.79,No,Not Placed,0,Good
100190,Student_100190,Female,22,AIML,5,Nagpur,Middle,55.22,24,19.86,13,3,9,5,3,Apache Spark,25.47,19.91,48.71,56.73,B,5.83,49.1,17.78,39.49,46.06,No,Not Placed,0,Average
100219,Student_100219,Female,23,ECE,1,Pune,Upper Middle,77.05,22,32.55,26,10,9,5,6,Big Data,21.48,20.9,52.55,56.32,B,5.57,47.88,37.5,60.25,40.2,No,Not Placed,0,Average
100464,Student_100464,Female,19,ECE,2,Nashik,Lower Middle,77.02,24,46.91,18,9,9,2,1,Machine Learning,40,30,85.24,92.62,A+,9.24,96.75,77.66,54.7,69.5,No,Placed,11.31,Excellent
100419,Student_100419,Male,21,Data Science,1,Kolhapur,Upper Middle,53.55,21,6.41,10,4,7,1,1,Machine Learning,23.07,17.17,62.97,60.24,B,6.32,54.46,49.18,18.88,25.69,Yes,Not Placed,0,Average
100439,Student_100439,Male,23,Data Science,3,Kolhapur,Lower Middle,74.65,47,75.05,19,8,10,5,8,Big Data,34.75,26.82,77.29,82.59,A,8.22,54.72,48.43,58.85,43.75,Yes,Not Placed,0,Good
102278,Student_102278,Other,22,Data Science,6,Thane,Lower Middle,79.97,39,52.03,27,11,14,5,9,Deep Learning,17.12,20.67,55.28,54.26,C,4.93,38.82,29.33,67.68,61.01,No,Not Placed,0,Poor
100260,Student_100260,Male,19,Cyber Security,2,Kolhapur,High,98,53,81.47,38,12,11,10,11,Statistics,35.72,25.83,81.06,84.54,A,8.54,69.08,45.42,77.22,82.53,Yes,Placed,6.69,Good
100968,Student_100968,Male,20,Cyber Security,4,Nagpur,Lower Middle,98,57,69.45,33,12,14,7,10,Machine Learning,31.88,25.45,73.2,77.47,A,8.06,60.18,66.09,92.02,94.05,Yes,Placed,6.8,Good
100258,Student_100258,Male,24,Cyber Security,1,Nagpur,High,80.27,28,55.99,23,11,12,3,5,Big Data,28.49,19.75,50.45,59.76,B,5.72,47.94,62.28,71.83,53.3,No,Not Placed,0,Average
100050,Student_100050,Other,20,CSE,5,Pune,Middle,70.34,57,55.94,32,7,12,7,8,NLP,,18.06,45.18,49.33,C,4.88,26.49,27.39,49.48,27.8,No,Not Placed,0,Poor
101693,Student_101693,Male,19,AIML,8,,Middle,86.69,24,58.59,18,9,7,3,7,Apache Spark,30.07,14.5,68.54,66.49,B,6.7,41.49,53.23,46.5,27.03,No,Not Placed,0,Average
100853,Student_100853,Female,19,CSE,8,Thane,Middle,78.87,33,30.46,13,7,7,4,7,Statistics,25.67,12.45,55.27,55.18,B,6.01,35.11,34.6,53.36,16.59,No,Not Placed,0,Average
101465,Student_101465,Female,25,AIML,6,Pune,Low,74.84,32,21.53,15,6,10,5,6,NLP,28.01,17.48,64.69,65.0,B,6.56,47.96,58.65,72.84,45.53,No,Not Placed,0,Average
100608,Student_100608,Male,23,Cyber Security,1,Satara,Low,78.98,34,55.1,24,9,14,4,9,Statistics,28.33,28.28,62.18,71.19,A,7.22,75.7,47.99,43.81,57.11,No,Not Placed,0,Good
101371,Student_101371,Other,18,ECE,2,Nagpur,Low,57.62,8,13.91,10,5,5,2,5,Statistics,25.29,16.31,60.32,60.0,B,5.83,53.62,54.74,49.74,22.96,Yes,Not Placed,0,Average
100913,Student_100913,Other,20,Data Science,5,Nashik,Low,68.77,32,30.87,20,9,8,1,8,Machine Learning,17.28,11.93,45.69,43.75,C,4.74,49.44,27.46,59.49,29.5,Yes,Placed,10.63,Poor
101294,Student_101294,Male,22,ECE,1,Kolhapur,High,62.03,31,3.5,12,8,9,2,4,Machine Learning,4.95,15.42,44.17,36.07,C,3.23,16.45,49.49,43.52,25.82,No,Not Placed,0,Poor
102817,Student_102817,Other,23,Data Science,4,Nagpur,High,84.22,56,67.98,37,12,15,8,11,Apache Spark,24.14,20.49,59.11,61.32,B,5.68,60.45,48.02,47.46,63.19,No,Not Placed,0,Average
100327,Student_100327,Male,18,Cyber Security,1,Satara,High,68.75,48,67.41,34,12,13,9,12,Machine Learning,32.8,22.3,87.08,83.01,A,8.2,75.78,52.58,76.51,71.85,No,Placed,11.62,Good
102475,Student_102475,Male,24,IT,5,Mumbai,Upper Middle,53.32,26,16.08,5,5,6,3,1,Statistics,11.38,7.86,38.85,33.2,C,3.27,31.14,30.4,18.96,11.36,No,Not Placed,0,Poor
101231,Student_101231,Other,21,AIML,1,Nashik,Low,67.05,30,21.82,13,8,9,1,3,Machine Learning,25.26,24.22,51.73,60.95,B,6.02,49.43,,45.45,24.02,Yes,Not Placed,0,Average
100755,Student_100755,Male,21,Cyber Security,3,Pune,High,62.19,6,41.67,23,9,10,6,8,Statistics,17.97,19.02,36.27,44.29,C,4.34,17.15,30.98,32.61,40.43,No,Not Placed,0,Poor
100531,Student_100531,Male,21,Data Science,7,Mumbai,Upper Middle,,53,70.11,32,12,15,6,12,Machine Learning,33.24,15.13,94.6,82.32,A,7.86,91.34,48.63,70.99,91.93,No,Not Placed,0,Good
101162,Student_101162,Male,19,CSE,1,Thane,High,73.26,27,31.92,14,4,1,3,2,Deep Learning,27.61,20.06,63.31,65.74,B,6.05,51.75,38.55,50.89,70.92,No,Not Placed,0,Average
102265,Student_102265,Other,25,IT,7,Nagpur,Upper Middle,69.8,24,13.59,26,5,13,5,8,Statistics,24.76,18.39,44.67,53.16,C,5.46,65.0,42.7,40.91,49.96,No,Not Placed,0,Poor
101558,Student_101558,Male,19,IT,1,Thane,Upper Middle,64.36,30,18.69,9,3,8,2,3,Big Data,12.3,9.57,,41.76,C,4.89,46.24,26.29,36.15,39.99,No,Not Placed,0,Poor
101579,Student_101579,Other,23,CSE,3,Satara,Middle,5,49,78.42,23,12,13,4,4,NLP,40,22.45,71.63,80.78,A,8.23,63.17,65.23,55.67,74.93,No,Not Placed,0,Good
101142,Student_101142,Male,24,CSE,3,Kolhapur,Middle,72.66,31,57.57,20,11,10,3,10,Statistics,26.56,22.39,61.55,65.62,B,6.52,48.54,79.31,53.67,61.79,Yes,Not Placed,0,Average
100232,Student_100232,Male,22,AIML,1,Nashik,Low,84.0,52,42.12,35,10,10,10,10,Apache Spark,27.6,13.09,48.54,53.69,C,5.12,34.55,45.76,64.43,49.72,No,Not Placed,0,Poor
100287,Student_100287,Other,23,CSE,6,Nashik,Upper Middle,72.54,33,32.16,19,12,12,7,6,NLP,23.29,20.97,66.77,64.84,B,6.74,29.17,42.93,46.75,32.99,No,Not Placed,0,Average
101307,Student_101307,Other,23,AIML,6,Thane,High,86.78,42,46.89,23,9,7,5,9,Deep Learning,34.35,28.84,74.1,82.04,A,7.81,81.67,85.02,49.98,93.64,No,Not Placed,0,Good
102406,Student_102406,Other,24,Cyber Security,7,Satara,Middle,75.62,37,56.27,13,8,9,4,6,Statistics,28.39,27.99,73.0,76.46,A,7.22,67.46,63.22,84.35,81.02,Yes,Placed,6.98,Good
101250,Student_101250,Other,24,Data Science,8,Pune,Middle,78.25,44,,21,8,10,1,9,Big Data,34.74,22.26,72.6,77.19,A,7.34,76.02,65.48,38.98,62.88,No,Not Placed,0,Good
100648,Student_100648,Male,19,Data Science,7,Pune,High,53.4,9,8.68,7,5,8,0,0,Apache Spark,26.37,24.1,61.84,66.76,B,6.49,56.65,50.29,27.05,55.01,No,Not Placed,0,Average
100427,Student_100427,Other,19,IT,6,Nashik,Upper Middle,79.72,27,44.88,18,6,9,1,3,Machine Learning,28.5,29.36,73.18,77.54,A,8.09,61.84,60.28,51.21,54.55,No,Not Placed,0,Good
102127,Student_102127,Other,24,Cyber Security,4,Satara,Lower Middle,69.38,21,27.38,14,10,10,2,5,Big Data,,28.32,72.65,77.1,A,7.37,70.93,65.61,52.3,35.62,No,Not Placed,0,Good
102549,Student_102549,Female,22,IT,8,Pune,Upper Middle,81.69,61,41.73,27,12,12,4,10,Big Data,21.98,24.81,,67.39,B,7.27,71.28,54.13,59.76,62.94,Yes,Not Placed,0,Average
100136,Student_100136,Other,22,AIML,7,Kolhapur,Middle,84.5,45,65.77,26,9,16,4,12,NLP,28.87,19.0,90.05,79.34,A,8.39,83.92,68.4,84.9,55.67,Yes,Placed,11.92,Good
101554,Student_101554,Other,19,Cyber Security,1,Mumbai,Middle,93.31,43,55.14,19,7,9,1,7,Big Data,37.08,25.69,89.78,89.83,A+,8.99,95.27,75.43,48.05,65.7,Yes,Placed,3.81,Excellent
101617,Student_101617,Other,18,AIML,2,Pune,High,68.07,26,28.44,13,10,6,1,0,Apache Spark,22.12,17.57,54.76,55.68,B,5.59,34.88,54.6,54.88,37.0,No,Not Placed,0,Average
102894,Student_102894,Female,22,ECE,2,Mumbai,Lower Middle,62.89,31,37.94,23,7,6,4,6,Big Data,22.97,16.13,59.32,57.64,B,5.86,42.53,87.24,63.64,58.21,Yes,Not Placed,0,Average
102356,Student_102356,Female,24,Cyber Security,4,Nagpur,Lower Middle,85.92,28,62.96,24,10,9,1,5,Apache Spark,35.0,23.97,82.75,83.6,A,8.11,69.56,73.5,63.24,64.77,No,Not Placed,0,Good
102074,Student_102074,Female,22,IT,8,Thane,High,75.46,32,58.31,11,9,9,4,3,Deep Learning,38.2,30,96.41,96.86,A+,10,95.97,81.17,56.86,77.34,Yes,Placed,7.74,Excellent
100283,Student_100283,Female,19,Cyber Security,1,Nashik,Upper Middle,61.26,33,8.19,23,7,11,3,7,Statistics,9.93,14.7,45.55,40.02,C,4.12,30.0,37.56,57.95,2.92,Yes,Not Placed,0,Poor
101679,Student_101679,Male,25,IT,4,Pune,,79.05,62,56.83,21,10,15,8,9,Deep Learning,33.99,30,,80.03,A,7.84,66.94,37.89,56.67,60.43,Yes,Not Placed,0,Good
102219,Student_102219,Male,22,Cyber Security,1,Pune,Lower Middle,98,63,73.26,34,12,13,8,11,Statistics,40,30,96.31,98.16,A+,10.0,100,91.91,56.68,100,No,Placed,3.84,Excellent
